Logging to /home/jaco/school/stage/asi/asi-output/run.log

Benchmarks: ML2 (./libs/benchmarks/ML2/bench), ML2_orig (./libs/benchmarks/ML2_orig/bench), CCl (./libs/benchmarks/CCl/bench), MIP (./libs/benchmarks/MIP/bench), EI (./libs/benchmarks/EI/bench)

Running baseline...
  Area=42.87 mm²  PeakPow=21.21 W
    ML2: Time=17324132 ns
    ML2_orig: Time=2131521 ns
    CCl: Time=187239 ns
    MIP: Time=289706 ns
    EI: Time=142442 ns

=== Initial design (7 points: baseline + 6 random configurations) ===
  [mesmo] baseline                          ASI= 1.0000  S=1.0000  A=  42.87  P= 21.21  [Reference]  [ML2=1.00x, ML2_orig=1.00x, CCl=1.00x, MIP=1.00x, EI=1.00x]
  [mesmo] bpt=pentium_m l1da=4 l1d=16 l1ia=8 l1i=16 l2a=4 l2=128 l3a=4 l3=2048 robc=2 robd=2 robw=256  ASI= 1.3038  S=1.0252  A=  41.63  P= 16.74  [Strongly Sust.]  [ML2=1.16x, ML2_orig=1.00x, CCl=1.00x, MIP=0.98x, EI=0.99x]
  [mesmo] bp=2048 bpt=a53 l1da=4 l1d=32 l1ia=4 l1i=16 l2a=8 l2=128 l3a=8 l3=2048 nhist=3 robc=10 robd=8 robw=1024  ASI=-0.0273  S=1.0331  A= 151.18  P=1187.53  [Unsustainable]  [ML2=1.16x, ML2_orig=1.00x, CCl=1.00x, MIP=1.01x, EI=1.00x]
  [mesmo] bp=2048 bpt=a53 l1da=4 l1d=16 l1ia=8 l1i=16 l2a=4 l2=256 l3a=16 l3=8192 nhist=2 robc=4 robd=10 robw=128  ASI=-0.0337  S=1.1253  A= 117.63  P=468.31  [Unsustainable]  [ML2=1.74x, ML2_orig=1.03x, CCl=1.00x, MIP=1.01x, EI=1.00x]
  [mesmo] bpt=nn l1da=8 l1d=32 l1ia=4 l1i=16 l2a=8 l2=512 l3a=16 l3=2048 nnbl=32 nnlr=0.0005 robc=4 robd=10 robw=1024  ASI=-0.0301  S=1.0417  A= 246.19  P=2632.84  [Unsustainable]  [ML2=1.18x, ML2_orig=1.08x, CCl=1.00x, MIP=1.01x, EI=0.95x]
  [mesmo] bpt=nn l1da=8 l1d=16 l1ia=8 l1i=64 l2a=4 l2=128 l3a=8 l3=2048 nnbl=32 nnlr=0.005 robc=10 robd=8 robw=1024  ASI=-0.0295  S=1.0286  A= 156.58  P=1188.86  [Unsustainable]  [ML2=1.16x, ML2_orig=1.00x, CCl=1.00x, MIP=1.01x, EI=0.98x]
  [mesmo] bp=1024 bpt=a53 l1da=8 l1d=16 l1ia=8 l1i=16 l2a=8 l2=512 l3a=16 l3=8192 nhist=3 robc=10 robd=8 robw=256  ASI=-0.0426  S=1.1407  A= 132.30  P=540.07  [Unsustainable]  [ML2=1.76x, ML2_orig=1.09x, CCl=1.00x, MIP=1.01x, EI=1.00x]

  Pareto front after initial design (5 points, HV=1.3367):
  Params                                  ASI  Speedup     Area  PeakPow  Region
  ──────────────────────────────────────────────────────────────────────────────
  bp=1024 bpt=a53 l1da=8 l1d=16 l1ia=8 l1i=16 l2a=8 l2=512 l3a=16 l3=8192 nhist=3 robc=10 robd=8 robw=256  -0.0426   1.1407   132.30   540.07  Unsustainable
  bp=2048 bpt=a53 l1da=4 l1d=16 l1ia=8 l1i=16 l2a=4 l2=256 l3a=16 l3=8192 nhist=2 robc=4 robd=10 robw=128  -0.0337   1.1253   117.63   468.31  Unsustainable
  bpt=nn l1da=8 l1d=32 l1ia=4 l1i=16 l2a=8 l2=512 l3a=16 l3=2048 nnbl=32 nnlr=0.0005 robc=4 robd=10 robw=1024  -0.0301   1.0417   246.19  2632.84  Unsustainable
  bp=2048 bpt=a53 l1da=4 l1d=32 l1ia=4 l1i=16 l2a=8 l2=128 l3a=8 l3=2048 nhist=3 robc=10 robd=8 robw=1024  -0.0273   1.0331   151.18  1187.53  Unsustainable
  bpt=pentium_m l1da=4 l1d=16 l1ia=8 l1i=16 l2a=4 l2=128 l3a=4 l3=2048 robc=2 robd=2 robw=256   1.3038   1.0252    41.63    16.74  Strongly Sust.
  Ran sniper 6 times this step (6 total).

=== Iteration 1 ===
  Evaluating 1 configuration(s) (top acquisition score of 400 candidates)...
  [mesmo] bp=2048 bpt=a53 l1da=8 l1d=16 l1ia=8 l1i=16 l2a=8 l2=512 l3a=16 l3=8192 nhist=2 robc=10 robd=8 robw=256  ASI=-0.0426  S=1.1407  A= 132.30  P=540.07  [Unsustainable]  [ML2=1.76x, ML2_orig=1.09x, CCl=1.00x, MIP=1.01x, EI=1.00x]
  Deleted 1 non-Pareto output directory.

  Pareto front after iteration 1 (5 points, HV=1.3367):
  Params                                  ASI  Speedup     Area  PeakPow  Region
  ──────────────────────────────────────────────────────────────────────────────
  bp=2048 bpt=a53 l1da=8 l1d=16 l1ia=8 l1i=16 l2a=8 l2=512 l3a=16 l3=8192 nhist=2 robc=10 robd=8 robw=256  -0.0426   1.1407   132.30   540.07  Unsustainable
  bp=2048 bpt=a53 l1da=4 l1d=16 l1ia=8 l1i=16 l2a=4 l2=256 l3a=16 l3=8192 nhist=2 robc=4 robd=10 robw=128  -0.0337   1.1253   117.63   468.31  Unsustainable
  bpt=nn l1da=8 l1d=32 l1ia=4 l1i=16 l2a=8 l2=512 l3a=16 l3=2048 nnbl=32 nnlr=0.0005 robc=4 robd=10 robw=1024  -0.0301   1.0417   246.19  2632.84  Unsustainable
  bp=2048 bpt=a53 l1da=4 l1d=32 l1ia=4 l1i=16 l2a=8 l2=128 l3a=8 l3=2048 nhist=3 robc=10 robd=8 robw=1024  -0.0273   1.0331   151.18  1187.53  Unsustainable
  bpt=pentium_m l1da=4 l1d=16 l1ia=8 l1i=16 l2a=4 l2=128 l3a=4 l3=2048 robc=2 robd=2 robw=256   1.3038   1.0252    41.63    16.74  Strongly Sust.
  Ran sniper 1 time this iteration (7 total).

=== Iteration 2 ===
  Evaluating 1 configuration(s) (top acquisition score of 400 candidates)...
  [mesmo] bpt=pentium_m l1da=4 l1d=16 l1ia=8 l1i=64 l2a=4 l2=128 l3a=4 l3=2048 robc=2 robd=2 robw=256  ASI= 1.2854  S=1.0252  A=  42.29  P= 16.72  [Strongly Sust.]  [ML2=1.16x, ML2_orig=1.00x, CCl=1.00x, MIP=0.98x, EI=0.99x]
  Deleted 1 non-Pareto output directory.

  Pareto front after iteration 2 (5 points, HV=1.3367):
  Params                                  ASI  Speedup     Area  PeakPow  Region
  ──────────────────────────────────────────────────────────────────────────────
  bp=2048 bpt=a53 l1da=8 l1d=16 l1ia=8 l1i=16 l2a=8 l2=512 l3a=16 l3=8192 nhist=2 robc=10 robd=8 robw=256  -0.0426   1.1407   132.30   540.07  Unsustainable
  bp=2048 bpt=a53 l1da=4 l1d=16 l1ia=8 l1i=16 l2a=4 l2=256 l3a=16 l3=8192 nhist=2 robc=4 robd=10 robw=128  -0.0337   1.1253   117.63   468.31  Unsustainable
  bpt=nn l1da=8 l1d=32 l1ia=4 l1i=16 l2a=8 l2=512 l3a=16 l3=2048 nnbl=32 nnlr=0.0005 robc=4 robd=10 robw=1024  -0.0301   1.0417   246.19  2632.84  Unsustainable
  bp=2048 bpt=a53 l1da=4 l1d=32 l1ia=4 l1i=16 l2a=8 l2=128 l3a=8 l3=2048 nhist=3 robc=10 robd=8 robw=1024  -0.0273   1.0331   151.18  1187.53  Unsustainable
  bpt=pentium_m l1da=4 l1d=16 l1ia=8 l1i=16 l2a=4 l2=128 l3a=4 l3=2048 robc=2 robd=2 robw=256   1.3038   1.0252    41.63    16.74  Strongly Sust.
  Ran sniper 1 time this iteration (8 total).

=== Iteration 3 ===
  Evaluating 1 configuration(s) (top acquisition score of 400 candidates)...
  [mesmo] bp=512 bpt=a53 l1da=8 l1d=16 l1ia=8 l1i=16 l2a=8 l2=512 l3a=16 l3=8192 nhist=4 robc=10 robd=8 robw=256  ASI=-0.0426  S=1.1408  A= 132.30  P=540.08  [Unsustainable]  [ML2=1.76x, ML2_orig=1.09x, CCl=1.00x, MIP=1.01x, EI=1.00x]
  Deleted 1 non-Pareto output directory.

  Pareto front after iteration 3 (5 points, HV=1.3367):
  Params                                  ASI  Speedup     Area  PeakPow  Region
  ──────────────────────────────────────────────────────────────────────────────
  bp=512 bpt=a53 l1da=8 l1d=16 l1ia=8 l1i=16 l2a=8 l2=512 l3a=16 l3=8192 nhist=4 robc=10 robd=8 robw=256  -0.0426   1.1408   132.30   540.08  Unsustainable
  bp=2048 bpt=a53 l1da=4 l1d=16 l1ia=8 l1i=16 l2a=4 l2=256 l3a=16 l3=8192 nhist=2 robc=4 robd=10 robw=128  -0.0337   1.1253   117.63   468.31  Unsustainable
  bpt=nn l1da=8 l1d=32 l1ia=4 l1i=16 l2a=8 l2=512 l3a=16 l3=2048 nnbl=32 nnlr=0.0005 robc=4 robd=10 robw=1024  -0.0301   1.0417   246.19  2632.84  Unsustainable
  bp=2048 bpt=a53 l1da=4 l1d=32 l1ia=4 l1i=16 l2a=8 l2=128 l3a=8 l3=2048 nhist=3 robc=10 robd=8 robw=1024  -0.0273   1.0331   151.18  1187.53  Unsustainable
  bpt=pentium_m l1da=4 l1d=16 l1ia=8 l1i=16 l2a=4 l2=128 l3a=4 l3=2048 robc=2 robd=2 robw=256   1.3038   1.0252    41.63    16.74  Strongly Sust.
  Ran sniper 1 time this iteration (9 total).

=== Iteration 4 ===
  Evaluating 1 configuration(s) (top acquisition score of 400 candidates)...
  [mesmo] bpt=pentium_m l1da=4 l1d=16 l1ia=8 l1i=16 l2a=4 l2=128 l3a=4 l3=4096 robc=2 robd=2 robw=256  ASI= 0.8480  S=1.1099  A=  54.07  P= 18.48  [Unsustainable]  [ML2=1.73x, ML2_orig=1.00x, CCl=1.00x, MIP=0.98x, EI=0.99x]
  Deleted 2 non-Pareto output directories.

  Pareto front after iteration 4 (4 points, HV=1.4085):
  Params                                  ASI  Speedup     Area  PeakPow  Region
  ──────────────────────────────────────────────────────────────────────────────
  bp=512 bpt=a53 l1da=8 l1d=16 l1ia=8 l1i=16 l2a=8 l2=512 l3a=16 l3=8192 nhist=4 robc=10 robd=8 robw=256  -0.0426   1.1408   132.30   540.08  Unsustainable
  bp=2048 bpt=a53 l1da=4 l1d=16 l1ia=8 l1i=16 l2a=4 l2=256 l3a=16 l3=8192 nhist=2 robc=4 robd=10 robw=128  -0.0337   1.1253   117.63   468.31  Unsustainable
  bpt=pentium_m l1da=4 l1d=16 l1ia=8 l1i=16 l2a=4 l2=128 l3a=4 l3=4096 robc=2 robd=2 robw=256   0.8480   1.1099    54.07    18.48  Unsustainable
  bpt=pentium_m l1da=4 l1d=16 l1ia=8 l1i=16 l2a=4 l2=128 l3a=4 l3=2048 robc=2 robd=2 robw=256   1.3038   1.0252    41.63    16.74  Strongly Sust.
  Ran sniper 1 time this iteration (10 total).

=== Iteration 5 ===
  Evaluating 1 configuration(s) (top acquisition score of 172 candidates)...
  [mesmo] bpt=pentium_m l1da=4 l1d=16 l1ia=8 l1i=16 l2a=4 l2=128 l3a=4 l3=2048 robc=2 robd=2 robw=64  ASI= 1.3354  S=1.0249  A=  41.46  P= 16.41  [Strongly Sust.]  [ML2=1.16x, ML2_orig=1.00x, CCl=1.00x, MIP=0.98x, EI=0.99x]

  Pareto front after iteration 5 (5 points, HV=1.4409):
  Params                                  ASI  Speedup     Area  PeakPow  Region
  ──────────────────────────────────────────────────────────────────────────────
  bp=512 bpt=a53 l1da=8 l1d=16 l1ia=8 l1i=16 l2a=8 l2=512 l3a=16 l3=8192 nhist=4 robc=10 robd=8 robw=256  -0.0426   1.1408   132.30   540.08  Unsustainable
  bp=2048 bpt=a53 l1da=4 l1d=16 l1ia=8 l1i=16 l2a=4 l2=256 l3a=16 l3=8192 nhist=2 robc=4 robd=10 robw=128  -0.0337   1.1253   117.63   468.31  Unsustainable
  bpt=pentium_m l1da=4 l1d=16 l1ia=8 l1i=16 l2a=4 l2=128 l3a=4 l3=4096 robc=2 robd=2 robw=256   0.8480   1.1099    54.07    18.48  Unsustainable
  bpt=pentium_m l1da=4 l1d=16 l1ia=8 l1i=16 l2a=4 l2=128 l3a=4 l3=2048 robc=2 robd=2 robw=256   1.3038   1.0252    41.63    16.74  Strongly Sust.
  bpt=pentium_m l1da=4 l1d=16 l1ia=8 l1i=16 l2a=4 l2=128 l3a=4 l3=2048 robc=2 robd=2 robw=64   1.3354   1.0249    41.46    16.41  Strongly Sust.
  Ran sniper 1 time this iteration (11 total).

=== Iteration 6 ===
  Evaluating 1 configuration(s) (top acquisition score of 400 candidates)...
  [mesmo] bpt=pentium_m l1da=4 l1d=16 l1ia=8 l1i=16 l2a=4 l2=128 l3a=4 l3=2048 robc=2 robd=2 robw=32  ASI= 1.3544  S=1.0188  A=  41.39  P= 16.20  [Strongly Sust.]  [ML2=1.16x, ML2_orig=1.00x, CCl=0.99x, MIP=0.97x, EI=0.98x]

  Pareto front after iteration 6 (6 points, HV=1.4603):
  Params                                  ASI  Speedup     Area  PeakPow  Region
  ──────────────────────────────────────────────────────────────────────────────
  bp=512 bpt=a53 l1da=8 l1d=16 l1ia=8 l1i=16 l2a=8 l2=512 l3a=16 l3=8192 nhist=4 robc=10 robd=8 robw=256  -0.0426   1.1408   132.30   540.08  Unsustainable
  bp=2048 bpt=a53 l1da=4 l1d=16 l1ia=8 l1i=16 l2a=4 l2=256 l3a=16 l3=8192 nhist=2 robc=4 robd=10 robw=128  -0.0337   1.1253   117.63   468.31  Unsustainable
  bpt=pentium_m l1da=4 l1d=16 l1ia=8 l1i=16 l2a=4 l2=128 l3a=4 l3=4096 robc=2 robd=2 robw=256   0.8480   1.1099    54.07    18.48  Unsustainable
  bpt=pentium_m l1da=4 l1d=16 l1ia=8 l1i=16 l2a=4 l2=128 l3a=4 l3=2048 robc=2 robd=2 robw=256   1.3038   1.0252    41.63    16.74  Strongly Sust.
  bpt=pentium_m l1da=4 l1d=16 l1ia=8 l1i=16 l2a=4 l2=128 l3a=4 l3=2048 robc=2 robd=2 robw=64   1.3354   1.0249    41.46    16.41  Strongly Sust.
  bpt=pentium_m l1da=4 l1d=16 l1ia=8 l1i=16 l2a=4 l2=128 l3a=4 l3=2048 robc=2 robd=2 robw=32   1.3544   1.0188    41.39    16.20  Strongly Sust.
  Ran sniper 1 time this iteration (12 total).

=== Iteration 7 ===
  Evaluating 1 configuration(s) (top acquisition score of 400 candidates)...
  [mesmo] bp=2048 bpt=a53 l1da=8 l1d=16 l1ia=8 l1i=16 l2a=4 l2=512 l3a=16 l3=8192 nhist=3 robc=2 robd=8 robw=512  ASI=-0.0452  S=1.1385  A= 155.84  P=767.93  [Unsustainable]  [ML2=1.76x, ML2_orig=1.09x, CCl=1.00x, MIP=1.01x, EI=0.99x]
  Deleted 1 non-Pareto output directory.

  Pareto front after iteration 7 (6 points, HV=1.4603):
  Params                                  ASI  Speedup     Area  PeakPow  Region
  ──────────────────────────────────────────────────────────────────────────────
  bp=512 bpt=a53 l1da=8 l1d=16 l1ia=8 l1i=16 l2a=8 l2=512 l3a=16 l3=8192 nhist=4 robc=10 robd=8 robw=256  -0.0426   1.1408   132.30   540.08  Unsustainable
  bp=2048 bpt=a53 l1da=4 l1d=16 l1ia=8 l1i=16 l2a=4 l2=256 l3a=16 l3=8192 nhist=2 robc=4 robd=10 robw=128  -0.0337   1.1253   117.63   468.31  Unsustainable
  bpt=pentium_m l1da=4 l1d=16 l1ia=8 l1i=16 l2a=4 l2=128 l3a=4 l3=4096 robc=2 robd=2 robw=256   0.8480   1.1099    54.07    18.48  Unsustainable
  bpt=pentium_m l1da=4 l1d=16 l1ia=8 l1i=16 l2a=4 l2=128 l3a=4 l3=2048 robc=2 robd=2 robw=256   1.3038   1.0252    41.63    16.74  Strongly Sust.
  bpt=pentium_m l1da=4 l1d=16 l1ia=8 l1i=16 l2a=4 l2=128 l3a=4 l3=2048 robc=2 robd=2 robw=64   1.3354   1.0249    41.46    16.41  Strongly Sust.
  bpt=pentium_m l1da=4 l1d=16 l1ia=8 l1i=16 l2a=4 l2=128 l3a=4 l3=2048 robc=2 robd=2 robw=32   1.3544   1.0188    41.39    16.20  Strongly Sust.
  Ran sniper 1 time this iteration (13 total).

=== Iteration 8 ===
  Evaluating 1 configuration(s) (top acquisition score of 400 candidates)...
  [mesmo] bp=2048 bpt=a53 l1da=4 l1d=16 l1ia=8 l1i=16 l2a=4 l2=128 l3a=4 l3=4096 nhist=2 robc=2 robd=2 robw=256  ASI= 0.8480  S=1.1098  A=  54.07  P= 18.48  [Unsustainable]  [ML2=1.73x, ML2_orig=1.00x, CCl=1.00x, MIP=0.98x, EI=0.99x]

  Pareto front after iteration 8 (7 points, HV=1.4603):
  Params                                  ASI  Speedup     Area  PeakPow  Region
  ──────────────────────────────────────────────────────────────────────────────
  bp=512 bpt=a53 l1da=8 l1d=16 l1ia=8 l1i=16 l2a=8 l2=512 l3a=16 l3=8192 nhist=4 robc=10 robd=8 robw=256  -0.0426   1.1408   132.30   540.08  Unsustainable
  bp=2048 bpt=a53 l1da=4 l1d=16 l1ia=8 l1i=16 l2a=4 l2=256 l3a=16 l3=8192 nhist=2 robc=4 robd=10 robw=128  -0.0337   1.1253   117.63   468.31  Unsustainable
  bpt=pentium_m l1da=4 l1d=16 l1ia=8 l1i=16 l2a=4 l2=128 l3a=4 l3=4096 robc=2 robd=2 robw=256   0.8480   1.1099    54.07    18.48  Unsustainable
  bp=2048 bpt=a53 l1da=4 l1d=16 l1ia=8 l1i=16 l2a=4 l2=128 l3a=4 l3=4096 nhist=2 robc=2 robd=2 robw=256   0.8480   1.1098    54.07    18.48  Unsustainable
  bpt=pentium_m l1da=4 l1d=16 l1ia=8 l1i=16 l2a=4 l2=128 l3a=4 l3=2048 robc=2 robd=2 robw=256   1.3038   1.0252    41.63    16.74  Strongly Sust.
  bpt=pentium_m l1da=4 l1d=16 l1ia=8 l1i=16 l2a=4 l2=128 l3a=4 l3=2048 robc=2 robd=2 robw=64   1.3354   1.0249    41.46    16.41  Strongly Sust.
  bpt=pentium_m l1da=4 l1d=16 l1ia=8 l1i=16 l2a=4 l2=128 l3a=4 l3=2048 robc=2 robd=2 robw=32   1.3544   1.0188    41.39    16.20  Strongly Sust.
  Ran sniper 1 time this iteration (14 total).

=== Iteration 9 ===
  Evaluating 1 configuration(s) (top acquisition score of 400 candidates)...
  [mesmo] bpt=nn l1da=8 l1d=16 l1ia=8 l1i=16 l2a=8 l2=512 l3a=16 l3=8192 nnbl=16 nnlr=0.001 robc=10 robd=8 robw=256  ASI=-0.0426  S=1.1357  A= 132.30  P=540.04  [Unsustainable]  [ML2=1.76x, ML2_orig=1.08x, CCl=1.00x, MIP=1.01x, EI=0.99x]
  Deleted 1 non-Pareto output directory.

  Pareto front after iteration 9 (7 points, HV=1.4603):
  Params                                  ASI  Speedup     Area  PeakPow  Region
  ──────────────────────────────────────────────────────────────────────────────
  bp=512 bpt=a53 l1da=8 l1d=16 l1ia=8 l1i=16 l2a=8 l2=512 l3a=16 l3=8192 nhist=4 robc=10 robd=8 robw=256  -0.0426   1.1408   132.30   540.08  Unsustainable
  bp=2048 bpt=a53 l1da=4 l1d=16 l1ia=8 l1i=16 l2a=4 l2=256 l3a=16 l3=8192 nhist=2 robc=4 robd=10 robw=128  -0.0337   1.1253   117.63   468.31  Unsustainable
  bpt=pentium_m l1da=4 l1d=16 l1ia=8 l1i=16 l2a=4 l2=128 l3a=4 l3=4096 robc=2 robd=2 robw=256   0.8480   1.1099    54.07    18.48  Unsustainable
  bp=2048 bpt=a53 l1da=4 l1d=16 l1ia=8 l1i=16 l2a=4 l2=128 l3a=4 l3=4096 nhist=2 robc=2 robd=2 robw=256   0.8480   1.1098    54.07    18.48  Unsustainable
  bpt=pentium_m l1da=4 l1d=16 l1ia=8 l1i=16 l2a=4 l2=128 l3a=4 l3=2048 robc=2 robd=2 robw=256   1.3038   1.0252    41.63    16.74  Strongly Sust.
  bpt=pentium_m l1da=4 l1d=16 l1ia=8 l1i=16 l2a=4 l2=128 l3a=4 l3=2048 robc=2 robd=2 robw=64   1.3354   1.0249    41.46    16.41  Strongly Sust.
  bpt=pentium_m l1da=4 l1d=16 l1ia=8 l1i=16 l2a=4 l2=128 l3a=4 l3=2048 robc=2 robd=2 robw=32   1.3544   1.0188    41.39    16.20  Strongly Sust.
  Ran sniper 1 time this iteration (15 total).

=== Iteration 10 ===
  Evaluating 1 configuration(s) (top acquisition score of 400 candidates)...
  [mesmo] bpt=nn l1da=4 l1d=16 l1ia=8 l1i=16 l2a=4 l2=128 l3a=4 l3=2048 nnbl=16 nnlr=0.001 robc=2 robd=2 robw=32  ASI= 1.3601  S=1.0063  A=  41.39  P= 16.13  [Strongly Sust.]  [ML2=1.16x, ML2_orig=1.00x, CCl=0.96x, MIP=0.97x, EI=0.96x]

  Pareto front after iteration 10 (8 points, HV=1.4660):
  Params                                  ASI  Speedup     Area  PeakPow  Region
  ──────────────────────────────────────────────────────────────────────────────
  bp=512 bpt=a53 l1da=8 l1d=16 l1ia=8 l1i=16 l2a=8 l2=512 l3a=16 l3=8192 nhist=4 robc=10 robd=8 robw=256  -0.0426   1.1408   132.30   540.08  Unsustainable
  bp=2048 bpt=a53 l1da=4 l1d=16 l1ia=8 l1i=16 l2a=4 l2=256 l3a=16 l3=8192 nhist=2 robc=4 robd=10 robw=128  -0.0337   1.1253   117.63   468.31  Unsustainable
  bpt=pentium_m l1da=4 l1d=16 l1ia=8 l1i=16 l2a=4 l2=128 l3a=4 l3=4096 robc=2 robd=2 robw=256   0.8480   1.1099    54.07    18.48  Unsustainable
  bp=2048 bpt=a53 l1da=4 l1d=16 l1ia=8 l1i=16 l2a=4 l2=128 l3a=4 l3=4096 nhist=2 robc=2 robd=2 robw=256   0.8480   1.1098    54.07    18.48  Unsustainable
  bpt=pentium_m l1da=4 l1d=16 l1ia=8 l1i=16 l2a=4 l2=128 l3a=4 l3=2048 robc=2 robd=2 robw=256   1.3038   1.0252    41.63    16.74  Strongly Sust.
  bpt=pentium_m l1da=4 l1d=16 l1ia=8 l1i=16 l2a=4 l2=128 l3a=4 l3=2048 robc=2 robd=2 robw=64   1.3354   1.0249    41.46    16.41  Strongly Sust.
  bpt=pentium_m l1da=4 l1d=16 l1ia=8 l1i=16 l2a=4 l2=128 l3a=4 l3=2048 robc=2 robd=2 robw=32   1.3544   1.0188    41.39    16.20  Strongly Sust.
  bpt=nn l1da=4 l1d=16 l1ia=8 l1i=16 l2a=4 l2=128 l3a=4 l3=2048 nnbl=16 nnlr=0.001 robc=2 robd=2 robw=32   1.3601   1.0063    41.39    16.13  Strongly Sust.
  Ran sniper 1 time this iteration (16 total).

=== Iteration 11 ===
  Evaluating 1 configuration(s) (top acquisition score of 400 candidates)...
  [mesmo] bpt=nn l1da=8 l1d=16 l1ia=8 l1i=16 l2a=8 l2=512 l3a=16 l3=8192 nnbl=32 nnlr=0.005 robc=10 robd=8 robw=256  ASI=-0.0427  S=1.1317  A= 132.30  P=540.00  [Unsustainable]  [ML2=1.76x, ML2_orig=1.09x, CCl=1.00x, MIP=1.01x, EI=0.96x]
  Deleted 1 non-Pareto output directory.

  Pareto front after iteration 11 (8 points, HV=1.4660):
  Params                                  ASI  Speedup     Area  PeakPow  Region
  ──────────────────────────────────────────────────────────────────────────────
  bp=512 bpt=a53 l1da=8 l1d=16 l1ia=8 l1i=16 l2a=8 l2=512 l3a=16 l3=8192 nhist=4 robc=10 robd=8 robw=256  -0.0426   1.1408   132.30   540.08  Unsustainable
  bp=2048 bpt=a53 l1da=4 l1d=16 l1ia=8 l1i=16 l2a=4 l2=256 l3a=16 l3=8192 nhist=2 robc=4 robd=10 robw=128  -0.0337   1.1253   117.63   468.31  Unsustainable
  bpt=pentium_m l1da=4 l1d=16 l1ia=8 l1i=16 l2a=4 l2=128 l3a=4 l3=4096 robc=2 robd=2 robw=256   0.8480   1.1099    54.07    18.48  Unsustainable
  bp=2048 bpt=a53 l1da=4 l1d=16 l1ia=8 l1i=16 l2a=4 l2=128 l3a=4 l3=4096 nhist=2 robc=2 robd=2 robw=256   0.8480   1.1098    54.07    18.48  Unsustainable
  bpt=pentium_m l1da=4 l1d=16 l1ia=8 l1i=16 l2a=4 l2=128 l3a=4 l3=2048 robc=2 robd=2 robw=256   1.3038   1.0252    41.63    16.74  Strongly Sust.
  bpt=pentium_m l1da=4 l1d=16 l1ia=8 l1i=16 l2a=4 l2=128 l3a=4 l3=2048 robc=2 robd=2 robw=64   1.3354   1.0249    41.46    16.41  Strongly Sust.
  bpt=pentium_m l1da=4 l1d=16 l1ia=8 l1i=16 l2a=4 l2=128 l3a=4 l3=2048 robc=2 robd=2 robw=32   1.3544   1.0188    41.39    16.20  Strongly Sust.
  bpt=nn l1da=4 l1d=16 l1ia=8 l1i=16 l2a=4 l2=128 l3a=4 l3=2048 nnbl=16 nnlr=0.001 robc=2 robd=2 robw=32   1.3601   1.0063    41.39    16.13  Strongly Sust.
  Ran sniper 1 time this iteration (17 total).

=== Iteration 12 ===
  Evaluating 1 configuration(s) (top acquisition score of 400 candidates)...
  [mesmo] bp=512 bpt=a53 l1da=8 l1d=64 l1ia=8 l1i=16 l2a=4 l2=128 l3a=4 l3=2048 nhist=2 robc=2 robd=2 robw=32  ASI= 1.1525  S=1.0175  A=  46.18  P= 16.98  [Strongly Sust.]  [ML2=1.16x, ML2_orig=1.00x, CCl=0.98x, MIP=0.97x, EI=0.98x]
  Deleted 1 non-Pareto output directory.

  Pareto front after iteration 12 (8 points, HV=1.4660):
  Params                                  ASI  Speedup     Area  PeakPow  Region
  ──────────────────────────────────────────────────────────────────────────────
  bp=512 bpt=a53 l1da=8 l1d=16 l1ia=8 l1i=16 l2a=8 l2=512 l3a=16 l3=8192 nhist=4 robc=10 robd=8 robw=256  -0.0426   1.1408   132.30   540.08  Unsustainable
  bp=2048 bpt=a53 l1da=4 l1d=16 l1ia=8 l1i=16 l2a=4 l2=256 l3a=16 l3=8192 nhist=2 robc=4 robd=10 robw=128  -0.0337   1.1253   117.63   468.31  Unsustainable
  bpt=pentium_m l1da=4 l1d=16 l1ia=8 l1i=16 l2a=4 l2=128 l3a=4 l3=4096 robc=2 robd=2 robw=256   0.8480   1.1099    54.07    18.48  Unsustainable
  bp=2048 bpt=a53 l1da=4 l1d=16 l1ia=8 l1i=16 l2a=4 l2=128 l3a=4 l3=4096 nhist=2 robc=2 robd=2 robw=256   0.8480   1.1098    54.07    18.48  Unsustainable
  bpt=pentium_m l1da=4 l1d=16 l1ia=8 l1i=16 l2a=4 l2=128 l3a=4 l3=2048 robc=2 robd=2 robw=256   1.3038   1.0252    41.63    16.74  Strongly Sust.
  bpt=pentium_m l1da=4 l1d=16 l1ia=8 l1i=16 l2a=4 l2=128 l3a=4 l3=2048 robc=2 robd=2 robw=64   1.3354   1.0249    41.46    16.41  Strongly Sust.
  bpt=pentium_m l1da=4 l1d=16 l1ia=8 l1i=16 l2a=4 l2=128 l3a=4 l3=2048 robc=2 robd=2 robw=32   1.3544   1.0188    41.39    16.20  Strongly Sust.
  bpt=nn l1da=4 l1d=16 l1ia=8 l1i=16 l2a=4 l2=128 l3a=4 l3=2048 nnbl=16 nnlr=0.001 robc=2 robd=2 robw=32   1.3601   1.0063    41.39    16.13  Strongly Sust.
  Ran sniper 1 time this iteration (18 total).

=== Iteration 13 ===
  Evaluating 1 configuration(s) (top acquisition score of 400 candidates)...
  [mesmo] bp=512 bpt=a53 l1da=8 l1d=16 l1ia=8 l1i=16 l2a=8 l2=512 l3a=16 l3=4096 nhist=4 robc=10 robd=8 robw=256  ASI=-0.0123  S=1.1408  A=  99.05  P=536.88  [Unsustainable]  [ML2=1.76x, ML2_orig=1.09x, CCl=1.00x, MIP=1.01x, EI=1.00x]
  Deleted 1 non-Pareto output directory.

  Pareto front after iteration 13 (8 points, HV=1.4660):
  Params                                  ASI  Speedup     Area  PeakPow  Region
  ──────────────────────────────────────────────────────────────────────────────
  bp=512 bpt=a53 l1da=8 l1d=16 l1ia=8 l1i=16 l2a=8 l2=512 l3a=16 l3=8192 nhist=4 robc=10 robd=8 robw=256  -0.0426   1.1408   132.30   540.08  Unsustainable
  bp=512 bpt=a53 l1da=8 l1d=16 l1ia=8 l1i=16 l2a=8 l2=512 l3a=16 l3=4096 nhist=4 robc=10 robd=8 robw=256  -0.0123   1.1408    99.05   536.88  Unsustainable
  bpt=pentium_m l1da=4 l1d=16 l1ia=8 l1i=16 l2a=4 l2=128 l3a=4 l3=4096 robc=2 robd=2 robw=256   0.8480   1.1099    54.07    18.48  Unsustainable
  bp=2048 bpt=a53 l1da=4 l1d=16 l1ia=8 l1i=16 l2a=4 l2=128 l3a=4 l3=4096 nhist=2 robc=2 robd=2 robw=256   0.8480   1.1098    54.07    18.48  Unsustainable
  bpt=pentium_m l1da=4 l1d=16 l1ia=8 l1i=16 l2a=4 l2=128 l3a=4 l3=2048 robc=2 robd=2 robw=256   1.3038   1.0252    41.63    16.74  Strongly Sust.
  bpt=pentium_m l1da=4 l1d=16 l1ia=8 l1i=16 l2a=4 l2=128 l3a=4 l3=2048 robc=2 robd=2 robw=64   1.3354   1.0249    41.46    16.41  Strongly Sust.
  bpt=pentium_m l1da=4 l1d=16 l1ia=8 l1i=16 l2a=4 l2=128 l3a=4 l3=2048 robc=2 robd=2 robw=32   1.3544   1.0188    41.39    16.20  Strongly Sust.
  bpt=nn l1da=4 l1d=16 l1ia=8 l1i=16 l2a=4 l2=128 l3a=4 l3=2048 nnbl=16 nnlr=0.001 robc=2 robd=2 robw=32   1.3601   1.0063    41.39    16.13  Strongly Sust.
  Ran sniper 1 time this iteration (19 total).

=== Iteration 14 ===
  Evaluating 1 configuration(s) (top acquisition score of 400 candidates)...
  [mesmo] bpt=pentium_m l1da=4 l1d=16 l1ia=4 l1i=32 l2a=4 l2=512 l3a=4 l3=4096 robc=10 robd=10 robw=512  ASI=-0.0222  S=1.1416  A= 150.17  P=1435.85  [Unsustainable]  [ML2=1.76x, ML2_orig=1.09x, CCl=1.00x, MIP=1.01x, EI=1.00x]
  Deleted 1 non-Pareto output directory.

  Pareto front after iteration 14 (8 points, HV=1.4660):
  Params                                  ASI  Speedup     Area  PeakPow  Region
  ──────────────────────────────────────────────────────────────────────────────
  bpt=pentium_m l1da=4 l1d=16 l1ia=4 l1i=32 l2a=4 l2=512 l3a=4 l3=4096 robc=10 robd=10 robw=512  -0.0222   1.1416   150.17  1435.85  Unsustainable
  bp=512 bpt=a53 l1da=8 l1d=16 l1ia=8 l1i=16 l2a=8 l2=512 l3a=16 l3=4096 nhist=4 robc=10 robd=8 robw=256  -0.0123   1.1408    99.05   536.88  Unsustainable
  bpt=pentium_m l1da=4 l1d=16 l1ia=8 l1i=16 l2a=4 l2=128 l3a=4 l3=4096 robc=2 robd=2 robw=256   0.8480   1.1099    54.07    18.48  Unsustainable
  bp=2048 bpt=a53 l1da=4 l1d=16 l1ia=8 l1i=16 l2a=4 l2=128 l3a=4 l3=4096 nhist=2 robc=2 robd=2 robw=256   0.8480   1.1098    54.07    18.48  Unsustainable
  bpt=pentium_m l1da=4 l1d=16 l1ia=8 l1i=16 l2a=4 l2=128 l3a=4 l3=2048 robc=2 robd=2 robw=256   1.3038   1.0252    41.63    16.74  Strongly Sust.
  bpt=pentium_m l1da=4 l1d=16 l1ia=8 l1i=16 l2a=4 l2=128 l3a=4 l3=2048 robc=2 robd=2 robw=64   1.3354   1.0249    41.46    16.41  Strongly Sust.
  bpt=pentium_m l1da=4 l1d=16 l1ia=8 l1i=16 l2a=4 l2=128 l3a=4 l3=2048 robc=2 robd=2 robw=32   1.3544   1.0188    41.39    16.20  Strongly Sust.
  bpt=nn l1da=4 l1d=16 l1ia=8 l1i=16 l2a=4 l2=128 l3a=4 l3=2048 nnbl=16 nnlr=0.001 robc=2 robd=2 robw=32   1.3601   1.0063    41.39    16.13  Strongly Sust.
  Ran sniper 1 time this iteration (20 total).

=== Iteration 15 ===
  Evaluating 1 configuration(s) (top acquisition score of 400 candidates)...
  [mesmo] bp=512 bpt=a53 l1da=4 l1d=16 l1ia=4 l1i=32 l2a=4 l2=512 l3a=4 l3=4096 nhist=4 robc=10 robd=10 robw=512  ASI=-0.0222  S=1.1412  A= 150.17  P=1435.85  [Unsustainable]  [ML2=1.76x, ML2_orig=1.09x, CCl=1.00x, MIP=1.01x, EI=1.00x]
  Deleted 1 non-Pareto output directory.

  Pareto front after iteration 15 (8 points, HV=1.4660):
  Params                                  ASI  Speedup     Area  PeakPow  Region
  ──────────────────────────────────────────────────────────────────────────────
  bpt=pentium_m l1da=4 l1d=16 l1ia=4 l1i=32 l2a=4 l2=512 l3a=4 l3=4096 robc=10 robd=10 robw=512  -0.0222   1.1416   150.17  1435.85  Unsustainable
  bp=512 bpt=a53 l1da=8 l1d=16 l1ia=8 l1i=16 l2a=8 l2=512 l3a=16 l3=4096 nhist=4 robc=10 robd=8 robw=256  -0.0123   1.1408    99.05   536.88  Unsustainable
  bpt=pentium_m l1da=4 l1d=16 l1ia=8 l1i=16 l2a=4 l2=128 l3a=4 l3=4096 robc=2 robd=2 robw=256   0.8480   1.1099    54.07    18.48  Unsustainable
  bp=2048 bpt=a53 l1da=4 l1d=16 l1ia=8 l1i=16 l2a=4 l2=128 l3a=4 l3=4096 nhist=2 robc=2 robd=2 robw=256   0.8480   1.1098    54.07    18.48  Unsustainable
  bpt=pentium_m l1da=4 l1d=16 l1ia=8 l1i=16 l2a=4 l2=128 l3a=4 l3=2048 robc=2 robd=2 robw=256   1.3038   1.0252    41.63    16.74  Strongly Sust.
  bpt=pentium_m l1da=4 l1d=16 l1ia=8 l1i=16 l2a=4 l2=128 l3a=4 l3=2048 robc=2 robd=2 robw=64   1.3354   1.0249    41.46    16.41  Strongly Sust.
  bpt=pentium_m l1da=4 l1d=16 l1ia=8 l1i=16 l2a=4 l2=128 l3a=4 l3=2048 robc=2 robd=2 robw=32   1.3544   1.0188    41.39    16.20  Strongly Sust.
  bpt=nn l1da=4 l1d=16 l1ia=8 l1i=16 l2a=4 l2=128 l3a=4 l3=2048 nnbl=16 nnlr=0.001 robc=2 robd=2 robw=32   1.3601   1.0063    41.39    16.13  Strongly Sust.
  Ran sniper 1 time this iteration (21 total).

=== Iteration 16 ===
  Evaluating 1 configuration(s) (top acquisition score of 400 candidates)...
  [mesmo] bpt=nn l1da=4 l1d=16 l1ia=4 l1i=32 l2a=4 l2=512 l3a=4 l3=4096 nnbl=64 nnlr=0.001 robc=10 robd=10 robw=512  ASI=-0.0222  S=1.1218  A= 150.17  P=1435.74  [Unsustainable]  [ML2=1.76x, ML2_orig=1.08x, CCl=1.00x, MIP=1.01x, EI=0.92x]
  Deleted 1 non-Pareto output directory.

  Pareto front after iteration 16 (8 points, HV=1.4660):
  Params                                  ASI  Speedup     Area  PeakPow  Region
  ──────────────────────────────────────────────────────────────────────────────
  bpt=pentium_m l1da=4 l1d=16 l1ia=4 l1i=32 l2a=4 l2=512 l3a=4 l3=4096 robc=10 robd=10 robw=512  -0.0222   1.1416   150.17  1435.85  Unsustainable
  bp=512 bpt=a53 l1da=8 l1d=16 l1ia=8 l1i=16 l2a=8 l2=512 l3a=16 l3=4096 nhist=4 robc=10 robd=8 robw=256  -0.0123   1.1408    99.05   536.88  Unsustainable
  bpt=pentium_m l1da=4 l1d=16 l1ia=8 l1i=16 l2a=4 l2=128 l3a=4 l3=4096 robc=2 robd=2 robw=256   0.8480   1.1099    54.07    18.48  Unsustainable
  bp=2048 bpt=a53 l1da=4 l1d=16 l1ia=8 l1i=16 l2a=4 l2=128 l3a=4 l3=4096 nhist=2 robc=2 robd=2 robw=256   0.8480   1.1098    54.07    18.48  Unsustainable
  bpt=pentium_m l1da=4 l1d=16 l1ia=8 l1i=16 l2a=4 l2=128 l3a=4 l3=2048 robc=2 robd=2 robw=256   1.3038   1.0252    41.63    16.74  Strongly Sust.
  bpt=pentium_m l1da=4 l1d=16 l1ia=8 l1i=16 l2a=4 l2=128 l3a=4 l3=2048 robc=2 robd=2 robw=64   1.3354   1.0249    41.46    16.41  Strongly Sust.
  bpt=pentium_m l1da=4 l1d=16 l1ia=8 l1i=16 l2a=4 l2=128 l3a=4 l3=2048 robc=2 robd=2 robw=32   1.3544   1.0188    41.39    16.20  Strongly Sust.
  bpt=nn l1da=4 l1d=16 l1ia=8 l1i=16 l2a=4 l2=128 l3a=4 l3=2048 nnbl=16 nnlr=0.001 robc=2 robd=2 robw=32   1.3601   1.0063    41.39    16.13  Strongly Sust.
  Ran sniper 1 time this iteration (22 total).

=== Iteration 17 ===
  Evaluating 1 configuration(s) (top acquisition score of 400 candidates)...
  [mesmo] bpt=pentium_m l1da=8 l1d=64 l1ia=4 l1i=64 l2a=8 l2=256 l3a=8 l3=2048 robc=2 robd=2 robw=128  ASI= 1.1798  S=1.0322  A=  45.28  P= 16.97  [Strongly Sust.]  [ML2=1.17x, ML2_orig=1.03x, CCl=1.00x, MIP=0.98x, EI=0.99x]

  Pareto front after iteration 17 (9 points, HV=1.4683):
  Params                                  ASI  Speedup     Area  PeakPow  Region
  ──────────────────────────────────────────────────────────────────────────────
  bpt=pentium_m l1da=4 l1d=16 l1ia=4 l1i=32 l2a=4 l2=512 l3a=4 l3=4096 robc=10 robd=10 robw=512  -0.0222   1.1416   150.17  1435.85  Unsustainable
  bp=512 bpt=a53 l1da=8 l1d=16 l1ia=8 l1i=16 l2a=8 l2=512 l3a=16 l3=4096 nhist=4 robc=10 robd=8 robw=256  -0.0123   1.1408    99.05   536.88  Unsustainable
  bpt=pentium_m l1da=4 l1d=16 l1ia=8 l1i=16 l2a=4 l2=128 l3a=4 l3=4096 robc=2 robd=2 robw=256   0.8480   1.1099    54.07    18.48  Unsustainable
  bp=2048 bpt=a53 l1da=4 l1d=16 l1ia=8 l1i=16 l2a=4 l2=128 l3a=4 l3=4096 nhist=2 robc=2 robd=2 robw=256   0.8480   1.1098    54.07    18.48  Unsustainable
  bpt=pentium_m l1da=8 l1d=64 l1ia=4 l1i=64 l2a=8 l2=256 l3a=8 l3=2048 robc=2 robd=2 robw=128   1.1798   1.0322    45.28    16.97  Strongly Sust.
  bpt=pentium_m l1da=4 l1d=16 l1ia=8 l1i=16 l2a=4 l2=128 l3a=4 l3=2048 robc=2 robd=2 robw=256   1.3038   1.0252    41.63    16.74  Strongly Sust.
  bpt=pentium_m l1da=4 l1d=16 l1ia=8 l1i=16 l2a=4 l2=128 l3a=4 l3=2048 robc=2 robd=2 robw=64   1.3354   1.0249    41.46    16.41  Strongly Sust.
  bpt=pentium_m l1da=4 l1d=16 l1ia=8 l1i=16 l2a=4 l2=128 l3a=4 l3=2048 robc=2 robd=2 robw=32   1.3544   1.0188    41.39    16.20  Strongly Sust.
  bpt=nn l1da=4 l1d=16 l1ia=8 l1i=16 l2a=4 l2=128 l3a=4 l3=2048 nnbl=16 nnlr=0.001 robc=2 robd=2 robw=32   1.3601   1.0063    41.39    16.13  Strongly Sust.
  Ran sniper 1 time this iteration (23 total).

=== Iteration 18 ===
  Evaluating 1 configuration(s) (top acquisition score of 400 candidates)...
  [mesmo] bp=512 bpt=a53 l1da=8 l1d=16 l1ia=8 l1i=16 l2a=8 l2=512 l3a=16 l3=4096 nhist=2 robc=10 robd=8 robw=256  ASI=-0.0123  S=1.1407  A=  99.05  P=536.88  [Unsustainable]  [ML2=1.76x, ML2_orig=1.09x, CCl=1.00x, MIP=1.01x, EI=1.00x]
  Deleted 1 non-Pareto output directory.

  Pareto front after iteration 18 (9 points, HV=1.4683):
  Params                                  ASI  Speedup     Area  PeakPow  Region
  ──────────────────────────────────────────────────────────────────────────────
  bpt=pentium_m l1da=4 l1d=16 l1ia=4 l1i=32 l2a=4 l2=512 l3a=4 l3=4096 robc=10 robd=10 robw=512  -0.0222   1.1416   150.17  1435.85  Unsustainable
  bp=512 bpt=a53 l1da=8 l1d=16 l1ia=8 l1i=16 l2a=8 l2=512 l3a=16 l3=4096 nhist=4 robc=10 robd=8 robw=256  -0.0123   1.1408    99.05   536.88  Unsustainable
  bpt=pentium_m l1da=4 l1d=16 l1ia=8 l1i=16 l2a=4 l2=128 l3a=4 l3=4096 robc=2 robd=2 robw=256   0.8480   1.1099    54.07    18.48  Unsustainable
  bp=2048 bpt=a53 l1da=4 l1d=16 l1ia=8 l1i=16 l2a=4 l2=128 l3a=4 l3=4096 nhist=2 robc=2 robd=2 robw=256   0.8480   1.1098    54.07    18.48  Unsustainable
  bpt=pentium_m l1da=8 l1d=64 l1ia=4 l1i=64 l2a=8 l2=256 l3a=8 l3=2048 robc=2 robd=2 robw=128   1.1798   1.0322    45.28    16.97  Strongly Sust.
  bpt=pentium_m l1da=4 l1d=16 l1ia=8 l1i=16 l2a=4 l2=128 l3a=4 l3=2048 robc=2 robd=2 robw=256   1.3038   1.0252    41.63    16.74  Strongly Sust.
  bpt=pentium_m l1da=4 l1d=16 l1ia=8 l1i=16 l2a=4 l2=128 l3a=4 l3=2048 robc=2 robd=2 robw=64   1.3354   1.0249    41.46    16.41  Strongly Sust.
  bpt=pentium_m l1da=4 l1d=16 l1ia=8 l1i=16 l2a=4 l2=128 l3a=4 l3=2048 robc=2 robd=2 robw=32   1.3544   1.0188    41.39    16.20  Strongly Sust.
  bpt=nn l1da=4 l1d=16 l1ia=8 l1i=16 l2a=4 l2=128 l3a=4 l3=2048 nnbl=16 nnlr=0.001 robc=2 robd=2 robw=32   1.3601   1.0063    41.39    16.13  Strongly Sust.
  Ran sniper 1 time this iteration (24 total).

=== Iteration 19 ===
  Evaluating 1 configuration(s) (top acquisition score of 400 candidates)...
  [mesmo] bpt=pentium_m l1da=8 l1d=32 l1ia=4 l1i=32 l2a=8 l2=256 l3a=4 l3=2048 robc=2 robd=2 robw=64  ASI= 1.1764  S=1.0315  A=  46.05  P= 16.69  [Strongly Sust.]  [ML2=1.17x, ML2_orig=1.03x, CCl=1.00x, MIP=0.98x, EI=0.99x]
  Deleted 1 non-Pareto output directory.

  Pareto front after iteration 19 (9 points, HV=1.4683):
  Params                                  ASI  Speedup     Area  PeakPow  Region
  ──────────────────────────────────────────────────────────────────────────────
  bpt=pentium_m l1da=4 l1d=16 l1ia=4 l1i=32 l2a=4 l2=512 l3a=4 l3=4096 robc=10 robd=10 robw=512  -0.0222   1.1416   150.17  1435.85  Unsustainable
  bp=512 bpt=a53 l1da=8 l1d=16 l1ia=8 l1i=16 l2a=8 l2=512 l3a=16 l3=4096 nhist=4 robc=10 robd=8 robw=256  -0.0123   1.1408    99.05   536.88  Unsustainable
  bpt=pentium_m l1da=4 l1d=16 l1ia=8 l1i=16 l2a=4 l2=128 l3a=4 l3=4096 robc=2 robd=2 robw=256   0.8480   1.1099    54.07    18.48  Unsustainable
  bp=2048 bpt=a53 l1da=4 l1d=16 l1ia=8 l1i=16 l2a=4 l2=128 l3a=4 l3=4096 nhist=2 robc=2 robd=2 robw=256   0.8480   1.1098    54.07    18.48  Unsustainable
  bpt=pentium_m l1da=8 l1d=64 l1ia=4 l1i=64 l2a=8 l2=256 l3a=8 l3=2048 robc=2 robd=2 robw=128   1.1798   1.0322    45.28    16.97  Strongly Sust.
  bpt=pentium_m l1da=4 l1d=16 l1ia=8 l1i=16 l2a=4 l2=128 l3a=4 l3=2048 robc=2 robd=2 robw=256   1.3038   1.0252    41.63    16.74  Strongly Sust.
  bpt=pentium_m l1da=4 l1d=16 l1ia=8 l1i=16 l2a=4 l2=128 l3a=4 l3=2048 robc=2 robd=2 robw=64   1.3354   1.0249    41.46    16.41  Strongly Sust.
  bpt=pentium_m l1da=4 l1d=16 l1ia=8 l1i=16 l2a=4 l2=128 l3a=4 l3=2048 robc=2 robd=2 robw=32   1.3544   1.0188    41.39    16.20  Strongly Sust.
  bpt=nn l1da=4 l1d=16 l1ia=8 l1i=16 l2a=4 l2=128 l3a=4 l3=2048 nnbl=16 nnlr=0.001 robc=2 robd=2 robw=32   1.3601   1.0063    41.39    16.13  Strongly Sust.
  Ran sniper 1 time this iteration (25 total).

=== Iteration 20 ===
  Evaluating 1 configuration(s) (top acquisition score of 400 candidates)...
  [mesmo] bpt=pentium_m l1da=8 l1d=64 l1ia=4 l1i=32 l2a=8 l2=256 l3a=8 l3=2048 robc=8 robd=2 robw=32  ASI= 1.2307  S=1.0259  A=  44.58  P= 16.55  [Strongly Sust.]  [ML2=1.17x, ML2_orig=1.03x, CCl=0.99x, MIP=0.97x, EI=0.98x]

  Pareto front after iteration 20 (10 points, HV=1.4684):
  Params                                  ASI  Speedup     Area  PeakPow  Region
  ──────────────────────────────────────────────────────────────────────────────
  bpt=pentium_m l1da=4 l1d=16 l1ia=4 l1i=32 l2a=4 l2=512 l3a=4 l3=4096 robc=10 robd=10 robw=512  -0.0222   1.1416   150.17  1435.85  Unsustainable
  bp=512 bpt=a53 l1da=8 l1d=16 l1ia=8 l1i=16 l2a=8 l2=512 l3a=16 l3=4096 nhist=4 robc=10 robd=8 robw=256  -0.0123   1.1408    99.05   536.88  Unsustainable
  bpt=pentium_m l1da=4 l1d=16 l1ia=8 l1i=16 l2a=4 l2=128 l3a=4 l3=4096 robc=2 robd=2 robw=256   0.8480   1.1099    54.07    18.48  Unsustainable
  bp=2048 bpt=a53 l1da=4 l1d=16 l1ia=8 l1i=16 l2a=4 l2=128 l3a=4 l3=4096 nhist=2 robc=2 robd=2 robw=256   0.8480   1.1098    54.07    18.48  Unsustainable
  bpt=pentium_m l1da=8 l1d=64 l1ia=4 l1i=64 l2a=8 l2=256 l3a=8 l3=2048 robc=2 robd=2 robw=128   1.1798   1.0322    45.28    16.97  Strongly Sust.
  bpt=pentium_m l1da=8 l1d=64 l1ia=4 l1i=32 l2a=8 l2=256 l3a=8 l3=2048 robc=8 robd=2 robw=32   1.2307   1.0259    44.58    16.55  Strongly Sust.
  bpt=pentium_m l1da=4 l1d=16 l1ia=8 l1i=16 l2a=4 l2=128 l3a=4 l3=2048 robc=2 robd=2 robw=256   1.3038   1.0252    41.63    16.74  Strongly Sust.
  bpt=pentium_m l1da=4 l1d=16 l1ia=8 l1i=16 l2a=4 l2=128 l3a=4 l3=2048 robc=2 robd=2 robw=64   1.3354   1.0249    41.46    16.41  Strongly Sust.
  bpt=pentium_m l1da=4 l1d=16 l1ia=8 l1i=16 l2a=4 l2=128 l3a=4 l3=2048 robc=2 robd=2 robw=32   1.3544   1.0188    41.39    16.20  Strongly Sust.
  bpt=nn l1da=4 l1d=16 l1ia=8 l1i=16 l2a=4 l2=128 l3a=4 l3=2048 nnbl=16 nnlr=0.001 robc=2 robd=2 robw=32   1.3601   1.0063    41.39    16.13  Strongly Sust.
  Ran sniper 1 time this iteration (26 total).

=== Iteration 21 ===
  Evaluating 1 configuration(s) (top acquisition score of 400 candidates)...
  [mesmo] bpt=pentium_m l1da=4 l1d=16 l1ia=4 l1i=32 l2a=4 l2=512 l3a=4 l3=4096 robc=10 robd=8 robw=512  ASI=-0.0211  S=1.1410  A= 118.25  P=763.26  [Unsustainable]  [ML2=1.76x, ML2_orig=1.09x, CCl=1.00x, MIP=1.01x, EI=1.00x]

  Pareto front after iteration 21 (11 points, HV=1.4684):
  Params                                  ASI  Speedup     Area  PeakPow  Region
  ──────────────────────────────────────────────────────────────────────────────
  bpt=pentium_m l1da=4 l1d=16 l1ia=4 l1i=32 l2a=4 l2=512 l3a=4 l3=4096 robc=10 robd=10 robw=512  -0.0222   1.1416   150.17  1435.85  Unsustainable
  bpt=pentium_m l1da=4 l1d=16 l1ia=4 l1i=32 l2a=4 l2=512 l3a=4 l3=4096 robc=10 robd=8 robw=512  -0.0211   1.1410   118.25   763.26  Unsustainable
  bp=512 bpt=a53 l1da=8 l1d=16 l1ia=8 l1i=16 l2a=8 l2=512 l3a=16 l3=4096 nhist=4 robc=10 robd=8 robw=256  -0.0123   1.1408    99.05   536.88  Unsustainable
  bpt=pentium_m l1da=4 l1d=16 l1ia=8 l1i=16 l2a=4 l2=128 l3a=4 l3=4096 robc=2 robd=2 robw=256   0.8480   1.1099    54.07    18.48  Unsustainable
  bp=2048 bpt=a53 l1da=4 l1d=16 l1ia=8 l1i=16 l2a=4 l2=128 l3a=4 l3=4096 nhist=2 robc=2 robd=2 robw=256   0.8480   1.1098    54.07    18.48  Unsustainable
  bpt=pentium_m l1da=8 l1d=64 l1ia=4 l1i=64 l2a=8 l2=256 l3a=8 l3=2048 robc=2 robd=2 robw=128   1.1798   1.0322    45.28    16.97  Strongly Sust.
  bpt=pentium_m l1da=8 l1d=64 l1ia=4 l1i=32 l2a=8 l2=256 l3a=8 l3=2048 robc=8 robd=2 robw=32   1.2307   1.0259    44.58    16.55  Strongly Sust.
  bpt=pentium_m l1da=4 l1d=16 l1ia=8 l1i=16 l2a=4 l2=128 l3a=4 l3=2048 robc=2 robd=2 robw=256   1.3038   1.0252    41.63    16.74  Strongly Sust.
  bpt=pentium_m l1da=4 l1d=16 l1ia=8 l1i=16 l2a=4 l2=128 l3a=4 l3=2048 robc=2 robd=2 robw=64   1.3354   1.0249    41.46    16.41  Strongly Sust.
  bpt=pentium_m l1da=4 l1d=16 l1ia=8 l1i=16 l2a=4 l2=128 l3a=4 l3=2048 robc=2 robd=2 robw=32   1.3544   1.0188    41.39    16.20  Strongly Sust.
  bpt=nn l1da=4 l1d=16 l1ia=8 l1i=16 l2a=4 l2=128 l3a=4 l3=2048 nnbl=16 nnlr=0.001 robc=2 robd=2 robw=32   1.3601   1.0063    41.39    16.13  Strongly Sust.
  Ran sniper 1 time this iteration (27 total).

=== Iteration 22 ===
  Evaluating 1 configuration(s) (top acquisition score of 400 candidates)...
  [mesmo] bpt=pentium_m l1da=4 l1d=64 l1ia=8 l1i=16 l2a=4 l2=128 l3a=4 l3=2048 robc=2 robd=2 robw=32  ASI= 1.3349  S=1.0193  A=  41.76  P= 16.30  [Strongly Sust.]  [ML2=1.16x, ML2_orig=1.00x, CCl=0.99x, MIP=0.97x, EI=0.98x]
  Deleted 1 non-Pareto output directory.

  Pareto front after iteration 22 (11 points, HV=1.4684):
  Params                                  ASI  Speedup     Area  PeakPow  Region
  ──────────────────────────────────────────────────────────────────────────────
  bpt=pentium_m l1da=4 l1d=16 l1ia=4 l1i=32 l2a=4 l2=512 l3a=4 l3=4096 robc=10 robd=10 robw=512  -0.0222   1.1416   150.17  1435.85  Unsustainable
  bpt=pentium_m l1da=4 l1d=16 l1ia=4 l1i=32 l2a=4 l2=512 l3a=4 l3=4096 robc=10 robd=8 robw=512  -0.0211   1.1410   118.25   763.26  Unsustainable
  bp=512 bpt=a53 l1da=8 l1d=16 l1ia=8 l1i=16 l2a=8 l2=512 l3a=16 l3=4096 nhist=4 robc=10 robd=8 robw=256  -0.0123   1.1408    99.05   536.88  Unsustainable
  bpt=pentium_m l1da=4 l1d=16 l1ia=8 l1i=16 l2a=4 l2=128 l3a=4 l3=4096 robc=2 robd=2 robw=256   0.8480   1.1099    54.07    18.48  Unsustainable
  bp=2048 bpt=a53 l1da=4 l1d=16 l1ia=8 l1i=16 l2a=4 l2=128 l3a=4 l3=4096 nhist=2 robc=2 robd=2 robw=256   0.8480   1.1098    54.07    18.48  Unsustainable
  bpt=pentium_m l1da=8 l1d=64 l1ia=4 l1i=64 l2a=8 l2=256 l3a=8 l3=2048 robc=2 robd=2 robw=128   1.1798   1.0322    45.28    16.97  Strongly Sust.
  bpt=pentium_m l1da=8 l1d=64 l1ia=4 l1i=32 l2a=8 l2=256 l3a=8 l3=2048 robc=8 robd=2 robw=32   1.2307   1.0259    44.58    16.55  Strongly Sust.
  bpt=pentium_m l1da=4 l1d=16 l1ia=8 l1i=16 l2a=4 l2=128 l3a=4 l3=2048 robc=2 robd=2 robw=256   1.3038   1.0252    41.63    16.74  Strongly Sust.
  bpt=pentium_m l1da=4 l1d=16 l1ia=8 l1i=16 l2a=4 l2=128 l3a=4 l3=2048 robc=2 robd=2 robw=64   1.3354   1.0249    41.46    16.41  Strongly Sust.
  bpt=pentium_m l1da=4 l1d=16 l1ia=8 l1i=16 l2a=4 l2=128 l3a=4 l3=2048 robc=2 robd=2 robw=32   1.3544   1.0188    41.39    16.20  Strongly Sust.
  bpt=nn l1da=4 l1d=16 l1ia=8 l1i=16 l2a=4 l2=128 l3a=4 l3=2048 nnbl=16 nnlr=0.001 robc=2 robd=2 robw=32   1.3601   1.0063    41.39    16.13  Strongly Sust.
  Ran sniper 1 time this iteration (28 total).

=== Iteration 23 ===
  Evaluating 1 configuration(s) (top acquisition score of 400 candidates)...
  [mesmo] bp=512 bpt=a53 l1da=8 l1d=16 l1ia=8 l1i=16 l2a=8 l2=512 l3a=16 l3=4096 nhist=4 robc=2 robd=8 robw=256  ASI=-0.0123  S=1.1384  A=  99.05  P=536.86  [Unsustainable]  [ML2=1.76x, ML2_orig=1.09x, CCl=1.00x, MIP=1.01x, EI=0.99x]
  Deleted 1 non-Pareto output directory.

  Pareto front after iteration 23 (11 points, HV=1.4684):
  Params                                  ASI  Speedup     Area  PeakPow  Region
  ──────────────────────────────────────────────────────────────────────────────
  bpt=pentium_m l1da=4 l1d=16 l1ia=4 l1i=32 l2a=4 l2=512 l3a=4 l3=4096 robc=10 robd=10 robw=512  -0.0222   1.1416   150.17  1435.85  Unsustainable
  bpt=pentium_m l1da=4 l1d=16 l1ia=4 l1i=32 l2a=4 l2=512 l3a=4 l3=4096 robc=10 robd=8 robw=512  -0.0211   1.1410   118.25   763.26  Unsustainable
  bp=512 bpt=a53 l1da=8 l1d=16 l1ia=8 l1i=16 l2a=8 l2=512 l3a=16 l3=4096 nhist=4 robc=10 robd=8 robw=256  -0.0123   1.1408    99.05   536.88  Unsustainable
  bpt=pentium_m l1da=4 l1d=16 l1ia=8 l1i=16 l2a=4 l2=128 l3a=4 l3=4096 robc=2 robd=2 robw=256   0.8480   1.1099    54.07    18.48  Unsustainable
  bp=2048 bpt=a53 l1da=4 l1d=16 l1ia=8 l1i=16 l2a=4 l2=128 l3a=4 l3=4096 nhist=2 robc=2 robd=2 robw=256   0.8480   1.1098    54.07    18.48  Unsustainable
  bpt=pentium_m l1da=8 l1d=64 l1ia=4 l1i=64 l2a=8 l2=256 l3a=8 l3=2048 robc=2 robd=2 robw=128   1.1798   1.0322    45.28    16.97  Strongly Sust.
  bpt=pentium_m l1da=8 l1d=64 l1ia=4 l1i=32 l2a=8 l2=256 l3a=8 l3=2048 robc=8 robd=2 robw=32   1.2307   1.0259    44.58    16.55  Strongly Sust.
  bpt=pentium_m l1da=4 l1d=16 l1ia=8 l1i=16 l2a=4 l2=128 l3a=4 l3=2048 robc=2 robd=2 robw=256   1.3038   1.0252    41.63    16.74  Strongly Sust.
  bpt=pentium_m l1da=4 l1d=16 l1ia=8 l1i=16 l2a=4 l2=128 l3a=4 l3=2048 robc=2 robd=2 robw=64   1.3354   1.0249    41.46    16.41  Strongly Sust.
  bpt=pentium_m l1da=4 l1d=16 l1ia=8 l1i=16 l2a=4 l2=128 l3a=4 l3=2048 robc=2 robd=2 robw=32   1.3544   1.0188    41.39    16.20  Strongly Sust.
  bpt=nn l1da=4 l1d=16 l1ia=8 l1i=16 l2a=4 l2=128 l3a=4 l3=2048 nnbl=16 nnlr=0.001 robc=2 robd=2 robw=32   1.3601   1.0063    41.39    16.13  Strongly Sust.
  Ran sniper 1 time this iteration (29 total).

=== Iteration 24 ===
  Evaluating 1 configuration(s) (top acquisition score of 400 candidates)...
  [mesmo] bpt=nn l1da=4 l1d=16 l1ia=8 l1i=16 l2a=4 l2=128 l3a=4 l3=2048 nnbl=64 nnlr=0.0005 robc=2 robd=2 robw=32  ASI= 1.3695  S=0.9888  A=  41.39  P= 16.02  [Strongly Sust.]  [ML2=1.16x, ML2_orig=0.97x, CCl=0.97x, MIP=0.97x, EI=0.88x]

  Pareto front after iteration 24 (12 points, HV=1.4776):
  Params                                  ASI  Speedup     Area  PeakPow  Region
  ──────────────────────────────────────────────────────────────────────────────
  bpt=pentium_m l1da=4 l1d=16 l1ia=4 l1i=32 l2a=4 l2=512 l3a=4 l3=4096 robc=10 robd=10 robw=512  -0.0222   1.1416   150.17  1435.85  Unsustainable
  bpt=pentium_m l1da=4 l1d=16 l1ia=4 l1i=32 l2a=4 l2=512 l3a=4 l3=4096 robc=10 robd=8 robw=512  -0.0211   1.1410   118.25   763.26  Unsustainable
  bp=512 bpt=a53 l1da=8 l1d=16 l1ia=8 l1i=16 l2a=8 l2=512 l3a=16 l3=4096 nhist=4 robc=10 robd=8 robw=256  -0.0123   1.1408    99.05   536.88  Unsustainable
  bpt=pentium_m l1da=4 l1d=16 l1ia=8 l1i=16 l2a=4 l2=128 l3a=4 l3=4096 robc=2 robd=2 robw=256   0.8480   1.1099    54.07    18.48  Unsustainable
  bp=2048 bpt=a53 l1da=4 l1d=16 l1ia=8 l1i=16 l2a=4 l2=128 l3a=4 l3=4096 nhist=2 robc=2 robd=2 robw=256   0.8480   1.1098    54.07    18.48  Unsustainable
  bpt=pentium_m l1da=8 l1d=64 l1ia=4 l1i=64 l2a=8 l2=256 l3a=8 l3=2048 robc=2 robd=2 robw=128   1.1798   1.0322    45.28    16.97  Strongly Sust.
  bpt=pentium_m l1da=8 l1d=64 l1ia=4 l1i=32 l2a=8 l2=256 l3a=8 l3=2048 robc=8 robd=2 robw=32   1.2307   1.0259    44.58    16.55  Strongly Sust.
  bpt=pentium_m l1da=4 l1d=16 l1ia=8 l1i=16 l2a=4 l2=128 l3a=4 l3=2048 robc=2 robd=2 robw=256   1.3038   1.0252    41.63    16.74  Strongly Sust.
  bpt=pentium_m l1da=4 l1d=16 l1ia=8 l1i=16 l2a=4 l2=128 l3a=4 l3=2048 robc=2 robd=2 robw=64   1.3354   1.0249    41.46    16.41  Strongly Sust.
  bpt=pentium_m l1da=4 l1d=16 l1ia=8 l1i=16 l2a=4 l2=128 l3a=4 l3=2048 robc=2 robd=2 robw=32   1.3544   1.0188    41.39    16.20  Strongly Sust.
  bpt=nn l1da=4 l1d=16 l1ia=8 l1i=16 l2a=4 l2=128 l3a=4 l3=2048 nnbl=16 nnlr=0.001 robc=2 robd=2 robw=32   1.3601   1.0063    41.39    16.13  Strongly Sust.
  bpt=nn l1da=4 l1d=16 l1ia=8 l1i=16 l2a=4 l2=128 l3a=4 l3=2048 nnbl=64 nnlr=0.0005 robc=2 robd=2 robw=32   1.3695   0.9888    41.39    16.02  Strongly Sust.
  Ran sniper 1 time this iteration (30 total).

=== Iteration 25 ===
  Evaluating 1 configuration(s) (top acquisition score of 400 candidates)...
  [mesmo] bp=2048 bpt=a53 l1da=4 l1d=16 l1ia=8 l1i=16 l2a=4 l2=512 l3a=16 l3=4096 nhist=2 robc=8 robd=10 robw=32  ASI= 0.0613  S=1.1261  A=  78.25  P= 60.46  [Unsustainable]  [ML2=1.76x, ML2_orig=1.09x, CCl=0.98x, MIP=0.97x, EI=0.99x]

  Pareto front after iteration 25 (13 points, HV=1.4786):
  Params                                  ASI  Speedup     Area  PeakPow  Region
  ──────────────────────────────────────────────────────────────────────────────
  bpt=pentium_m l1da=4 l1d=16 l1ia=4 l1i=32 l2a=4 l2=512 l3a=4 l3=4096 robc=10 robd=10 robw=512  -0.0222   1.1416   150.17  1435.85  Unsustainable
  bpt=pentium_m l1da=4 l1d=16 l1ia=4 l1i=32 l2a=4 l2=512 l3a=4 l3=4096 robc=10 robd=8 robw=512  -0.0211   1.1410   118.25   763.26  Unsustainable
  bp=512 bpt=a53 l1da=8 l1d=16 l1ia=8 l1i=16 l2a=8 l2=512 l3a=16 l3=4096 nhist=4 robc=10 robd=8 robw=256  -0.0123   1.1408    99.05   536.88  Unsustainable
  bp=2048 bpt=a53 l1da=4 l1d=16 l1ia=8 l1i=16 l2a=4 l2=512 l3a=16 l3=4096 nhist=2 robc=8 robd=10 robw=32   0.0613   1.1261    78.25    60.46  Unsustainable
  bpt=pentium_m l1da=4 l1d=16 l1ia=8 l1i=16 l2a=4 l2=128 l3a=4 l3=4096 robc=2 robd=2 robw=256   0.8480   1.1099    54.07    18.48  Unsustainable
  bp=2048 bpt=a53 l1da=4 l1d=16 l1ia=8 l1i=16 l2a=4 l2=128 l3a=4 l3=4096 nhist=2 robc=2 robd=2 robw=256   0.8480   1.1098    54.07    18.48  Unsustainable
  bpt=pentium_m l1da=8 l1d=64 l1ia=4 l1i=64 l2a=8 l2=256 l3a=8 l3=2048 robc=2 robd=2 robw=128   1.1798   1.0322    45.28    16.97  Strongly Sust.
  bpt=pentium_m l1da=8 l1d=64 l1ia=4 l1i=32 l2a=8 l2=256 l3a=8 l3=2048 robc=8 robd=2 robw=32   1.2307   1.0259    44.58    16.55  Strongly Sust.
  bpt=pentium_m l1da=4 l1d=16 l1ia=8 l1i=16 l2a=4 l2=128 l3a=4 l3=2048 robc=2 robd=2 robw=256   1.3038   1.0252    41.63    16.74  Strongly Sust.
  bpt=pentium_m l1da=4 l1d=16 l1ia=8 l1i=16 l2a=4 l2=128 l3a=4 l3=2048 robc=2 robd=2 robw=64   1.3354   1.0249    41.46    16.41  Strongly Sust.
  bpt=pentium_m l1da=4 l1d=16 l1ia=8 l1i=16 l2a=4 l2=128 l3a=4 l3=2048 robc=2 robd=2 robw=32   1.3544   1.0188    41.39    16.20  Strongly Sust.
  bpt=nn l1da=4 l1d=16 l1ia=8 l1i=16 l2a=4 l2=128 l3a=4 l3=2048 nnbl=16 nnlr=0.001 robc=2 robd=2 robw=32   1.3601   1.0063    41.39    16.13  Strongly Sust.
  bpt=nn l1da=4 l1d=16 l1ia=8 l1i=16 l2a=4 l2=128 l3a=4 l3=2048 nnbl=64 nnlr=0.0005 robc=2 robd=2 robw=32   1.3695   0.9888    41.39    16.02  Strongly Sust.
  Ran sniper 1 time this iteration (31 total).

=== Iteration 26 ===
  Evaluating 1 configuration(s) (top acquisition score of 400 candidates)...
  [mesmo] bp=2048 bpt=a53 l1da=4 l1d=16 l1ia=8 l1i=32 l2a=4 l2=512 l3a=4 l3=4096 nhist=4 robc=10 robd=10 robw=256  ASI=-0.0144  S=1.1410  A= 114.72  P=997.38  [Unsustainable]  [ML2=1.76x, ML2_orig=1.09x, CCl=1.00x, MIP=1.01x, EI=1.00x]
  Deleted 1 non-Pareto output directory.

  Pareto front after iteration 26 (13 points, HV=1.4786):
  Params                                  ASI  Speedup     Area  PeakPow  Region
  ──────────────────────────────────────────────────────────────────────────────
  bpt=pentium_m l1da=4 l1d=16 l1ia=4 l1i=32 l2a=4 l2=512 l3a=4 l3=4096 robc=10 robd=10 robw=512  -0.0222   1.1416   150.17  1435.85  Unsustainable
  bp=2048 bpt=a53 l1da=4 l1d=16 l1ia=8 l1i=32 l2a=4 l2=512 l3a=4 l3=4096 nhist=4 robc=10 robd=10 robw=256  -0.0144   1.1410   114.72   997.38  Unsustainable
  bp=512 bpt=a53 l1da=8 l1d=16 l1ia=8 l1i=16 l2a=8 l2=512 l3a=16 l3=4096 nhist=4 robc=10 robd=8 robw=256  -0.0123   1.1408    99.05   536.88  Unsustainable
  bp=2048 bpt=a53 l1da=4 l1d=16 l1ia=8 l1i=16 l2a=4 l2=512 l3a=16 l3=4096 nhist=2 robc=8 robd=10 robw=32   0.0613   1.1261    78.25    60.46  Unsustainable
  bpt=pentium_m l1da=4 l1d=16 l1ia=8 l1i=16 l2a=4 l2=128 l3a=4 l3=4096 robc=2 robd=2 robw=256   0.8480   1.1099    54.07    18.48  Unsustainable
  bp=2048 bpt=a53 l1da=4 l1d=16 l1ia=8 l1i=16 l2a=4 l2=128 l3a=4 l3=4096 nhist=2 robc=2 robd=2 robw=256   0.8480   1.1098    54.07    18.48  Unsustainable
  bpt=pentium_m l1da=8 l1d=64 l1ia=4 l1i=64 l2a=8 l2=256 l3a=8 l3=2048 robc=2 robd=2 robw=128   1.1798   1.0322    45.28    16.97  Strongly Sust.
  bpt=pentium_m l1da=8 l1d=64 l1ia=4 l1i=32 l2a=8 l2=256 l3a=8 l3=2048 robc=8 robd=2 robw=32   1.2307   1.0259    44.58    16.55  Strongly Sust.
  bpt=pentium_m l1da=4 l1d=16 l1ia=8 l1i=16 l2a=4 l2=128 l3a=4 l3=2048 robc=2 robd=2 robw=256   1.3038   1.0252    41.63    16.74  Strongly Sust.
  bpt=pentium_m l1da=4 l1d=16 l1ia=8 l1i=16 l2a=4 l2=128 l3a=4 l3=2048 robc=2 robd=2 robw=64   1.3354   1.0249    41.46    16.41  Strongly Sust.
  bpt=pentium_m l1da=4 l1d=16 l1ia=8 l1i=16 l2a=4 l2=128 l3a=4 l3=2048 robc=2 robd=2 robw=32   1.3544   1.0188    41.39    16.20  Strongly Sust.
  bpt=nn l1da=4 l1d=16 l1ia=8 l1i=16 l2a=4 l2=128 l3a=4 l3=2048 nnbl=16 nnlr=0.001 robc=2 robd=2 robw=32   1.3601   1.0063    41.39    16.13  Strongly Sust.
  bpt=nn l1da=4 l1d=16 l1ia=8 l1i=16 l2a=4 l2=128 l3a=4 l3=2048 nnbl=64 nnlr=0.0005 robc=2 robd=2 robw=32   1.3695   0.9888    41.39    16.02  Strongly Sust.
  Ran sniper 1 time this iteration (32 total).

=== Iteration 27 ===
  Evaluating 1 configuration(s) (top acquisition score of 400 candidates)...
  [mesmo] bp=2048 bpt=a53 l1da=4 l1d=16 l1ia=8 l1i=16 l2a=8 l2=512 l3a=4 l3=4096 nhist=2 robc=10 robd=10 robw=256  ASI=-0.0142  S=1.1410  A= 114.46  P=997.40  [Unsustainable]  [ML2=1.76x, ML2_orig=1.09x, CCl=1.00x, MIP=1.01x, EI=1.00x]
  Deleted 1 non-Pareto output directory.

  Pareto front after iteration 27 (13 points, HV=1.4786):
  Params                                  ASI  Speedup     Area  PeakPow  Region
  ──────────────────────────────────────────────────────────────────────────────
  bpt=pentium_m l1da=4 l1d=16 l1ia=4 l1i=32 l2a=4 l2=512 l3a=4 l3=4096 robc=10 robd=10 robw=512  -0.0222   1.1416   150.17  1435.85  Unsustainable
  bp=2048 bpt=a53 l1da=4 l1d=16 l1ia=8 l1i=16 l2a=8 l2=512 l3a=4 l3=4096 nhist=2 robc=10 robd=10 robw=256  -0.0142   1.1410   114.46   997.40  Unsustainable
  bp=512 bpt=a53 l1da=8 l1d=16 l1ia=8 l1i=16 l2a=8 l2=512 l3a=16 l3=4096 nhist=4 robc=10 robd=8 robw=256  -0.0123   1.1408    99.05   536.88  Unsustainable
  bp=2048 bpt=a53 l1da=4 l1d=16 l1ia=8 l1i=16 l2a=4 l2=512 l3a=16 l3=4096 nhist=2 robc=8 robd=10 robw=32   0.0613   1.1261    78.25    60.46  Unsustainable
  bpt=pentium_m l1da=4 l1d=16 l1ia=8 l1i=16 l2a=4 l2=128 l3a=4 l3=4096 robc=2 robd=2 robw=256   0.8480   1.1099    54.07    18.48  Unsustainable
  bp=2048 bpt=a53 l1da=4 l1d=16 l1ia=8 l1i=16 l2a=4 l2=128 l3a=4 l3=4096 nhist=2 robc=2 robd=2 robw=256   0.8480   1.1098    54.07    18.48  Unsustainable
  bpt=pentium_m l1da=8 l1d=64 l1ia=4 l1i=64 l2a=8 l2=256 l3a=8 l3=2048 robc=2 robd=2 robw=128   1.1798   1.0322    45.28    16.97  Strongly Sust.
  bpt=pentium_m l1da=8 l1d=64 l1ia=4 l1i=32 l2a=8 l2=256 l3a=8 l3=2048 robc=8 robd=2 robw=32   1.2307   1.0259    44.58    16.55  Strongly Sust.
  bpt=pentium_m l1da=4 l1d=16 l1ia=8 l1i=16 l2a=4 l2=128 l3a=4 l3=2048 robc=2 robd=2 robw=256   1.3038   1.0252    41.63    16.74  Strongly Sust.
  bpt=pentium_m l1da=4 l1d=16 l1ia=8 l1i=16 l2a=4 l2=128 l3a=4 l3=2048 robc=2 robd=2 robw=64   1.3354   1.0249    41.46    16.41  Strongly Sust.
  bpt=pentium_m l1da=4 l1d=16 l1ia=8 l1i=16 l2a=4 l2=128 l3a=4 l3=2048 robc=2 robd=2 robw=32   1.3544   1.0188    41.39    16.20  Strongly Sust.
  bpt=nn l1da=4 l1d=16 l1ia=8 l1i=16 l2a=4 l2=128 l3a=4 l3=2048 nnbl=16 nnlr=0.001 robc=2 robd=2 robw=32   1.3601   1.0063    41.39    16.13  Strongly Sust.
  bpt=nn l1da=4 l1d=16 l1ia=8 l1i=16 l2a=4 l2=128 l3a=4 l3=2048 nnbl=64 nnlr=0.0005 robc=2 robd=2 robw=32   1.3695   0.9888    41.39    16.02  Strongly Sust.
  Ran sniper 1 time this iteration (33 total).

=== Iteration 28 ===
  Evaluating 1 configuration(s) (top acquisition score of 400 candidates)...
  [mesmo] bpt=pentium_m l1da=4 l1d=16 l1ia=8 l1i=16 l2a=8 l2=512 l3a=4 l3=4096 robc=10 robd=10 robw=256  ASI=-0.0142  S=1.1414  A= 114.46  P=997.40  [Unsustainable]  [ML2=1.76x, ML2_orig=1.09x, CCl=1.00x, MIP=1.01x, EI=1.00x]
  Deleted 1 non-Pareto output directory.

  Pareto front after iteration 28 (13 points, HV=1.4786):
  Params                                  ASI  Speedup     Area  PeakPow  Region
  ──────────────────────────────────────────────────────────────────────────────
  bpt=pentium_m l1da=4 l1d=16 l1ia=4 l1i=32 l2a=4 l2=512 l3a=4 l3=4096 robc=10 robd=10 robw=512  -0.0222   1.1416   150.17  1435.85  Unsustainable
  bpt=pentium_m l1da=4 l1d=16 l1ia=8 l1i=16 l2a=8 l2=512 l3a=4 l3=4096 robc=10 robd=10 robw=256  -0.0142   1.1414   114.46   997.40  Unsustainable
  bp=512 bpt=a53 l1da=8 l1d=16 l1ia=8 l1i=16 l2a=8 l2=512 l3a=16 l3=4096 nhist=4 robc=10 robd=8 robw=256  -0.0123   1.1408    99.05   536.88  Unsustainable
  bp=2048 bpt=a53 l1da=4 l1d=16 l1ia=8 l1i=16 l2a=4 l2=512 l3a=16 l3=4096 nhist=2 robc=8 robd=10 robw=32   0.0613   1.1261    78.25    60.46  Unsustainable
  bpt=pentium_m l1da=4 l1d=16 l1ia=8 l1i=16 l2a=4 l2=128 l3a=4 l3=4096 robc=2 robd=2 robw=256   0.8480   1.1099    54.07    18.48  Unsustainable
  bp=2048 bpt=a53 l1da=4 l1d=16 l1ia=8 l1i=16 l2a=4 l2=128 l3a=4 l3=4096 nhist=2 robc=2 robd=2 robw=256   0.8480   1.1098    54.07    18.48  Unsustainable
  bpt=pentium_m l1da=8 l1d=64 l1ia=4 l1i=64 l2a=8 l2=256 l3a=8 l3=2048 robc=2 robd=2 robw=128   1.1798   1.0322    45.28    16.97  Strongly Sust.
  bpt=pentium_m l1da=8 l1d=64 l1ia=4 l1i=32 l2a=8 l2=256 l3a=8 l3=2048 robc=8 robd=2 robw=32   1.2307   1.0259    44.58    16.55  Strongly Sust.
  bpt=pentium_m l1da=4 l1d=16 l1ia=8 l1i=16 l2a=4 l2=128 l3a=4 l3=2048 robc=2 robd=2 robw=256   1.3038   1.0252    41.63    16.74  Strongly Sust.
  bpt=pentium_m l1da=4 l1d=16 l1ia=8 l1i=16 l2a=4 l2=128 l3a=4 l3=2048 robc=2 robd=2 robw=64   1.3354   1.0249    41.46    16.41  Strongly Sust.
  bpt=pentium_m l1da=4 l1d=16 l1ia=8 l1i=16 l2a=4 l2=128 l3a=4 l3=2048 robc=2 robd=2 robw=32   1.3544   1.0188    41.39    16.20  Strongly Sust.
  bpt=nn l1da=4 l1d=16 l1ia=8 l1i=16 l2a=4 l2=128 l3a=4 l3=2048 nnbl=16 nnlr=0.001 robc=2 robd=2 robw=32   1.3601   1.0063    41.39    16.13  Strongly Sust.
  bpt=nn l1da=4 l1d=16 l1ia=8 l1i=16 l2a=4 l2=128 l3a=4 l3=2048 nnbl=64 nnlr=0.0005 robc=2 robd=2 robw=32   1.3695   0.9888    41.39    16.02  Strongly Sust.
  Ran sniper 1 time this iteration (34 total).

=== Iteration 29 ===
  Evaluating 1 configuration(s) (top acquisition score of 400 candidates)...
  [mesmo] bpt=nn l1da=4 l1d=16 l1ia=8 l1i=16 l2a=4 l2=128 l3a=4 l3=2048 nnbl=64 nnlr=0.001 robc=2 robd=2 robw=32  ASI= 1.3702  S=0.9914  A=  41.39  P= 16.01  [Strongly Sust.]  [ML2=1.16x, ML2_orig=1.00x, CCl=0.99x, MIP=0.97x, EI=0.86x]
  Deleted 1 non-Pareto output directory.

  Pareto front after iteration 29 (13 points, HV=1.4793):
  Params                                  ASI  Speedup     Area  PeakPow  Region
  ──────────────────────────────────────────────────────────────────────────────
  bpt=pentium_m l1da=4 l1d=16 l1ia=4 l1i=32 l2a=4 l2=512 l3a=4 l3=4096 robc=10 robd=10 robw=512  -0.0222   1.1416   150.17  1435.85  Unsustainable
  bpt=pentium_m l1da=4 l1d=16 l1ia=8 l1i=16 l2a=8 l2=512 l3a=4 l3=4096 robc=10 robd=10 robw=256  -0.0142   1.1414   114.46   997.40  Unsustainable
  bp=512 bpt=a53 l1da=8 l1d=16 l1ia=8 l1i=16 l2a=8 l2=512 l3a=16 l3=4096 nhist=4 robc=10 robd=8 robw=256  -0.0123   1.1408    99.05   536.88  Unsustainable
  bp=2048 bpt=a53 l1da=4 l1d=16 l1ia=8 l1i=16 l2a=4 l2=512 l3a=16 l3=4096 nhist=2 robc=8 robd=10 robw=32   0.0613   1.1261    78.25    60.46  Unsustainable
  bpt=pentium_m l1da=4 l1d=16 l1ia=8 l1i=16 l2a=4 l2=128 l3a=4 l3=4096 robc=2 robd=2 robw=256   0.8480   1.1099    54.07    18.48  Unsustainable
  bp=2048 bpt=a53 l1da=4 l1d=16 l1ia=8 l1i=16 l2a=4 l2=128 l3a=4 l3=4096 nhist=2 robc=2 robd=2 robw=256   0.8480   1.1098    54.07    18.48  Unsustainable
  bpt=pentium_m l1da=8 l1d=64 l1ia=4 l1i=64 l2a=8 l2=256 l3a=8 l3=2048 robc=2 robd=2 robw=128   1.1798   1.0322    45.28    16.97  Strongly Sust.
  bpt=pentium_m l1da=8 l1d=64 l1ia=4 l1i=32 l2a=8 l2=256 l3a=8 l3=2048 robc=8 robd=2 robw=32   1.2307   1.0259    44.58    16.55  Strongly Sust.
  bpt=pentium_m l1da=4 l1d=16 l1ia=8 l1i=16 l2a=4 l2=128 l3a=4 l3=2048 robc=2 robd=2 robw=256   1.3038   1.0252    41.63    16.74  Strongly Sust.
  bpt=pentium_m l1da=4 l1d=16 l1ia=8 l1i=16 l2a=4 l2=128 l3a=4 l3=2048 robc=2 robd=2 robw=64   1.3354   1.0249    41.46    16.41  Strongly Sust.
  bpt=pentium_m l1da=4 l1d=16 l1ia=8 l1i=16 l2a=4 l2=128 l3a=4 l3=2048 robc=2 robd=2 robw=32   1.3544   1.0188    41.39    16.20  Strongly Sust.
  bpt=nn l1da=4 l1d=16 l1ia=8 l1i=16 l2a=4 l2=128 l3a=4 l3=2048 nnbl=16 nnlr=0.001 robc=2 robd=2 robw=32   1.3601   1.0063    41.39    16.13  Strongly Sust.
  bpt=nn l1da=4 l1d=16 l1ia=8 l1i=16 l2a=4 l2=128 l3a=4 l3=2048 nnbl=64 nnlr=0.001 robc=2 robd=2 robw=32   1.3702   0.9914    41.39    16.01  Strongly Sust.
  Ran sniper 1 time this iteration (35 total).

=== Iteration 30 ===
  Evaluating 1 configuration(s) (top acquisition score of 400 candidates)...
  [mesmo] bpt=pentium_m l1da=8 l1d=32 l1ia=8 l1i=64 l2a=8 l2=256 l3a=16 l3=1024 robc=2 robd=2 robw=32  ASI= 1.2768  S=0.9947  A=  43.15  P= 16.50  [Strongly Sust.]  [ML2=1.00x, ML2_orig=1.03x, CCl=0.99x, MIP=0.97x, EI=0.98x]
  Deleted 1 non-Pareto output directory.

  Pareto front after iteration 30 (13 points, HV=1.4793):
  Params                                  ASI  Speedup     Area  PeakPow  Region
  ──────────────────────────────────────────────────────────────────────────────
  bpt=pentium_m l1da=4 l1d=16 l1ia=4 l1i=32 l2a=4 l2=512 l3a=4 l3=4096 robc=10 robd=10 robw=512  -0.0222   1.1416   150.17  1435.85  Unsustainable
  bpt=pentium_m l1da=4 l1d=16 l1ia=8 l1i=16 l2a=8 l2=512 l3a=4 l3=4096 robc=10 robd=10 robw=256  -0.0142   1.1414   114.46   997.40  Unsustainable
  bp=512 bpt=a53 l1da=8 l1d=16 l1ia=8 l1i=16 l2a=8 l2=512 l3a=16 l3=4096 nhist=4 robc=10 robd=8 robw=256  -0.0123   1.1408    99.05   536.88  Unsustainable
  bp=2048 bpt=a53 l1da=4 l1d=16 l1ia=8 l1i=16 l2a=4 l2=512 l3a=16 l3=4096 nhist=2 robc=8 robd=10 robw=32   0.0613   1.1261    78.25    60.46  Unsustainable
  bpt=pentium_m l1da=4 l1d=16 l1ia=8 l1i=16 l2a=4 l2=128 l3a=4 l3=4096 robc=2 robd=2 robw=256   0.8480   1.1099    54.07    18.48  Unsustainable
  bp=2048 bpt=a53 l1da=4 l1d=16 l1ia=8 l1i=16 l2a=4 l2=128 l3a=4 l3=4096 nhist=2 robc=2 robd=2 robw=256   0.8480   1.1098    54.07    18.48  Unsustainable
  bpt=pentium_m l1da=8 l1d=64 l1ia=4 l1i=64 l2a=8 l2=256 l3a=8 l3=2048 robc=2 robd=2 robw=128   1.1798   1.0322    45.28    16.97  Strongly Sust.
  bpt=pentium_m l1da=8 l1d=64 l1ia=4 l1i=32 l2a=8 l2=256 l3a=8 l3=2048 robc=8 robd=2 robw=32   1.2307   1.0259    44.58    16.55  Strongly Sust.
  bpt=pentium_m l1da=4 l1d=16 l1ia=8 l1i=16 l2a=4 l2=128 l3a=4 l3=2048 robc=2 robd=2 robw=256   1.3038   1.0252    41.63    16.74  Strongly Sust.
  bpt=pentium_m l1da=4 l1d=16 l1ia=8 l1i=16 l2a=4 l2=128 l3a=4 l3=2048 robc=2 robd=2 robw=64   1.3354   1.0249    41.46    16.41  Strongly Sust.
  bpt=pentium_m l1da=4 l1d=16 l1ia=8 l1i=16 l2a=4 l2=128 l3a=4 l3=2048 robc=2 robd=2 robw=32   1.3544   1.0188    41.39    16.20  Strongly Sust.
  bpt=nn l1da=4 l1d=16 l1ia=8 l1i=16 l2a=4 l2=128 l3a=4 l3=2048 nnbl=16 nnlr=0.001 robc=2 robd=2 robw=32   1.3601   1.0063    41.39    16.13  Strongly Sust.
  bpt=nn l1da=4 l1d=16 l1ia=8 l1i=16 l2a=4 l2=128 l3a=4 l3=2048 nnbl=64 nnlr=0.001 robc=2 robd=2 robw=32   1.3702   0.9914    41.39    16.01  Strongly Sust.
  Ran sniper 1 time this iteration (36 total).

=== Iteration 31 ===
  Evaluating 1 configuration(s) (top acquisition score of 400 candidates)...
  [mesmo] bpt=pentium_m l1da=4 l1d=16 l1ia=8 l1i=16 l2a=4 l2=512 l3a=8 l3=8192 robc=10 robd=4 robw=16  ASI=-0.1997  S=1.1113  A=  96.48  P= 26.61  [Unsustainable]  [ML2=1.76x, ML2_orig=1.09x, CCl=0.97x, MIP=0.95x, EI=0.96x]
  Deleted 1 non-Pareto output directory.

  Pareto front after iteration 31 (13 points, HV=1.4793):
  Params                                  ASI  Speedup     Area  PeakPow  Region
  ──────────────────────────────────────────────────────────────────────────────
  bpt=pentium_m l1da=4 l1d=16 l1ia=4 l1i=32 l2a=4 l2=512 l3a=4 l3=4096 robc=10 robd=10 robw=512  -0.0222   1.1416   150.17  1435.85  Unsustainable
  bpt=pentium_m l1da=4 l1d=16 l1ia=8 l1i=16 l2a=8 l2=512 l3a=4 l3=4096 robc=10 robd=10 robw=256  -0.0142   1.1414   114.46   997.40  Unsustainable
  bp=512 bpt=a53 l1da=8 l1d=16 l1ia=8 l1i=16 l2a=8 l2=512 l3a=16 l3=4096 nhist=4 robc=10 robd=8 robw=256  -0.0123   1.1408    99.05   536.88  Unsustainable
  bp=2048 bpt=a53 l1da=4 l1d=16 l1ia=8 l1i=16 l2a=4 l2=512 l3a=16 l3=4096 nhist=2 robc=8 robd=10 robw=32   0.0613   1.1261    78.25    60.46  Unsustainable
  bpt=pentium_m l1da=4 l1d=16 l1ia=8 l1i=16 l2a=4 l2=128 l3a=4 l3=4096 robc=2 robd=2 robw=256   0.8480   1.1099    54.07    18.48  Unsustainable
  bp=2048 bpt=a53 l1da=4 l1d=16 l1ia=8 l1i=16 l2a=4 l2=128 l3a=4 l3=4096 nhist=2 robc=2 robd=2 robw=256   0.8480   1.1098    54.07    18.48  Unsustainable
  bpt=pentium_m l1da=8 l1d=64 l1ia=4 l1i=64 l2a=8 l2=256 l3a=8 l3=2048 robc=2 robd=2 robw=128   1.1798   1.0322    45.28    16.97  Strongly Sust.
  bpt=pentium_m l1da=8 l1d=64 l1ia=4 l1i=32 l2a=8 l2=256 l3a=8 l3=2048 robc=8 robd=2 robw=32   1.2307   1.0259    44.58    16.55  Strongly Sust.
  bpt=pentium_m l1da=4 l1d=16 l1ia=8 l1i=16 l2a=4 l2=128 l3a=4 l3=2048 robc=2 robd=2 robw=256   1.3038   1.0252    41.63    16.74  Strongly Sust.
  bpt=pentium_m l1da=4 l1d=16 l1ia=8 l1i=16 l2a=4 l2=128 l3a=4 l3=2048 robc=2 robd=2 robw=64   1.3354   1.0249    41.46    16.41  Strongly Sust.
  bpt=pentium_m l1da=4 l1d=16 l1ia=8 l1i=16 l2a=4 l2=128 l3a=4 l3=2048 robc=2 robd=2 robw=32   1.3544   1.0188    41.39    16.20  Strongly Sust.
  bpt=nn l1da=4 l1d=16 l1ia=8 l1i=16 l2a=4 l2=128 l3a=4 l3=2048 nnbl=16 nnlr=0.001 robc=2 robd=2 robw=32   1.3601   1.0063    41.39    16.13  Strongly Sust.
  bpt=nn l1da=4 l1d=16 l1ia=8 l1i=16 l2a=4 l2=128 l3a=4 l3=2048 nnbl=64 nnlr=0.001 robc=2 robd=2 robw=32   1.3702   0.9914    41.39    16.01  Strongly Sust.
  Ran sniper 1 time this iteration (37 total).

=== Iteration 32 ===
  Evaluating 1 configuration(s) (top acquisition score of 400 candidates)...
  [mesmo] bpt=tage l1da=8 l1d=32 l1ia=4 l1i=64 l2a=8 l2=256 l3a=16 l3=2048 robc=4 robd=2 robw=32  ASI= 1.1671  S=1.0259  A=  46.57  P= 16.60  [Strongly Sust.]  [ML2=1.17x, ML2_orig=1.03x, CCl=1.00x, MIP=0.97x, EI=0.98x]
  Deleted 1 non-Pareto output directory.

  Pareto front after iteration 32 (13 points, HV=1.4793):
  Params                                  ASI  Speedup     Area  PeakPow  Region
  ──────────────────────────────────────────────────────────────────────────────
  bpt=pentium_m l1da=4 l1d=16 l1ia=4 l1i=32 l2a=4 l2=512 l3a=4 l3=4096 robc=10 robd=10 robw=512  -0.0222   1.1416   150.17  1435.85  Unsustainable
  bpt=pentium_m l1da=4 l1d=16 l1ia=8 l1i=16 l2a=8 l2=512 l3a=4 l3=4096 robc=10 robd=10 robw=256  -0.0142   1.1414   114.46   997.40  Unsustainable
  bp=512 bpt=a53 l1da=8 l1d=16 l1ia=8 l1i=16 l2a=8 l2=512 l3a=16 l3=4096 nhist=4 robc=10 robd=8 robw=256  -0.0123   1.1408    99.05   536.88  Unsustainable
  bp=2048 bpt=a53 l1da=4 l1d=16 l1ia=8 l1i=16 l2a=4 l2=512 l3a=16 l3=4096 nhist=2 robc=8 robd=10 robw=32   0.0613   1.1261    78.25    60.46  Unsustainable
  bpt=pentium_m l1da=4 l1d=16 l1ia=8 l1i=16 l2a=4 l2=128 l3a=4 l3=4096 robc=2 robd=2 robw=256   0.8480   1.1099    54.07    18.48  Unsustainable
  bp=2048 bpt=a53 l1da=4 l1d=16 l1ia=8 l1i=16 l2a=4 l2=128 l3a=4 l3=4096 nhist=2 robc=2 robd=2 robw=256   0.8480   1.1098    54.07    18.48  Unsustainable
  bpt=pentium_m l1da=8 l1d=64 l1ia=4 l1i=64 l2a=8 l2=256 l3a=8 l3=2048 robc=2 robd=2 robw=128   1.1798   1.0322    45.28    16.97  Strongly Sust.
  bpt=pentium_m l1da=8 l1d=64 l1ia=4 l1i=32 l2a=8 l2=256 l3a=8 l3=2048 robc=8 robd=2 robw=32   1.2307   1.0259    44.58    16.55  Strongly Sust.
  bpt=pentium_m l1da=4 l1d=16 l1ia=8 l1i=16 l2a=4 l2=128 l3a=4 l3=2048 robc=2 robd=2 robw=256   1.3038   1.0252    41.63    16.74  Strongly Sust.
  bpt=pentium_m l1da=4 l1d=16 l1ia=8 l1i=16 l2a=4 l2=128 l3a=4 l3=2048 robc=2 robd=2 robw=64   1.3354   1.0249    41.46    16.41  Strongly Sust.
  bpt=pentium_m l1da=4 l1d=16 l1ia=8 l1i=16 l2a=4 l2=128 l3a=4 l3=2048 robc=2 robd=2 robw=32   1.3544   1.0188    41.39    16.20  Strongly Sust.
  bpt=nn l1da=4 l1d=16 l1ia=8 l1i=16 l2a=4 l2=128 l3a=4 l3=2048 nnbl=16 nnlr=0.001 robc=2 robd=2 robw=32   1.3601   1.0063    41.39    16.13  Strongly Sust.
  bpt=nn l1da=4 l1d=16 l1ia=8 l1i=16 l2a=4 l2=128 l3a=4 l3=2048 nnbl=64 nnlr=0.001 robc=2 robd=2 robw=32   1.3702   0.9914    41.39    16.01  Strongly Sust.
  Ran sniper 1 time this iteration (38 total).

=== Iteration 33 ===
  Evaluating 1 configuration(s) (top acquisition score of 400 candidates)...
  [mesmo] bpt=tage l1da=8 l1d=64 l1ia=4 l1i=64 l2a=8 l2=128 l3a=16 l3=1024 robc=2 robd=2 robw=32  ASI= 1.4287  S=0.9893  A=  40.55  P= 15.65  [Strongly Sust.]  [ML2=1.00x, ML2_orig=1.00x, CCl=1.00x, MIP=0.97x, EI=0.98x]

  Pareto front after iteration 33 (14 points, HV=1.5372):
  Params                                  ASI  Speedup     Area  PeakPow  Region
  ──────────────────────────────────────────────────────────────────────────────
  bpt=pentium_m l1da=4 l1d=16 l1ia=4 l1i=32 l2a=4 l2=512 l3a=4 l3=4096 robc=10 robd=10 robw=512  -0.0222   1.1416   150.17  1435.85  Unsustainable
  bpt=pentium_m l1da=4 l1d=16 l1ia=8 l1i=16 l2a=8 l2=512 l3a=4 l3=4096 robc=10 robd=10 robw=256  -0.0142   1.1414   114.46   997.40  Unsustainable
  bp=512 bpt=a53 l1da=8 l1d=16 l1ia=8 l1i=16 l2a=8 l2=512 l3a=16 l3=4096 nhist=4 robc=10 robd=8 robw=256  -0.0123   1.1408    99.05   536.88  Unsustainable
  bp=2048 bpt=a53 l1da=4 l1d=16 l1ia=8 l1i=16 l2a=4 l2=512 l3a=16 l3=4096 nhist=2 robc=8 robd=10 robw=32   0.0613   1.1261    78.25    60.46  Unsustainable
  bpt=pentium_m l1da=4 l1d=16 l1ia=8 l1i=16 l2a=4 l2=128 l3a=4 l3=4096 robc=2 robd=2 robw=256   0.8480   1.1099    54.07    18.48  Unsustainable
  bp=2048 bpt=a53 l1da=4 l1d=16 l1ia=8 l1i=16 l2a=4 l2=128 l3a=4 l3=4096 nhist=2 robc=2 robd=2 robw=256   0.8480   1.1098    54.07    18.48  Unsustainable
  bpt=pentium_m l1da=8 l1d=64 l1ia=4 l1i=64 l2a=8 l2=256 l3a=8 l3=2048 robc=2 robd=2 robw=128   1.1798   1.0322    45.28    16.97  Strongly Sust.
  bpt=pentium_m l1da=8 l1d=64 l1ia=4 l1i=32 l2a=8 l2=256 l3a=8 l3=2048 robc=8 robd=2 robw=32   1.2307   1.0259    44.58    16.55  Strongly Sust.
  bpt=pentium_m l1da=4 l1d=16 l1ia=8 l1i=16 l2a=4 l2=128 l3a=4 l3=2048 robc=2 robd=2 robw=256   1.3038   1.0252    41.63    16.74  Strongly Sust.
  bpt=pentium_m l1da=4 l1d=16 l1ia=8 l1i=16 l2a=4 l2=128 l3a=4 l3=2048 robc=2 robd=2 robw=64   1.3354   1.0249    41.46    16.41  Strongly Sust.
  bpt=pentium_m l1da=4 l1d=16 l1ia=8 l1i=16 l2a=4 l2=128 l3a=4 l3=2048 robc=2 robd=2 robw=32   1.3544   1.0188    41.39    16.20  Strongly Sust.
  bpt=nn l1da=4 l1d=16 l1ia=8 l1i=16 l2a=4 l2=128 l3a=4 l3=2048 nnbl=16 nnlr=0.001 robc=2 robd=2 robw=32   1.3601   1.0063    41.39    16.13  Strongly Sust.
  bpt=nn l1da=4 l1d=16 l1ia=8 l1i=16 l2a=4 l2=128 l3a=4 l3=2048 nnbl=64 nnlr=0.001 robc=2 robd=2 robw=32   1.3702   0.9914    41.39    16.01  Strongly Sust.
  bpt=tage l1da=8 l1d=64 l1ia=4 l1i=64 l2a=8 l2=128 l3a=16 l3=1024 robc=2 robd=2 robw=32   1.4287   0.9893    40.55    15.65  Strongly Sust.
  Ran sniper 1 time this iteration (39 total).

=== Iteration 34 ===
  Evaluating 1 configuration(s) (top acquisition score of 400 candidates)...
  [mesmo] bpt=nn l1da=4 l1d=64 l1ia=8 l1i=32 l2a=8 l2=128 l3a=16 l3=2048 nnbl=16 nnlr=0.0005 robc=8 robd=2 robw=32  ASI= 1.3190  S=1.0129  A=  42.13  P= 16.36  [Strongly Sust.]  [ML2=1.16x, ML2_orig=0.99x, CCl=0.98x, MIP=0.97x, EI=0.97x]
  Deleted 1 non-Pareto output directory.

  Pareto front after iteration 34 (14 points, HV=1.5372):
  Params                                  ASI  Speedup     Area  PeakPow  Region
  ──────────────────────────────────────────────────────────────────────────────
  bpt=pentium_m l1da=4 l1d=16 l1ia=4 l1i=32 l2a=4 l2=512 l3a=4 l3=4096 robc=10 robd=10 robw=512  -0.0222   1.1416   150.17  1435.85  Unsustainable
  bpt=pentium_m l1da=4 l1d=16 l1ia=8 l1i=16 l2a=8 l2=512 l3a=4 l3=4096 robc=10 robd=10 robw=256  -0.0142   1.1414   114.46   997.40  Unsustainable
  bp=512 bpt=a53 l1da=8 l1d=16 l1ia=8 l1i=16 l2a=8 l2=512 l3a=16 l3=4096 nhist=4 robc=10 robd=8 robw=256  -0.0123   1.1408    99.05   536.88  Unsustainable
  bp=2048 bpt=a53 l1da=4 l1d=16 l1ia=8 l1i=16 l2a=4 l2=512 l3a=16 l3=4096 nhist=2 robc=8 robd=10 robw=32   0.0613   1.1261    78.25    60.46  Unsustainable
  bpt=pentium_m l1da=4 l1d=16 l1ia=8 l1i=16 l2a=4 l2=128 l3a=4 l3=4096 robc=2 robd=2 robw=256   0.8480   1.1099    54.07    18.48  Unsustainable
  bp=2048 bpt=a53 l1da=4 l1d=16 l1ia=8 l1i=16 l2a=4 l2=128 l3a=4 l3=4096 nhist=2 robc=2 robd=2 robw=256   0.8480   1.1098    54.07    18.48  Unsustainable
  bpt=pentium_m l1da=8 l1d=64 l1ia=4 l1i=64 l2a=8 l2=256 l3a=8 l3=2048 robc=2 robd=2 robw=128   1.1798   1.0322    45.28    16.97  Strongly Sust.
  bpt=pentium_m l1da=8 l1d=64 l1ia=4 l1i=32 l2a=8 l2=256 l3a=8 l3=2048 robc=8 robd=2 robw=32   1.2307   1.0259    44.58    16.55  Strongly Sust.
  bpt=pentium_m l1da=4 l1d=16 l1ia=8 l1i=16 l2a=4 l2=128 l3a=4 l3=2048 robc=2 robd=2 robw=256   1.3038   1.0252    41.63    16.74  Strongly Sust.
  bpt=pentium_m l1da=4 l1d=16 l1ia=8 l1i=16 l2a=4 l2=128 l3a=4 l3=2048 robc=2 robd=2 robw=64   1.3354   1.0249    41.46    16.41  Strongly Sust.
  bpt=pentium_m l1da=4 l1d=16 l1ia=8 l1i=16 l2a=4 l2=128 l3a=4 l3=2048 robc=2 robd=2 robw=32   1.3544   1.0188    41.39    16.20  Strongly Sust.
  bpt=nn l1da=4 l1d=16 l1ia=8 l1i=16 l2a=4 l2=128 l3a=4 l3=2048 nnbl=16 nnlr=0.001 robc=2 robd=2 robw=32   1.3601   1.0063    41.39    16.13  Strongly Sust.
  bpt=nn l1da=4 l1d=16 l1ia=8 l1i=16 l2a=4 l2=128 l3a=4 l3=2048 nnbl=64 nnlr=0.001 robc=2 robd=2 robw=32   1.3702   0.9914    41.39    16.01  Strongly Sust.
  bpt=tage l1da=8 l1d=64 l1ia=4 l1i=64 l2a=8 l2=128 l3a=16 l3=1024 robc=2 robd=2 robw=32   1.4287   0.9893    40.55    15.65  Strongly Sust.
  Ran sniper 1 time this iteration (40 total).

=== Iteration 35 ===
  Evaluating 1 configuration(s) (top acquisition score of 400 candidates)...
  [mesmo] bpt=tage l1da=4 l1d=16 l1ia=4 l1i=16 l2a=4 l2=256 l3a=4 l3=4096 robc=2 robd=10 robw=64  ASI= 0.1181  S=1.1228  A=  71.29  P= 60.56  [Unsustainable]  [ML2=1.74x, ML2_orig=1.03x, CCl=1.00x, MIP=1.01x, EI=0.99x]

  Pareto front after iteration 35 (15 points, HV=1.5379):
  Params                                  ASI  Speedup     Area  PeakPow  Region
  ──────────────────────────────────────────────────────────────────────────────
  bpt=pentium_m l1da=4 l1d=16 l1ia=4 l1i=32 l2a=4 l2=512 l3a=4 l3=4096 robc=10 robd=10 robw=512  -0.0222   1.1416   150.17  1435.85  Unsustainable
  bpt=pentium_m l1da=4 l1d=16 l1ia=8 l1i=16 l2a=8 l2=512 l3a=4 l3=4096 robc=10 robd=10 robw=256  -0.0142   1.1414   114.46   997.40  Unsustainable
  bp=512 bpt=a53 l1da=8 l1d=16 l1ia=8 l1i=16 l2a=8 l2=512 l3a=16 l3=4096 nhist=4 robc=10 robd=8 robw=256  -0.0123   1.1408    99.05   536.88  Unsustainable
  bp=2048 bpt=a53 l1da=4 l1d=16 l1ia=8 l1i=16 l2a=4 l2=512 l3a=16 l3=4096 nhist=2 robc=8 robd=10 robw=32   0.0613   1.1261    78.25    60.46  Unsustainable
  bpt=tage l1da=4 l1d=16 l1ia=4 l1i=16 l2a=4 l2=256 l3a=4 l3=4096 robc=2 robd=10 robw=64   0.1181   1.1228    71.29    60.56  Unsustainable
  bpt=pentium_m l1da=4 l1d=16 l1ia=8 l1i=16 l2a=4 l2=128 l3a=4 l3=4096 robc=2 robd=2 robw=256   0.8480   1.1099    54.07    18.48  Unsustainable
  bp=2048 bpt=a53 l1da=4 l1d=16 l1ia=8 l1i=16 l2a=4 l2=128 l3a=4 l3=4096 nhist=2 robc=2 robd=2 robw=256   0.8480   1.1098    54.07    18.48  Unsustainable
  bpt=pentium_m l1da=8 l1d=64 l1ia=4 l1i=64 l2a=8 l2=256 l3a=8 l3=2048 robc=2 robd=2 robw=128   1.1798   1.0322    45.28    16.97  Strongly Sust.
  bpt=pentium_m l1da=8 l1d=64 l1ia=4 l1i=32 l2a=8 l2=256 l3a=8 l3=2048 robc=8 robd=2 robw=32   1.2307   1.0259    44.58    16.55  Strongly Sust.
  bpt=pentium_m l1da=4 l1d=16 l1ia=8 l1i=16 l2a=4 l2=128 l3a=4 l3=2048 robc=2 robd=2 robw=256   1.3038   1.0252    41.63    16.74  Strongly Sust.
  bpt=pentium_m l1da=4 l1d=16 l1ia=8 l1i=16 l2a=4 l2=128 l3a=4 l3=2048 robc=2 robd=2 robw=64   1.3354   1.0249    41.46    16.41  Strongly Sust.
  bpt=pentium_m l1da=4 l1d=16 l1ia=8 l1i=16 l2a=4 l2=128 l3a=4 l3=2048 robc=2 robd=2 robw=32   1.3544   1.0188    41.39    16.20  Strongly Sust.
  bpt=nn l1da=4 l1d=16 l1ia=8 l1i=16 l2a=4 l2=128 l3a=4 l3=2048 nnbl=16 nnlr=0.001 robc=2 robd=2 robw=32   1.3601   1.0063    41.39    16.13  Strongly Sust.
  bpt=nn l1da=4 l1d=16 l1ia=8 l1i=16 l2a=4 l2=128 l3a=4 l3=2048 nnbl=64 nnlr=0.001 robc=2 robd=2 robw=32   1.3702   0.9914    41.39    16.01  Strongly Sust.
  bpt=tage l1da=8 l1d=64 l1ia=4 l1i=64 l2a=8 l2=128 l3a=16 l3=1024 robc=2 robd=2 robw=32   1.4287   0.9893    40.55    15.65  Strongly Sust.
  Ran sniper 1 time this iteration (41 total).

=== Iteration 36 ===
  Evaluating 1 configuration(s) (top acquisition score of 400 candidates)...
  [mesmo] bp=2048 bpt=a53 l1da=8 l1d=64 l1ia=4 l1i=64 l2a=8 l2=128 l3a=16 l3=1024 nhist=2 robc=2 robd=2 robw=32  ASI= 1.4295  S=0.9871  A=  40.55  P= 15.64  [Strongly Sust.]  [ML2=1.00x, ML2_orig=1.00x, CCl=0.98x, MIP=0.97x, EI=0.98x]

  Pareto front after iteration 36 (16 points, HV=1.5387):
  Params                                  ASI  Speedup     Area  PeakPow  Region
  ──────────────────────────────────────────────────────────────────────────────
  bpt=pentium_m l1da=4 l1d=16 l1ia=4 l1i=32 l2a=4 l2=512 l3a=4 l3=4096 robc=10 robd=10 robw=512  -0.0222   1.1416   150.17  1435.85  Unsustainable
  bpt=pentium_m l1da=4 l1d=16 l1ia=8 l1i=16 l2a=8 l2=512 l3a=4 l3=4096 robc=10 robd=10 robw=256  -0.0142   1.1414   114.46   997.40  Unsustainable
  bp=512 bpt=a53 l1da=8 l1d=16 l1ia=8 l1i=16 l2a=8 l2=512 l3a=16 l3=4096 nhist=4 robc=10 robd=8 robw=256  -0.0123   1.1408    99.05   536.88  Unsustainable
  bp=2048 bpt=a53 l1da=4 l1d=16 l1ia=8 l1i=16 l2a=4 l2=512 l3a=16 l3=4096 nhist=2 robc=8 robd=10 robw=32   0.0613   1.1261    78.25    60.46  Unsustainable
  bpt=tage l1da=4 l1d=16 l1ia=4 l1i=16 l2a=4 l2=256 l3a=4 l3=4096 robc=2 robd=10 robw=64   0.1181   1.1228    71.29    60.56  Unsustainable
  bpt=pentium_m l1da=4 l1d=16 l1ia=8 l1i=16 l2a=4 l2=128 l3a=4 l3=4096 robc=2 robd=2 robw=256   0.8480   1.1099    54.07    18.48  Unsustainable
  bp=2048 bpt=a53 l1da=4 l1d=16 l1ia=8 l1i=16 l2a=4 l2=128 l3a=4 l3=4096 nhist=2 robc=2 robd=2 robw=256   0.8480   1.1098    54.07    18.48  Unsustainable
  bpt=pentium_m l1da=8 l1d=64 l1ia=4 l1i=64 l2a=8 l2=256 l3a=8 l3=2048 robc=2 robd=2 robw=128   1.1798   1.0322    45.28    16.97  Strongly Sust.
  bpt=pentium_m l1da=8 l1d=64 l1ia=4 l1i=32 l2a=8 l2=256 l3a=8 l3=2048 robc=8 robd=2 robw=32   1.2307   1.0259    44.58    16.55  Strongly Sust.
  bpt=pentium_m l1da=4 l1d=16 l1ia=8 l1i=16 l2a=4 l2=128 l3a=4 l3=2048 robc=2 robd=2 robw=256   1.3038   1.0252    41.63    16.74  Strongly Sust.
  bpt=pentium_m l1da=4 l1d=16 l1ia=8 l1i=16 l2a=4 l2=128 l3a=4 l3=2048 robc=2 robd=2 robw=64   1.3354   1.0249    41.46    16.41  Strongly Sust.
  bpt=pentium_m l1da=4 l1d=16 l1ia=8 l1i=16 l2a=4 l2=128 l3a=4 l3=2048 robc=2 robd=2 robw=32   1.3544   1.0188    41.39    16.20  Strongly Sust.
  bpt=nn l1da=4 l1d=16 l1ia=8 l1i=16 l2a=4 l2=128 l3a=4 l3=2048 nnbl=16 nnlr=0.001 robc=2 robd=2 robw=32   1.3601   1.0063    41.39    16.13  Strongly Sust.
  bpt=nn l1da=4 l1d=16 l1ia=8 l1i=16 l2a=4 l2=128 l3a=4 l3=2048 nnbl=64 nnlr=0.001 robc=2 robd=2 robw=32   1.3702   0.9914    41.39    16.01  Strongly Sust.
  bpt=tage l1da=8 l1d=64 l1ia=4 l1i=64 l2a=8 l2=128 l3a=16 l3=1024 robc=2 robd=2 robw=32   1.4287   0.9893    40.55    15.65  Strongly Sust.
  bp=2048 bpt=a53 l1da=8 l1d=64 l1ia=4 l1i=64 l2a=8 l2=128 l3a=16 l3=1024 nhist=2 robc=2 robd=2 robw=32   1.4295   0.9871    40.55    15.64  Strongly Sust.
  Ran sniper 1 time this iteration (42 total).

=== Iteration 37 ===
  Evaluating 1 configuration(s) (top acquisition score of 400 candidates)...
  [mesmo] bpt=tage l1da=4 l1d=16 l1ia=4 l1i=64 l2a=4 l2=512 l3a=16 l3=8192 robc=4 robd=8 robw=64  ASI=-0.2002  S=1.1404  A= 105.08  P= 47.78  [Unsustainable]  [ML2=1.76x, ML2_orig=1.09x, CCl=1.00x, MIP=1.01x, EI=1.00x]
  Deleted 1 non-Pareto output directory.

  Pareto front after iteration 37 (16 points, HV=1.5387):
  Params                                  ASI  Speedup     Area  PeakPow  Region
  ──────────────────────────────────────────────────────────────────────────────
  bpt=pentium_m l1da=4 l1d=16 l1ia=4 l1i=32 l2a=4 l2=512 l3a=4 l3=4096 robc=10 robd=10 robw=512  -0.0222   1.1416   150.17  1435.85  Unsustainable
  bpt=pentium_m l1da=4 l1d=16 l1ia=8 l1i=16 l2a=8 l2=512 l3a=4 l3=4096 robc=10 robd=10 robw=256  -0.0142   1.1414   114.46   997.40  Unsustainable
  bp=512 bpt=a53 l1da=8 l1d=16 l1ia=8 l1i=16 l2a=8 l2=512 l3a=16 l3=4096 nhist=4 robc=10 robd=8 robw=256  -0.0123   1.1408    99.05   536.88  Unsustainable
  bp=2048 bpt=a53 l1da=4 l1d=16 l1ia=8 l1i=16 l2a=4 l2=512 l3a=16 l3=4096 nhist=2 robc=8 robd=10 robw=32   0.0613   1.1261    78.25    60.46  Unsustainable
  bpt=tage l1da=4 l1d=16 l1ia=4 l1i=16 l2a=4 l2=256 l3a=4 l3=4096 robc=2 robd=10 robw=64   0.1181   1.1228    71.29    60.56  Unsustainable
  bpt=pentium_m l1da=4 l1d=16 l1ia=8 l1i=16 l2a=4 l2=128 l3a=4 l3=4096 robc=2 robd=2 robw=256   0.8480   1.1099    54.07    18.48  Unsustainable
  bp=2048 bpt=a53 l1da=4 l1d=16 l1ia=8 l1i=16 l2a=4 l2=128 l3a=4 l3=4096 nhist=2 robc=2 robd=2 robw=256   0.8480   1.1098    54.07    18.48  Unsustainable
  bpt=pentium_m l1da=8 l1d=64 l1ia=4 l1i=64 l2a=8 l2=256 l3a=8 l3=2048 robc=2 robd=2 robw=128   1.1798   1.0322    45.28    16.97  Strongly Sust.
  bpt=pentium_m l1da=8 l1d=64 l1ia=4 l1i=32 l2a=8 l2=256 l3a=8 l3=2048 robc=8 robd=2 robw=32   1.2307   1.0259    44.58    16.55  Strongly Sust.
  bpt=pentium_m l1da=4 l1d=16 l1ia=8 l1i=16 l2a=4 l2=128 l3a=4 l3=2048 robc=2 robd=2 robw=256   1.3038   1.0252    41.63    16.74  Strongly Sust.
  bpt=pentium_m l1da=4 l1d=16 l1ia=8 l1i=16 l2a=4 l2=128 l3a=4 l3=2048 robc=2 robd=2 robw=64   1.3354   1.0249    41.46    16.41  Strongly Sust.
  bpt=pentium_m l1da=4 l1d=16 l1ia=8 l1i=16 l2a=4 l2=128 l3a=4 l3=2048 robc=2 robd=2 robw=32   1.3544   1.0188    41.39    16.20  Strongly Sust.
  bpt=nn l1da=4 l1d=16 l1ia=8 l1i=16 l2a=4 l2=128 l3a=4 l3=2048 nnbl=16 nnlr=0.001 robc=2 robd=2 robw=32   1.3601   1.0063    41.39    16.13  Strongly Sust.
  bpt=nn l1da=4 l1d=16 l1ia=8 l1i=16 l2a=4 l2=128 l3a=4 l3=2048 nnbl=64 nnlr=0.001 robc=2 robd=2 robw=32   1.3702   0.9914    41.39    16.01  Strongly Sust.
  bpt=tage l1da=8 l1d=64 l1ia=4 l1i=64 l2a=8 l2=128 l3a=16 l3=1024 robc=2 robd=2 robw=32   1.4287   0.9893    40.55    15.65  Strongly Sust.
  bp=2048 bpt=a53 l1da=8 l1d=64 l1ia=4 l1i=64 l2a=8 l2=128 l3a=16 l3=1024 nhist=2 robc=2 robd=2 robw=32   1.4295   0.9871    40.55    15.64  Strongly Sust.
  Ran sniper 1 time this iteration (43 total).

=== Iteration 38 ===
  Evaluating 1 configuration(s) (top acquisition score of 400 candidates)...
  [mesmo] bpt=nn l1da=8 l1d=64 l1ia=4 l1i=64 l2a=8 l2=128 l3a=16 l3=1024 nnbl=32 nnlr=0.0005 robc=2 robd=2 robw=32  ASI= 1.4476  S=0.9603  A=  40.55  P= 15.45  [Strongly Sust.]  [ML2=1.00x, ML2_orig=1.00x, CCl=0.98x, MIP=0.97x, EI=0.86x]

  Pareto front after iteration 38 (17 points, HV=1.5561):
  Params                                  ASI  Speedup     Area  PeakPow  Region
  ──────────────────────────────────────────────────────────────────────────────
  bpt=pentium_m l1da=4 l1d=16 l1ia=4 l1i=32 l2a=4 l2=512 l3a=4 l3=4096 robc=10 robd=10 robw=512  -0.0222   1.1416   150.17  1435.85  Unsustainable
  bpt=pentium_m l1da=4 l1d=16 l1ia=8 l1i=16 l2a=8 l2=512 l3a=4 l3=4096 robc=10 robd=10 robw=256  -0.0142   1.1414   114.46   997.40  Unsustainable
  bp=512 bpt=a53 l1da=8 l1d=16 l1ia=8 l1i=16 l2a=8 l2=512 l3a=16 l3=4096 nhist=4 robc=10 robd=8 robw=256  -0.0123   1.1408    99.05   536.88  Unsustainable
  bp=2048 bpt=a53 l1da=4 l1d=16 l1ia=8 l1i=16 l2a=4 l2=512 l3a=16 l3=4096 nhist=2 robc=8 robd=10 robw=32   0.0613   1.1261    78.25    60.46  Unsustainable
  bpt=tage l1da=4 l1d=16 l1ia=4 l1i=16 l2a=4 l2=256 l3a=4 l3=4096 robc=2 robd=10 robw=64   0.1181   1.1228    71.29    60.56  Unsustainable
  bpt=pentium_m l1da=4 l1d=16 l1ia=8 l1i=16 l2a=4 l2=128 l3a=4 l3=4096 robc=2 robd=2 robw=256   0.8480   1.1099    54.07    18.48  Unsustainable
  bp=2048 bpt=a53 l1da=4 l1d=16 l1ia=8 l1i=16 l2a=4 l2=128 l3a=4 l3=4096 nhist=2 robc=2 robd=2 robw=256   0.8480   1.1098    54.07    18.48  Unsustainable
  bpt=pentium_m l1da=8 l1d=64 l1ia=4 l1i=64 l2a=8 l2=256 l3a=8 l3=2048 robc=2 robd=2 robw=128   1.1798   1.0322    45.28    16.97  Strongly Sust.
  bpt=pentium_m l1da=8 l1d=64 l1ia=4 l1i=32 l2a=8 l2=256 l3a=8 l3=2048 robc=8 robd=2 robw=32   1.2307   1.0259    44.58    16.55  Strongly Sust.
  bpt=pentium_m l1da=4 l1d=16 l1ia=8 l1i=16 l2a=4 l2=128 l3a=4 l3=2048 robc=2 robd=2 robw=256   1.3038   1.0252    41.63    16.74  Strongly Sust.
  bpt=pentium_m l1da=4 l1d=16 l1ia=8 l1i=16 l2a=4 l2=128 l3a=4 l3=2048 robc=2 robd=2 robw=64   1.3354   1.0249    41.46    16.41  Strongly Sust.
  bpt=pentium_m l1da=4 l1d=16 l1ia=8 l1i=16 l2a=4 l2=128 l3a=4 l3=2048 robc=2 robd=2 robw=32   1.3544   1.0188    41.39    16.20  Strongly Sust.
  bpt=nn l1da=4 l1d=16 l1ia=8 l1i=16 l2a=4 l2=128 l3a=4 l3=2048 nnbl=16 nnlr=0.001 robc=2 robd=2 robw=32   1.3601   1.0063    41.39    16.13  Strongly Sust.
  bpt=nn l1da=4 l1d=16 l1ia=8 l1i=16 l2a=4 l2=128 l3a=4 l3=2048 nnbl=64 nnlr=0.001 robc=2 robd=2 robw=32   1.3702   0.9914    41.39    16.01  Strongly Sust.
  bpt=tage l1da=8 l1d=64 l1ia=4 l1i=64 l2a=8 l2=128 l3a=16 l3=1024 robc=2 robd=2 robw=32   1.4287   0.9893    40.55    15.65  Strongly Sust.
  bp=2048 bpt=a53 l1da=8 l1d=64 l1ia=4 l1i=64 l2a=8 l2=128 l3a=16 l3=1024 nhist=2 robc=2 robd=2 robw=32   1.4295   0.9871    40.55    15.64  Strongly Sust.
  bpt=nn l1da=8 l1d=64 l1ia=4 l1i=64 l2a=8 l2=128 l3a=16 l3=1024 nnbl=32 nnlr=0.0005 robc=2 robd=2 robw=32   1.4476   0.9603    40.55    15.45  Strongly Sust.
  Ran sniper 1 time this iteration (44 total).

=== Iteration 39 ===
  Evaluating 1 configuration(s) (top acquisition score of 400 candidates)...
  [mesmo] bpt=pentium_m l1da=4 l1d=64 l1ia=4 l1i=32 l2a=4 l2=128 l3a=16 l3=2048 robc=8 robd=2 robw=64  ASI= 1.4163  S=1.0257  A=  40.44  P= 15.82  [Strongly Sust.]  [ML2=1.16x, ML2_orig=1.00x, CCl=1.00x, MIP=0.98x, EI=0.99x]
  Deleted 5 non-Pareto output directories.

  Pareto front after iteration 39 (13 points, HV=1.5584):
  Params                                  ASI  Speedup     Area  PeakPow  Region
  ──────────────────────────────────────────────────────────────────────────────
  bpt=pentium_m l1da=4 l1d=16 l1ia=4 l1i=32 l2a=4 l2=512 l3a=4 l3=4096 robc=10 robd=10 robw=512  -0.0222   1.1416   150.17  1435.85  Unsustainable
  bpt=pentium_m l1da=4 l1d=16 l1ia=8 l1i=16 l2a=8 l2=512 l3a=4 l3=4096 robc=10 robd=10 robw=256  -0.0142   1.1414   114.46   997.40  Unsustainable
  bp=512 bpt=a53 l1da=8 l1d=16 l1ia=8 l1i=16 l2a=8 l2=512 l3a=16 l3=4096 nhist=4 robc=10 robd=8 robw=256  -0.0123   1.1408    99.05   536.88  Unsustainable
  bp=2048 bpt=a53 l1da=4 l1d=16 l1ia=8 l1i=16 l2a=4 l2=512 l3a=16 l3=4096 nhist=2 robc=8 robd=10 robw=32   0.0613   1.1261    78.25    60.46  Unsustainable
  bpt=tage l1da=4 l1d=16 l1ia=4 l1i=16 l2a=4 l2=256 l3a=4 l3=4096 robc=2 robd=10 robw=64   0.1181   1.1228    71.29    60.56  Unsustainable
  bpt=pentium_m l1da=4 l1d=16 l1ia=8 l1i=16 l2a=4 l2=128 l3a=4 l3=4096 robc=2 robd=2 robw=256   0.8480   1.1099    54.07    18.48  Unsustainable
  bp=2048 bpt=a53 l1da=4 l1d=16 l1ia=8 l1i=16 l2a=4 l2=128 l3a=4 l3=4096 nhist=2 robc=2 robd=2 robw=256   0.8480   1.1098    54.07    18.48  Unsustainable
  bpt=pentium_m l1da=8 l1d=64 l1ia=4 l1i=64 l2a=8 l2=256 l3a=8 l3=2048 robc=2 robd=2 robw=128   1.1798   1.0322    45.28    16.97  Strongly Sust.
  bpt=pentium_m l1da=8 l1d=64 l1ia=4 l1i=32 l2a=8 l2=256 l3a=8 l3=2048 robc=8 robd=2 robw=32   1.2307   1.0259    44.58    16.55  Strongly Sust.
  bpt=pentium_m l1da=4 l1d=64 l1ia=4 l1i=32 l2a=4 l2=128 l3a=16 l3=2048 robc=8 robd=2 robw=64   1.4163   1.0257    40.44    15.82  Strongly Sust.
  bpt=tage l1da=8 l1d=64 l1ia=4 l1i=64 l2a=8 l2=128 l3a=16 l3=1024 robc=2 robd=2 robw=32   1.4287   0.9893    40.55    15.65  Strongly Sust.
  bp=2048 bpt=a53 l1da=8 l1d=64 l1ia=4 l1i=64 l2a=8 l2=128 l3a=16 l3=1024 nhist=2 robc=2 robd=2 robw=32   1.4295   0.9871    40.55    15.64  Strongly Sust.
  bpt=nn l1da=8 l1d=64 l1ia=4 l1i=64 l2a=8 l2=128 l3a=16 l3=1024 nnbl=32 nnlr=0.0005 robc=2 robd=2 robw=32   1.4476   0.9603    40.55    15.45  Strongly Sust.
  Ran sniper 1 time this iteration (45 total).

=== Iteration 40 ===
  Evaluating 1 configuration(s) (top acquisition score of 400 candidates)...
  [mesmo] bpt=tage l1da=4 l1d=64 l1ia=8 l1i=16 l2a=4 l2=512 l3a=16 l3=4096 robc=4 robd=8 robw=64  ASI= 0.1334  S=1.1409  A=  73.50  P= 45.39  [Unsustainable]  [ML2=1.76x, ML2_orig=1.09x, CCl=1.00x, MIP=1.01x, EI=1.00x]
  Deleted 3 non-Pareto output directories.

  Pareto front after iteration 40 (11 points, HV=1.5608):
  Params                                  ASI  Speedup     Area  PeakPow  Region
  ──────────────────────────────────────────────────────────────────────────────
  bpt=pentium_m l1da=4 l1d=16 l1ia=4 l1i=32 l2a=4 l2=512 l3a=4 l3=4096 robc=10 robd=10 robw=512  -0.0222   1.1416   150.17  1435.85  Unsustainable
  bpt=pentium_m l1da=4 l1d=16 l1ia=8 l1i=16 l2a=8 l2=512 l3a=4 l3=4096 robc=10 robd=10 robw=256  -0.0142   1.1414   114.46   997.40  Unsustainable
  bpt=tage l1da=4 l1d=64 l1ia=8 l1i=16 l2a=4 l2=512 l3a=16 l3=4096 robc=4 robd=8 robw=64   0.1334   1.1409    73.50    45.39  Unsustainable
  bpt=pentium_m l1da=4 l1d=16 l1ia=8 l1i=16 l2a=4 l2=128 l3a=4 l3=4096 robc=2 robd=2 robw=256   0.8480   1.1099    54.07    18.48  Unsustainable
  bp=2048 bpt=a53 l1da=4 l1d=16 l1ia=8 l1i=16 l2a=4 l2=128 l3a=4 l3=4096 nhist=2 robc=2 robd=2 robw=256   0.8480   1.1098    54.07    18.48  Unsustainable
  bpt=pentium_m l1da=8 l1d=64 l1ia=4 l1i=64 l2a=8 l2=256 l3a=8 l3=2048 robc=2 robd=2 robw=128   1.1798   1.0322    45.28    16.97  Strongly Sust.
  bpt=pentium_m l1da=8 l1d=64 l1ia=4 l1i=32 l2a=8 l2=256 l3a=8 l3=2048 robc=8 robd=2 robw=32   1.2307   1.0259    44.58    16.55  Strongly Sust.
  bpt=pentium_m l1da=4 l1d=64 l1ia=4 l1i=32 l2a=4 l2=128 l3a=16 l3=2048 robc=8 robd=2 robw=64   1.4163   1.0257    40.44    15.82  Strongly Sust.
  bpt=tage l1da=8 l1d=64 l1ia=4 l1i=64 l2a=8 l2=128 l3a=16 l3=1024 robc=2 robd=2 robw=32   1.4287   0.9893    40.55    15.65  Strongly Sust.
  bp=2048 bpt=a53 l1da=8 l1d=64 l1ia=4 l1i=64 l2a=8 l2=128 l3a=16 l3=1024 nhist=2 robc=2 robd=2 robw=32   1.4295   0.9871    40.55    15.64  Strongly Sust.
  bpt=nn l1da=8 l1d=64 l1ia=4 l1i=64 l2a=8 l2=128 l3a=16 l3=1024 nnbl=32 nnlr=0.0005 robc=2 robd=2 robw=32   1.4476   0.9603    40.55    15.45  Strongly Sust.
  Ran sniper 1 time this iteration (46 total).

=== Iteration 41 ===
  Evaluating 1 configuration(s) (top acquisition score of 400 candidates)...
  [mesmo] bpt=nn l1da=8 l1d=64 l1ia=4 l1i=64 l2a=8 l2=128 l3a=16 l3=1024 nnbl=16 nnlr=0.005 robc=2 robd=2 robw=32  ASI= 1.4373  S=0.9762  A=  40.55  P= 15.56  [Strongly Sust.]  [ML2=1.00x, ML2_orig=1.00x, CCl=1.00x, MIP=0.97x, EI=0.92x]

  Pareto front after iteration 41 (12 points, HV=1.5609):
  Params                                  ASI  Speedup     Area  PeakPow  Region
  ──────────────────────────────────────────────────────────────────────────────
  bpt=pentium_m l1da=4 l1d=16 l1ia=4 l1i=32 l2a=4 l2=512 l3a=4 l3=4096 robc=10 robd=10 robw=512  -0.0222   1.1416   150.17  1435.85  Unsustainable
  bpt=pentium_m l1da=4 l1d=16 l1ia=8 l1i=16 l2a=8 l2=512 l3a=4 l3=4096 robc=10 robd=10 robw=256  -0.0142   1.1414   114.46   997.40  Unsustainable
  bpt=tage l1da=4 l1d=64 l1ia=8 l1i=16 l2a=4 l2=512 l3a=16 l3=4096 robc=4 robd=8 robw=64   0.1334   1.1409    73.50    45.39  Unsustainable
  bpt=pentium_m l1da=4 l1d=16 l1ia=8 l1i=16 l2a=4 l2=128 l3a=4 l3=4096 robc=2 robd=2 robw=256   0.8480   1.1099    54.07    18.48  Unsustainable
  bp=2048 bpt=a53 l1da=4 l1d=16 l1ia=8 l1i=16 l2a=4 l2=128 l3a=4 l3=4096 nhist=2 robc=2 robd=2 robw=256   0.8480   1.1098    54.07    18.48  Unsustainable
  bpt=pentium_m l1da=8 l1d=64 l1ia=4 l1i=64 l2a=8 l2=256 l3a=8 l3=2048 robc=2 robd=2 robw=128   1.1798   1.0322    45.28    16.97  Strongly Sust.
  bpt=pentium_m l1da=8 l1d=64 l1ia=4 l1i=32 l2a=8 l2=256 l3a=8 l3=2048 robc=8 robd=2 robw=32   1.2307   1.0259    44.58    16.55  Strongly Sust.
  bpt=pentium_m l1da=4 l1d=64 l1ia=4 l1i=32 l2a=4 l2=128 l3a=16 l3=2048 robc=8 robd=2 robw=64   1.4163   1.0257    40.44    15.82  Strongly Sust.
  bpt=tage l1da=8 l1d=64 l1ia=4 l1i=64 l2a=8 l2=128 l3a=16 l3=1024 robc=2 robd=2 robw=32   1.4287   0.9893    40.55    15.65  Strongly Sust.
  bp=2048 bpt=a53 l1da=8 l1d=64 l1ia=4 l1i=64 l2a=8 l2=128 l3a=16 l3=1024 nhist=2 robc=2 robd=2 robw=32   1.4295   0.9871    40.55    15.64  Strongly Sust.
  bpt=nn l1da=8 l1d=64 l1ia=4 l1i=64 l2a=8 l2=128 l3a=16 l3=1024 nnbl=16 nnlr=0.005 robc=2 robd=2 robw=32   1.4373   0.9762    40.55    15.56  Strongly Sust.
  bpt=nn l1da=8 l1d=64 l1ia=4 l1i=64 l2a=8 l2=128 l3a=16 l3=1024 nnbl=32 nnlr=0.0005 robc=2 robd=2 robw=32   1.4476   0.9603    40.55    15.45  Strongly Sust.
  Ran sniper 1 time this iteration (47 total).

=== Iteration 42 ===
  Evaluating 1 configuration(s) (top acquisition score of 400 candidates)...
  [mesmo] bpt=tage l1da=4 l1d=16 l1ia=8 l1i=16 l2a=4 l2=512 l3a=16 l3=4096 robc=4 robd=8 robw=64  ASI= 0.1378  S=1.1403  A=  73.13  P= 45.28  [Unsustainable]  [ML2=1.76x, ML2_orig=1.09x, CCl=1.00x, MIP=1.01x, EI=1.00x]

  Pareto front after iteration 42 (13 points, HV=1.5611):
  Params                                  ASI  Speedup     Area  PeakPow  Region
  ──────────────────────────────────────────────────────────────────────────────
  bpt=pentium_m l1da=4 l1d=16 l1ia=4 l1i=32 l2a=4 l2=512 l3a=4 l3=4096 robc=10 robd=10 robw=512  -0.0222   1.1416   150.17  1435.85  Unsustainable
  bpt=pentium_m l1da=4 l1d=16 l1ia=8 l1i=16 l2a=8 l2=512 l3a=4 l3=4096 robc=10 robd=10 robw=256  -0.0142   1.1414   114.46   997.40  Unsustainable
  bpt=tage l1da=4 l1d=64 l1ia=8 l1i=16 l2a=4 l2=512 l3a=16 l3=4096 robc=4 robd=8 robw=64   0.1334   1.1409    73.50    45.39  Unsustainable
  bpt=tage l1da=4 l1d=16 l1ia=8 l1i=16 l2a=4 l2=512 l3a=16 l3=4096 robc=4 robd=8 robw=64   0.1378   1.1403    73.13    45.28  Unsustainable
  bpt=pentium_m l1da=4 l1d=16 l1ia=8 l1i=16 l2a=4 l2=128 l3a=4 l3=4096 robc=2 robd=2 robw=256   0.8480   1.1099    54.07    18.48  Unsustainable
  bp=2048 bpt=a53 l1da=4 l1d=16 l1ia=8 l1i=16 l2a=4 l2=128 l3a=4 l3=4096 nhist=2 robc=2 robd=2 robw=256   0.8480   1.1098    54.07    18.48  Unsustainable
  bpt=pentium_m l1da=8 l1d=64 l1ia=4 l1i=64 l2a=8 l2=256 l3a=8 l3=2048 robc=2 robd=2 robw=128   1.1798   1.0322    45.28    16.97  Strongly Sust.
  bpt=pentium_m l1da=8 l1d=64 l1ia=4 l1i=32 l2a=8 l2=256 l3a=8 l3=2048 robc=8 robd=2 robw=32   1.2307   1.0259    44.58    16.55  Strongly Sust.
  bpt=pentium_m l1da=4 l1d=64 l1ia=4 l1i=32 l2a=4 l2=128 l3a=16 l3=2048 robc=8 robd=2 robw=64   1.4163   1.0257    40.44    15.82  Strongly Sust.
  bpt=tage l1da=8 l1d=64 l1ia=4 l1i=64 l2a=8 l2=128 l3a=16 l3=1024 robc=2 robd=2 robw=32   1.4287   0.9893    40.55    15.65  Strongly Sust.
  bp=2048 bpt=a53 l1da=8 l1d=64 l1ia=4 l1i=64 l2a=8 l2=128 l3a=16 l3=1024 nhist=2 robc=2 robd=2 robw=32   1.4295   0.9871    40.55    15.64  Strongly Sust.
  bpt=nn l1da=8 l1d=64 l1ia=4 l1i=64 l2a=8 l2=128 l3a=16 l3=1024 nnbl=16 nnlr=0.005 robc=2 robd=2 robw=32   1.4373   0.9762    40.55    15.56  Strongly Sust.
  bpt=nn l1da=8 l1d=64 l1ia=4 l1i=64 l2a=8 l2=128 l3a=16 l3=1024 nnbl=32 nnlr=0.0005 robc=2 robd=2 robw=32   1.4476   0.9603    40.55    15.45  Strongly Sust.
  Ran sniper 1 time this iteration (48 total).

=== Iteration 43 ===
  Evaluating 1 configuration(s) (top acquisition score of 400 candidates)...
  [mesmo] bp=1024 bpt=a53 l1da=4 l1d=16 l1ia=8 l1i=16 l2a=4 l2=512 l3a=16 l3=4096 nhist=2 robc=4 robd=8 robw=64  ASI= 0.1378  S=1.1403  A=  73.13  P= 45.28  [Unsustainable]  [ML2=1.76x, ML2_orig=1.09x, CCl=1.00x, MIP=1.01x, EI=1.00x]
  Deleted 1 non-Pareto output directory.

  Pareto front after iteration 43 (13 points, HV=1.5611):
  Params                                  ASI  Speedup     Area  PeakPow  Region
  ──────────────────────────────────────────────────────────────────────────────
  bpt=pentium_m l1da=4 l1d=16 l1ia=4 l1i=32 l2a=4 l2=512 l3a=4 l3=4096 robc=10 robd=10 robw=512  -0.0222   1.1416   150.17  1435.85  Unsustainable
  bpt=pentium_m l1da=4 l1d=16 l1ia=8 l1i=16 l2a=8 l2=512 l3a=4 l3=4096 robc=10 robd=10 robw=256  -0.0142   1.1414   114.46   997.40  Unsustainable
  bpt=tage l1da=4 l1d=64 l1ia=8 l1i=16 l2a=4 l2=512 l3a=16 l3=4096 robc=4 robd=8 robw=64   0.1334   1.1409    73.50    45.39  Unsustainable
  bpt=tage l1da=4 l1d=16 l1ia=8 l1i=16 l2a=4 l2=512 l3a=16 l3=4096 robc=4 robd=8 robw=64   0.1378   1.1403    73.13    45.28  Unsustainable
  bpt=pentium_m l1da=4 l1d=16 l1ia=8 l1i=16 l2a=4 l2=128 l3a=4 l3=4096 robc=2 robd=2 robw=256   0.8480   1.1099    54.07    18.48  Unsustainable
  bp=2048 bpt=a53 l1da=4 l1d=16 l1ia=8 l1i=16 l2a=4 l2=128 l3a=4 l3=4096 nhist=2 robc=2 robd=2 robw=256   0.8480   1.1098    54.07    18.48  Unsustainable
  bpt=pentium_m l1da=8 l1d=64 l1ia=4 l1i=64 l2a=8 l2=256 l3a=8 l3=2048 robc=2 robd=2 robw=128   1.1798   1.0322    45.28    16.97  Strongly Sust.
  bpt=pentium_m l1da=8 l1d=64 l1ia=4 l1i=32 l2a=8 l2=256 l3a=8 l3=2048 robc=8 robd=2 robw=32   1.2307   1.0259    44.58    16.55  Strongly Sust.
  bpt=pentium_m l1da=4 l1d=64 l1ia=4 l1i=32 l2a=4 l2=128 l3a=16 l3=2048 robc=8 robd=2 robw=64   1.4163   1.0257    40.44    15.82  Strongly Sust.
  bpt=tage l1da=8 l1d=64 l1ia=4 l1i=64 l2a=8 l2=128 l3a=16 l3=1024 robc=2 robd=2 robw=32   1.4287   0.9893    40.55    15.65  Strongly Sust.
  bp=2048 bpt=a53 l1da=8 l1d=64 l1ia=4 l1i=64 l2a=8 l2=128 l3a=16 l3=1024 nhist=2 robc=2 robd=2 robw=32   1.4295   0.9871    40.55    15.64  Strongly Sust.
  bpt=nn l1da=8 l1d=64 l1ia=4 l1i=64 l2a=8 l2=128 l3a=16 l3=1024 nnbl=16 nnlr=0.005 robc=2 robd=2 robw=32   1.4373   0.9762    40.55    15.56  Strongly Sust.
  bpt=nn l1da=8 l1d=64 l1ia=4 l1i=64 l2a=8 l2=128 l3a=16 l3=1024 nnbl=32 nnlr=0.0005 robc=2 robd=2 robw=32   1.4476   0.9603    40.55    15.45  Strongly Sust.
  Ran sniper 1 time this iteration (49 total).

=== Iteration 44 ===
  Evaluating 1 configuration(s) (top acquisition score of 400 candidates)...
  [mesmo] bpt=tage l1da=4 l1d=32 l1ia=8 l1i=32 l2a=4 l2=256 l3a=4 l3=8192 robc=8 robd=8 robw=64  ASI=-0.1329  S=1.1250  A=  98.49  P= 47.44  [Unsustainable]  [ML2=1.74x, ML2_orig=1.03x, CCl=1.00x, MIP=1.01x, EI=1.00x]
  Deleted 1 non-Pareto output directory.

  Pareto front after iteration 44 (13 points, HV=1.5611):
  Params                                  ASI  Speedup     Area  PeakPow  Region
  ──────────────────────────────────────────────────────────────────────────────
  bpt=pentium_m l1da=4 l1d=16 l1ia=4 l1i=32 l2a=4 l2=512 l3a=4 l3=4096 robc=10 robd=10 robw=512  -0.0222   1.1416   150.17  1435.85  Unsustainable
  bpt=pentium_m l1da=4 l1d=16 l1ia=8 l1i=16 l2a=8 l2=512 l3a=4 l3=4096 robc=10 robd=10 robw=256  -0.0142   1.1414   114.46   997.40  Unsustainable
  bpt=tage l1da=4 l1d=64 l1ia=8 l1i=16 l2a=4 l2=512 l3a=16 l3=4096 robc=4 robd=8 robw=64   0.1334   1.1409    73.50    45.39  Unsustainable
  bpt=tage l1da=4 l1d=16 l1ia=8 l1i=16 l2a=4 l2=512 l3a=16 l3=4096 robc=4 robd=8 robw=64   0.1378   1.1403    73.13    45.28  Unsustainable
  bpt=pentium_m l1da=4 l1d=16 l1ia=8 l1i=16 l2a=4 l2=128 l3a=4 l3=4096 robc=2 robd=2 robw=256   0.8480   1.1099    54.07    18.48  Unsustainable
  bp=2048 bpt=a53 l1da=4 l1d=16 l1ia=8 l1i=16 l2a=4 l2=128 l3a=4 l3=4096 nhist=2 robc=2 robd=2 robw=256   0.8480   1.1098    54.07    18.48  Unsustainable
  bpt=pentium_m l1da=8 l1d=64 l1ia=4 l1i=64 l2a=8 l2=256 l3a=8 l3=2048 robc=2 robd=2 robw=128   1.1798   1.0322    45.28    16.97  Strongly Sust.
  bpt=pentium_m l1da=8 l1d=64 l1ia=4 l1i=32 l2a=8 l2=256 l3a=8 l3=2048 robc=8 robd=2 robw=32   1.2307   1.0259    44.58    16.55  Strongly Sust.
  bpt=pentium_m l1da=4 l1d=64 l1ia=4 l1i=32 l2a=4 l2=128 l3a=16 l3=2048 robc=8 robd=2 robw=64   1.4163   1.0257    40.44    15.82  Strongly Sust.
  bpt=tage l1da=8 l1d=64 l1ia=4 l1i=64 l2a=8 l2=128 l3a=16 l3=1024 robc=2 robd=2 robw=32   1.4287   0.9893    40.55    15.65  Strongly Sust.
  bp=2048 bpt=a53 l1da=8 l1d=64 l1ia=4 l1i=64 l2a=8 l2=128 l3a=16 l3=1024 nhist=2 robc=2 robd=2 robw=32   1.4295   0.9871    40.55    15.64  Strongly Sust.
  bpt=nn l1da=8 l1d=64 l1ia=4 l1i=64 l2a=8 l2=128 l3a=16 l3=1024 nnbl=16 nnlr=0.005 robc=2 robd=2 robw=32   1.4373   0.9762    40.55    15.56  Strongly Sust.
  bpt=nn l1da=8 l1d=64 l1ia=4 l1i=64 l2a=8 l2=128 l3a=16 l3=1024 nnbl=32 nnlr=0.0005 robc=2 robd=2 robw=32   1.4476   0.9603    40.55    15.45  Strongly Sust.
  Ran sniper 1 time this iteration (50 total).

=== Iteration 45 ===
  Evaluating 1 configuration(s) (top acquisition score of 400 candidates)...
  [mesmo] bp=512 bpt=a53 l1da=4 l1d=16 l1ia=8 l1i=16 l2a=4 l2=512 l3a=4 l3=4096 nhist=2 robc=8 robd=8 robw=512  ASI=-0.0219  S=1.1408  A= 119.62  P=764.04  [Unsustainable]  [ML2=1.76x, ML2_orig=1.09x, CCl=1.00x, MIP=1.01x, EI=1.00x]
  Deleted 1 non-Pareto output directory.

  Pareto front after iteration 45 (13 points, HV=1.5611):
  Params                                  ASI  Speedup     Area  PeakPow  Region
  ──────────────────────────────────────────────────────────────────────────────
  bpt=pentium_m l1da=4 l1d=16 l1ia=4 l1i=32 l2a=4 l2=512 l3a=4 l3=4096 robc=10 robd=10 robw=512  -0.0222   1.1416   150.17  1435.85  Unsustainable
  bpt=pentium_m l1da=4 l1d=16 l1ia=8 l1i=16 l2a=8 l2=512 l3a=4 l3=4096 robc=10 robd=10 robw=256  -0.0142   1.1414   114.46   997.40  Unsustainable
  bpt=tage l1da=4 l1d=64 l1ia=8 l1i=16 l2a=4 l2=512 l3a=16 l3=4096 robc=4 robd=8 robw=64   0.1334   1.1409    73.50    45.39  Unsustainable
  bpt=tage l1da=4 l1d=16 l1ia=8 l1i=16 l2a=4 l2=512 l3a=16 l3=4096 robc=4 robd=8 robw=64   0.1378   1.1403    73.13    45.28  Unsustainable
  bpt=pentium_m l1da=4 l1d=16 l1ia=8 l1i=16 l2a=4 l2=128 l3a=4 l3=4096 robc=2 robd=2 robw=256   0.8480   1.1099    54.07    18.48  Unsustainable
  bp=2048 bpt=a53 l1da=4 l1d=16 l1ia=8 l1i=16 l2a=4 l2=128 l3a=4 l3=4096 nhist=2 robc=2 robd=2 robw=256   0.8480   1.1098    54.07    18.48  Unsustainable
  bpt=pentium_m l1da=8 l1d=64 l1ia=4 l1i=64 l2a=8 l2=256 l3a=8 l3=2048 robc=2 robd=2 robw=128   1.1798   1.0322    45.28    16.97  Strongly Sust.
  bpt=pentium_m l1da=8 l1d=64 l1ia=4 l1i=32 l2a=8 l2=256 l3a=8 l3=2048 robc=8 robd=2 robw=32   1.2307   1.0259    44.58    16.55  Strongly Sust.
  bpt=pentium_m l1da=4 l1d=64 l1ia=4 l1i=32 l2a=4 l2=128 l3a=16 l3=2048 robc=8 robd=2 robw=64   1.4163   1.0257    40.44    15.82  Strongly Sust.
  bpt=tage l1da=8 l1d=64 l1ia=4 l1i=64 l2a=8 l2=128 l3a=16 l3=1024 robc=2 robd=2 robw=32   1.4287   0.9893    40.55    15.65  Strongly Sust.
  bp=2048 bpt=a53 l1da=8 l1d=64 l1ia=4 l1i=64 l2a=8 l2=128 l3a=16 l3=1024 nhist=2 robc=2 robd=2 robw=32   1.4295   0.9871    40.55    15.64  Strongly Sust.
  bpt=nn l1da=8 l1d=64 l1ia=4 l1i=64 l2a=8 l2=128 l3a=16 l3=1024 nnbl=16 nnlr=0.005 robc=2 robd=2 robw=32   1.4373   0.9762    40.55    15.56  Strongly Sust.
  bpt=nn l1da=8 l1d=64 l1ia=4 l1i=64 l2a=8 l2=128 l3a=16 l3=1024 nnbl=32 nnlr=0.0005 robc=2 robd=2 robw=32   1.4476   0.9603    40.55    15.45  Strongly Sust.
  Ran sniper 1 time this iteration (51 total).

=== Iteration 46 ===
  Evaluating 1 configuration(s) (top acquisition score of 400 candidates)...
  [mesmo] bp=512 bpt=a53 l1da=8 l1d=64 l1ia=4 l1i=64 l2a=8 l2=128 l3a=16 l3=1024 nhist=4 robc=2 robd=2 robw=32  ASI= 1.4288  S=0.9889  A=  40.55  P= 15.65  [Strongly Sust.]  [ML2=1.00x, ML2_orig=1.00x, CCl=0.99x, MIP=0.97x, EI=0.98x]

  Pareto front after iteration 46 (14 points, HV=1.5611):
  Params                                  ASI  Speedup     Area  PeakPow  Region
  ──────────────────────────────────────────────────────────────────────────────
  bpt=pentium_m l1da=4 l1d=16 l1ia=4 l1i=32 l2a=4 l2=512 l3a=4 l3=4096 robc=10 robd=10 robw=512  -0.0222   1.1416   150.17  1435.85  Unsustainable
  bpt=pentium_m l1da=4 l1d=16 l1ia=8 l1i=16 l2a=8 l2=512 l3a=4 l3=4096 robc=10 robd=10 robw=256  -0.0142   1.1414   114.46   997.40  Unsustainable
  bpt=tage l1da=4 l1d=64 l1ia=8 l1i=16 l2a=4 l2=512 l3a=16 l3=4096 robc=4 robd=8 robw=64   0.1334   1.1409    73.50    45.39  Unsustainable
  bpt=tage l1da=4 l1d=16 l1ia=8 l1i=16 l2a=4 l2=512 l3a=16 l3=4096 robc=4 robd=8 robw=64   0.1378   1.1403    73.13    45.28  Unsustainable
  bpt=pentium_m l1da=4 l1d=16 l1ia=8 l1i=16 l2a=4 l2=128 l3a=4 l3=4096 robc=2 robd=2 robw=256   0.8480   1.1099    54.07    18.48  Unsustainable
  bp=2048 bpt=a53 l1da=4 l1d=16 l1ia=8 l1i=16 l2a=4 l2=128 l3a=4 l3=4096 nhist=2 robc=2 robd=2 robw=256   0.8480   1.1098    54.07    18.48  Unsustainable
  bpt=pentium_m l1da=8 l1d=64 l1ia=4 l1i=64 l2a=8 l2=256 l3a=8 l3=2048 robc=2 robd=2 robw=128   1.1798   1.0322    45.28    16.97  Strongly Sust.
  bpt=pentium_m l1da=8 l1d=64 l1ia=4 l1i=32 l2a=8 l2=256 l3a=8 l3=2048 robc=8 robd=2 robw=32   1.2307   1.0259    44.58    16.55  Strongly Sust.
  bpt=pentium_m l1da=4 l1d=64 l1ia=4 l1i=32 l2a=4 l2=128 l3a=16 l3=2048 robc=8 robd=2 robw=64   1.4163   1.0257    40.44    15.82  Strongly Sust.
  bpt=tage l1da=8 l1d=64 l1ia=4 l1i=64 l2a=8 l2=128 l3a=16 l3=1024 robc=2 robd=2 robw=32   1.4287   0.9893    40.55    15.65  Strongly Sust.
  bp=512 bpt=a53 l1da=8 l1d=64 l1ia=4 l1i=64 l2a=8 l2=128 l3a=16 l3=1024 nhist=4 robc=2 robd=2 robw=32   1.4288   0.9889    40.55    15.65  Strongly Sust.
  bp=2048 bpt=a53 l1da=8 l1d=64 l1ia=4 l1i=64 l2a=8 l2=128 l3a=16 l3=1024 nhist=2 robc=2 robd=2 robw=32   1.4295   0.9871    40.55    15.64  Strongly Sust.
  bpt=nn l1da=8 l1d=64 l1ia=4 l1i=64 l2a=8 l2=128 l3a=16 l3=1024 nnbl=16 nnlr=0.005 robc=2 robd=2 robw=32   1.4373   0.9762    40.55    15.56  Strongly Sust.
  bpt=nn l1da=8 l1d=64 l1ia=4 l1i=64 l2a=8 l2=128 l3a=16 l3=1024 nnbl=32 nnlr=0.0005 robc=2 robd=2 robw=32   1.4476   0.9603    40.55    15.45  Strongly Sust.
  Ran sniper 1 time this iteration (52 total).

=== Iteration 47 ===
  Evaluating 1 configuration(s) (top acquisition score of 400 candidates)...
  [mesmo] bpt=tage l1da=4 l1d=64 l1ia=8 l1i=16 l2a=4 l2=512 l3a=16 l3=4096 robc=4 robd=8 robw=1024  ASI=-0.0368  S=1.1419  A= 174.38  P=1191.35  [Unsustainable]  [ML2=1.76x, ML2_orig=1.09x, CCl=1.00x, MIP=1.01x, EI=1.00x]

  Pareto front after iteration 47 (15 points, HV=1.5611):
  Params                                  ASI  Speedup     Area  PeakPow  Region
  ──────────────────────────────────────────────────────────────────────────────
  bpt=tage l1da=4 l1d=64 l1ia=8 l1i=16 l2a=4 l2=512 l3a=16 l3=4096 robc=4 robd=8 robw=1024  -0.0368   1.1419   174.38  1191.35  Unsustainable
  bpt=pentium_m l1da=4 l1d=16 l1ia=4 l1i=32 l2a=4 l2=512 l3a=4 l3=4096 robc=10 robd=10 robw=512  -0.0222   1.1416   150.17  1435.85  Unsustainable
  bpt=pentium_m l1da=4 l1d=16 l1ia=8 l1i=16 l2a=8 l2=512 l3a=4 l3=4096 robc=10 robd=10 robw=256  -0.0142   1.1414   114.46   997.40  Unsustainable
  bpt=tage l1da=4 l1d=64 l1ia=8 l1i=16 l2a=4 l2=512 l3a=16 l3=4096 robc=4 robd=8 robw=64   0.1334   1.1409    73.50    45.39  Unsustainable
  bpt=tage l1da=4 l1d=16 l1ia=8 l1i=16 l2a=4 l2=512 l3a=16 l3=4096 robc=4 robd=8 robw=64   0.1378   1.1403    73.13    45.28  Unsustainable
  bpt=pentium_m l1da=4 l1d=16 l1ia=8 l1i=16 l2a=4 l2=128 l3a=4 l3=4096 robc=2 robd=2 robw=256   0.8480   1.1099    54.07    18.48  Unsustainable
  bp=2048 bpt=a53 l1da=4 l1d=16 l1ia=8 l1i=16 l2a=4 l2=128 l3a=4 l3=4096 nhist=2 robc=2 robd=2 robw=256   0.8480   1.1098    54.07    18.48  Unsustainable
  bpt=pentium_m l1da=8 l1d=64 l1ia=4 l1i=64 l2a=8 l2=256 l3a=8 l3=2048 robc=2 robd=2 robw=128   1.1798   1.0322    45.28    16.97  Strongly Sust.
  bpt=pentium_m l1da=8 l1d=64 l1ia=4 l1i=32 l2a=8 l2=256 l3a=8 l3=2048 robc=8 robd=2 robw=32   1.2307   1.0259    44.58    16.55  Strongly Sust.
  bpt=pentium_m l1da=4 l1d=64 l1ia=4 l1i=32 l2a=4 l2=128 l3a=16 l3=2048 robc=8 robd=2 robw=64   1.4163   1.0257    40.44    15.82  Strongly Sust.
  bpt=tage l1da=8 l1d=64 l1ia=4 l1i=64 l2a=8 l2=128 l3a=16 l3=1024 robc=2 robd=2 robw=32   1.4287   0.9893    40.55    15.65  Strongly Sust.
  bp=512 bpt=a53 l1da=8 l1d=64 l1ia=4 l1i=64 l2a=8 l2=128 l3a=16 l3=1024 nhist=4 robc=2 robd=2 robw=32   1.4288   0.9889    40.55    15.65  Strongly Sust.
  bp=2048 bpt=a53 l1da=8 l1d=64 l1ia=4 l1i=64 l2a=8 l2=128 l3a=16 l3=1024 nhist=2 robc=2 robd=2 robw=32   1.4295   0.9871    40.55    15.64  Strongly Sust.
  bpt=nn l1da=8 l1d=64 l1ia=4 l1i=64 l2a=8 l2=128 l3a=16 l3=1024 nnbl=16 nnlr=0.005 robc=2 robd=2 robw=32   1.4373   0.9762    40.55    15.56  Strongly Sust.
  bpt=nn l1da=8 l1d=64 l1ia=4 l1i=64 l2a=8 l2=128 l3a=16 l3=1024 nnbl=32 nnlr=0.0005 robc=2 robd=2 robw=32   1.4476   0.9603    40.55    15.45  Strongly Sust.
  Ran sniper 1 time this iteration (53 total).

=== Iteration 48 ===
  Evaluating 1 configuration(s) (top acquisition score of 400 candidates)...
  [mesmo] bpt=nn l1da=8 l1d=64 l1ia=4 l1i=64 l2a=8 l2=128 l3a=16 l3=1024 nnbl=16 nnlr=0.005 robc=8 robd=2 robw=32  ASI= 1.4314  S=0.9841  A=  40.55  P= 15.62  [Strongly Sust.]  [ML2=1.00x, ML2_orig=1.00x, CCl=0.99x, MIP=0.97x, EI=0.97x]

  Pareto front after iteration 48 (16 points, HV=1.5611):
  Params                                  ASI  Speedup     Area  PeakPow  Region
  ──────────────────────────────────────────────────────────────────────────────
  bpt=tage l1da=4 l1d=64 l1ia=8 l1i=16 l2a=4 l2=512 l3a=16 l3=4096 robc=4 robd=8 robw=1024  -0.0368   1.1419   174.38  1191.35  Unsustainable
  bpt=pentium_m l1da=4 l1d=16 l1ia=4 l1i=32 l2a=4 l2=512 l3a=4 l3=4096 robc=10 robd=10 robw=512  -0.0222   1.1416   150.17  1435.85  Unsustainable
  bpt=pentium_m l1da=4 l1d=16 l1ia=8 l1i=16 l2a=8 l2=512 l3a=4 l3=4096 robc=10 robd=10 robw=256  -0.0142   1.1414   114.46   997.40  Unsustainable
  bpt=tage l1da=4 l1d=64 l1ia=8 l1i=16 l2a=4 l2=512 l3a=16 l3=4096 robc=4 robd=8 robw=64   0.1334   1.1409    73.50    45.39  Unsustainable
  bpt=tage l1da=4 l1d=16 l1ia=8 l1i=16 l2a=4 l2=512 l3a=16 l3=4096 robc=4 robd=8 robw=64   0.1378   1.1403    73.13    45.28  Unsustainable
  bpt=pentium_m l1da=4 l1d=16 l1ia=8 l1i=16 l2a=4 l2=128 l3a=4 l3=4096 robc=2 robd=2 robw=256   0.8480   1.1099    54.07    18.48  Unsustainable
  bp=2048 bpt=a53 l1da=4 l1d=16 l1ia=8 l1i=16 l2a=4 l2=128 l3a=4 l3=4096 nhist=2 robc=2 robd=2 robw=256   0.8480   1.1098    54.07    18.48  Unsustainable
  bpt=pentium_m l1da=8 l1d=64 l1ia=4 l1i=64 l2a=8 l2=256 l3a=8 l3=2048 robc=2 robd=2 robw=128   1.1798   1.0322    45.28    16.97  Strongly Sust.
  bpt=pentium_m l1da=8 l1d=64 l1ia=4 l1i=32 l2a=8 l2=256 l3a=8 l3=2048 robc=8 robd=2 robw=32   1.2307   1.0259    44.58    16.55  Strongly Sust.
  bpt=pentium_m l1da=4 l1d=64 l1ia=4 l1i=32 l2a=4 l2=128 l3a=16 l3=2048 robc=8 robd=2 robw=64   1.4163   1.0257    40.44    15.82  Strongly Sust.
  bpt=tage l1da=8 l1d=64 l1ia=4 l1i=64 l2a=8 l2=128 l3a=16 l3=1024 robc=2 robd=2 robw=32   1.4287   0.9893    40.55    15.65  Strongly Sust.
  bp=512 bpt=a53 l1da=8 l1d=64 l1ia=4 l1i=64 l2a=8 l2=128 l3a=16 l3=1024 nhist=4 robc=2 robd=2 robw=32   1.4288   0.9889    40.55    15.65  Strongly Sust.
  bp=2048 bpt=a53 l1da=8 l1d=64 l1ia=4 l1i=64 l2a=8 l2=128 l3a=16 l3=1024 nhist=2 robc=2 robd=2 robw=32   1.4295   0.9871    40.55    15.64  Strongly Sust.
  bpt=nn l1da=8 l1d=64 l1ia=4 l1i=64 l2a=8 l2=128 l3a=16 l3=1024 nnbl=16 nnlr=0.005 robc=8 robd=2 robw=32   1.4314   0.9841    40.55    15.62  Strongly Sust.
  bpt=nn l1da=8 l1d=64 l1ia=4 l1i=64 l2a=8 l2=128 l3a=16 l3=1024 nnbl=16 nnlr=0.005 robc=2 robd=2 robw=32   1.4373   0.9762    40.55    15.56  Strongly Sust.
  bpt=nn l1da=8 l1d=64 l1ia=4 l1i=64 l2a=8 l2=128 l3a=16 l3=1024 nnbl=32 nnlr=0.0005 robc=2 robd=2 robw=32   1.4476   0.9603    40.55    15.45  Strongly Sust.
  Ran sniper 1 time this iteration (54 total).

=== Iteration 49 ===
  Evaluating 1 configuration(s) (top acquisition score of 400 candidates)...
  [mesmo] bpt=pentium_m l1da=8 l1d=64 l1ia=4 l1i=64 l2a=8 l2=128 l3a=16 l3=1024 robc=8 robd=2 robw=32  ASI= 1.4288  S=0.9889  A=  40.55  P= 15.65  [Strongly Sust.]  [ML2=1.00x, ML2_orig=1.00x, CCl=0.99x, MIP=0.97x, EI=0.98x]
  Deleted 1 non-Pareto output directory.

  Pareto front after iteration 49 (16 points, HV=1.5611):
  Params                                  ASI  Speedup     Area  PeakPow  Region
  ──────────────────────────────────────────────────────────────────────────────
  bpt=tage l1da=4 l1d=64 l1ia=8 l1i=16 l2a=4 l2=512 l3a=16 l3=4096 robc=4 robd=8 robw=1024  -0.0368   1.1419   174.38  1191.35  Unsustainable
  bpt=pentium_m l1da=4 l1d=16 l1ia=4 l1i=32 l2a=4 l2=512 l3a=4 l3=4096 robc=10 robd=10 robw=512  -0.0222   1.1416   150.17  1435.85  Unsustainable
  bpt=pentium_m l1da=4 l1d=16 l1ia=8 l1i=16 l2a=8 l2=512 l3a=4 l3=4096 robc=10 robd=10 robw=256  -0.0142   1.1414   114.46   997.40  Unsustainable
  bpt=tage l1da=4 l1d=64 l1ia=8 l1i=16 l2a=4 l2=512 l3a=16 l3=4096 robc=4 robd=8 robw=64   0.1334   1.1409    73.50    45.39  Unsustainable
  bpt=tage l1da=4 l1d=16 l1ia=8 l1i=16 l2a=4 l2=512 l3a=16 l3=4096 robc=4 robd=8 robw=64   0.1378   1.1403    73.13    45.28  Unsustainable
  bpt=pentium_m l1da=4 l1d=16 l1ia=8 l1i=16 l2a=4 l2=128 l3a=4 l3=4096 robc=2 robd=2 robw=256   0.8480   1.1099    54.07    18.48  Unsustainable
  bp=2048 bpt=a53 l1da=4 l1d=16 l1ia=8 l1i=16 l2a=4 l2=128 l3a=4 l3=4096 nhist=2 robc=2 robd=2 robw=256   0.8480   1.1098    54.07    18.48  Unsustainable
  bpt=pentium_m l1da=8 l1d=64 l1ia=4 l1i=64 l2a=8 l2=256 l3a=8 l3=2048 robc=2 robd=2 robw=128   1.1798   1.0322    45.28    16.97  Strongly Sust.
  bpt=pentium_m l1da=8 l1d=64 l1ia=4 l1i=32 l2a=8 l2=256 l3a=8 l3=2048 robc=8 robd=2 robw=32   1.2307   1.0259    44.58    16.55  Strongly Sust.
  bpt=pentium_m l1da=4 l1d=64 l1ia=4 l1i=32 l2a=4 l2=128 l3a=16 l3=2048 robc=8 robd=2 robw=64   1.4163   1.0257    40.44    15.82  Strongly Sust.
  bpt=tage l1da=8 l1d=64 l1ia=4 l1i=64 l2a=8 l2=128 l3a=16 l3=1024 robc=2 robd=2 robw=32   1.4287   0.9893    40.55    15.65  Strongly Sust.
  bpt=pentium_m l1da=8 l1d=64 l1ia=4 l1i=64 l2a=8 l2=128 l3a=16 l3=1024 robc=8 robd=2 robw=32   1.4288   0.9889    40.55    15.65  Strongly Sust.
  bp=2048 bpt=a53 l1da=8 l1d=64 l1ia=4 l1i=64 l2a=8 l2=128 l3a=16 l3=1024 nhist=2 robc=2 robd=2 robw=32   1.4295   0.9871    40.55    15.64  Strongly Sust.
  bpt=nn l1da=8 l1d=64 l1ia=4 l1i=64 l2a=8 l2=128 l3a=16 l3=1024 nnbl=16 nnlr=0.005 robc=8 robd=2 robw=32   1.4314   0.9841    40.55    15.62  Strongly Sust.
  bpt=nn l1da=8 l1d=64 l1ia=4 l1i=64 l2a=8 l2=128 l3a=16 l3=1024 nnbl=16 nnlr=0.005 robc=2 robd=2 robw=32   1.4373   0.9762    40.55    15.56  Strongly Sust.
  bpt=nn l1da=8 l1d=64 l1ia=4 l1i=64 l2a=8 l2=128 l3a=16 l3=1024 nnbl=32 nnlr=0.0005 robc=2 robd=2 robw=32   1.4476   0.9603    40.55    15.45  Strongly Sust.
  Ran sniper 1 time this iteration (55 total).

=== Iteration 50 ===
  Evaluating 1 configuration(s) (top acquisition score of 400 candidates)...
  [mesmo] bpt=tage l1da=4 l1d=16 l1ia=4 l1i=64 l2a=8 l2=256 l3a=8 l3=4096 robc=8 robd=8 robw=512  ASI=-0.0175  S=1.1253  A= 112.69  P=762.39  [Unsustainable]  [ML2=1.74x, ML2_orig=1.03x, CCl=1.00x, MIP=1.01x, EI=1.00x]
  Deleted 1 non-Pareto output directory.

  Pareto front after iteration 50 (16 points, HV=1.5611):
  Params                                  ASI  Speedup     Area  PeakPow  Region
  ──────────────────────────────────────────────────────────────────────────────
  bpt=tage l1da=4 l1d=64 l1ia=8 l1i=16 l2a=4 l2=512 l3a=16 l3=4096 robc=4 robd=8 robw=1024  -0.0368   1.1419   174.38  1191.35  Unsustainable
  bpt=pentium_m l1da=4 l1d=16 l1ia=4 l1i=32 l2a=4 l2=512 l3a=4 l3=4096 robc=10 robd=10 robw=512  -0.0222   1.1416   150.17  1435.85  Unsustainable
  bpt=pentium_m l1da=4 l1d=16 l1ia=8 l1i=16 l2a=8 l2=512 l3a=4 l3=4096 robc=10 robd=10 robw=256  -0.0142   1.1414   114.46   997.40  Unsustainable
  bpt=tage l1da=4 l1d=64 l1ia=8 l1i=16 l2a=4 l2=512 l3a=16 l3=4096 robc=4 robd=8 robw=64   0.1334   1.1409    73.50    45.39  Unsustainable
  bpt=tage l1da=4 l1d=16 l1ia=8 l1i=16 l2a=4 l2=512 l3a=16 l3=4096 robc=4 robd=8 robw=64   0.1378   1.1403    73.13    45.28  Unsustainable
  bpt=pentium_m l1da=4 l1d=16 l1ia=8 l1i=16 l2a=4 l2=128 l3a=4 l3=4096 robc=2 robd=2 robw=256   0.8480   1.1099    54.07    18.48  Unsustainable
  bp=2048 bpt=a53 l1da=4 l1d=16 l1ia=8 l1i=16 l2a=4 l2=128 l3a=4 l3=4096 nhist=2 robc=2 robd=2 robw=256   0.8480   1.1098    54.07    18.48  Unsustainable
  bpt=pentium_m l1da=8 l1d=64 l1ia=4 l1i=64 l2a=8 l2=256 l3a=8 l3=2048 robc=2 robd=2 robw=128   1.1798   1.0322    45.28    16.97  Strongly Sust.
  bpt=pentium_m l1da=8 l1d=64 l1ia=4 l1i=32 l2a=8 l2=256 l3a=8 l3=2048 robc=8 robd=2 robw=32   1.2307   1.0259    44.58    16.55  Strongly Sust.
  bpt=pentium_m l1da=4 l1d=64 l1ia=4 l1i=32 l2a=4 l2=128 l3a=16 l3=2048 robc=8 robd=2 robw=64   1.4163   1.0257    40.44    15.82  Strongly Sust.
  bpt=tage l1da=8 l1d=64 l1ia=4 l1i=64 l2a=8 l2=128 l3a=16 l3=1024 robc=2 robd=2 robw=32   1.4287   0.9893    40.55    15.65  Strongly Sust.
  bpt=pentium_m l1da=8 l1d=64 l1ia=4 l1i=64 l2a=8 l2=128 l3a=16 l3=1024 robc=8 robd=2 robw=32   1.4288   0.9889    40.55    15.65  Strongly Sust.
  bp=2048 bpt=a53 l1da=8 l1d=64 l1ia=4 l1i=64 l2a=8 l2=128 l3a=16 l3=1024 nhist=2 robc=2 robd=2 robw=32   1.4295   0.9871    40.55    15.64  Strongly Sust.
  bpt=nn l1da=8 l1d=64 l1ia=4 l1i=64 l2a=8 l2=128 l3a=16 l3=1024 nnbl=16 nnlr=0.005 robc=8 robd=2 robw=32   1.4314   0.9841    40.55    15.62  Strongly Sust.
  bpt=nn l1da=8 l1d=64 l1ia=4 l1i=64 l2a=8 l2=128 l3a=16 l3=1024 nnbl=16 nnlr=0.005 robc=2 robd=2 robw=32   1.4373   0.9762    40.55    15.56  Strongly Sust.
  bpt=nn l1da=8 l1d=64 l1ia=4 l1i=64 l2a=8 l2=128 l3a=16 l3=1024 nnbl=32 nnlr=0.0005 robc=2 robd=2 robw=32   1.4476   0.9603    40.55    15.45  Strongly Sust.
  Ran sniper 1 time this iteration (56 total).

=== Iteration 51 ===
  Evaluating 1 configuration(s) (top acquisition score of 400 candidates)...
  [mesmo] bpt=pentium_m l1da=4 l1d=16 l1ia=8 l1i=16 l2a=4 l2=512 l3a=4 l3=4096 robc=10 robd=10 robw=256  ASI=-0.0142  S=1.1414  A= 114.37  P=997.35  [Unsustainable]  [ML2=1.76x, ML2_orig=1.09x, CCl=1.00x, MIP=1.01x, EI=1.00x]

  Pareto front after iteration 51 (17 points, HV=1.5611):
  Params                                  ASI  Speedup     Area  PeakPow  Region
  ──────────────────────────────────────────────────────────────────────────────
  bpt=tage l1da=4 l1d=64 l1ia=8 l1i=16 l2a=4 l2=512 l3a=16 l3=4096 robc=4 robd=8 robw=1024  -0.0368   1.1419   174.38  1191.35  Unsustainable
  bpt=pentium_m l1da=4 l1d=16 l1ia=4 l1i=32 l2a=4 l2=512 l3a=4 l3=4096 robc=10 robd=10 robw=512  -0.0222   1.1416   150.17  1435.85  Unsustainable
  bpt=pentium_m l1da=4 l1d=16 l1ia=8 l1i=16 l2a=8 l2=512 l3a=4 l3=4096 robc=10 robd=10 robw=256  -0.0142   1.1414   114.46   997.40  Unsustainable
  bpt=pentium_m l1da=4 l1d=16 l1ia=8 l1i=16 l2a=4 l2=512 l3a=4 l3=4096 robc=10 robd=10 robw=256  -0.0142   1.1414   114.37   997.35  Unsustainable
  bpt=tage l1da=4 l1d=64 l1ia=8 l1i=16 l2a=4 l2=512 l3a=16 l3=4096 robc=4 robd=8 robw=64   0.1334   1.1409    73.50    45.39  Unsustainable
  bpt=tage l1da=4 l1d=16 l1ia=8 l1i=16 l2a=4 l2=512 l3a=16 l3=4096 robc=4 robd=8 robw=64   0.1378   1.1403    73.13    45.28  Unsustainable
  bpt=pentium_m l1da=4 l1d=16 l1ia=8 l1i=16 l2a=4 l2=128 l3a=4 l3=4096 robc=2 robd=2 robw=256   0.8480   1.1099    54.07    18.48  Unsustainable
  bp=2048 bpt=a53 l1da=4 l1d=16 l1ia=8 l1i=16 l2a=4 l2=128 l3a=4 l3=4096 nhist=2 robc=2 robd=2 robw=256   0.8480   1.1098    54.07    18.48  Unsustainable
  bpt=pentium_m l1da=8 l1d=64 l1ia=4 l1i=64 l2a=8 l2=256 l3a=8 l3=2048 robc=2 robd=2 robw=128   1.1798   1.0322    45.28    16.97  Strongly Sust.
  bpt=pentium_m l1da=8 l1d=64 l1ia=4 l1i=32 l2a=8 l2=256 l3a=8 l3=2048 robc=8 robd=2 robw=32   1.2307   1.0259    44.58    16.55  Strongly Sust.
  bpt=pentium_m l1da=4 l1d=64 l1ia=4 l1i=32 l2a=4 l2=128 l3a=16 l3=2048 robc=8 robd=2 robw=64   1.4163   1.0257    40.44    15.82  Strongly Sust.
  bpt=tage l1da=8 l1d=64 l1ia=4 l1i=64 l2a=8 l2=128 l3a=16 l3=1024 robc=2 robd=2 robw=32   1.4287   0.9893    40.55    15.65  Strongly Sust.
  bpt=pentium_m l1da=8 l1d=64 l1ia=4 l1i=64 l2a=8 l2=128 l3a=16 l3=1024 robc=8 robd=2 robw=32   1.4288   0.9889    40.55    15.65  Strongly Sust.
  bp=2048 bpt=a53 l1da=8 l1d=64 l1ia=4 l1i=64 l2a=8 l2=128 l3a=16 l3=1024 nhist=2 robc=2 robd=2 robw=32   1.4295   0.9871    40.55    15.64  Strongly Sust.
  bpt=nn l1da=8 l1d=64 l1ia=4 l1i=64 l2a=8 l2=128 l3a=16 l3=1024 nnbl=16 nnlr=0.005 robc=8 robd=2 robw=32   1.4314   0.9841    40.55    15.62  Strongly Sust.
  bpt=nn l1da=8 l1d=64 l1ia=4 l1i=64 l2a=8 l2=128 l3a=16 l3=1024 nnbl=16 nnlr=0.005 robc=2 robd=2 robw=32   1.4373   0.9762    40.55    15.56  Strongly Sust.
  bpt=nn l1da=8 l1d=64 l1ia=4 l1i=64 l2a=8 l2=128 l3a=16 l3=1024 nnbl=32 nnlr=0.0005 robc=2 robd=2 robw=32   1.4476   0.9603    40.55    15.45  Strongly Sust.
  Ran sniper 1 time this iteration (57 total).

=== Iteration 52 ===
  Evaluating 1 configuration(s) (top acquisition score of 400 candidates)...
  [mesmo] bpt=nn l1da=4 l1d=16 l1ia=8 l1i=16 l2a=8 l2=512 l3a=4 l3=4096 nnbl=16 nnlr=0.005 robc=10 robd=10 robw=256  ASI=-0.0142  S=1.1399  A= 114.46  P=997.39  [Unsustainable]  [ML2=1.76x, ML2_orig=1.09x, CCl=1.00x, MIP=1.01x, EI=1.00x]
  Deleted 1 non-Pareto output directory.

  Pareto front after iteration 52 (17 points, HV=1.5611):
  Params                                  ASI  Speedup     Area  PeakPow  Region
  ──────────────────────────────────────────────────────────────────────────────
  bpt=tage l1da=4 l1d=64 l1ia=8 l1i=16 l2a=4 l2=512 l3a=16 l3=4096 robc=4 robd=8 robw=1024  -0.0368   1.1419   174.38  1191.35  Unsustainable
  bpt=pentium_m l1da=4 l1d=16 l1ia=4 l1i=32 l2a=4 l2=512 l3a=4 l3=4096 robc=10 robd=10 robw=512  -0.0222   1.1416   150.17  1435.85  Unsustainable
  bpt=pentium_m l1da=4 l1d=16 l1ia=8 l1i=16 l2a=8 l2=512 l3a=4 l3=4096 robc=10 robd=10 robw=256  -0.0142   1.1414   114.46   997.40  Unsustainable
  bpt=pentium_m l1da=4 l1d=16 l1ia=8 l1i=16 l2a=4 l2=512 l3a=4 l3=4096 robc=10 robd=10 robw=256  -0.0142   1.1414   114.37   997.35  Unsustainable
  bpt=tage l1da=4 l1d=64 l1ia=8 l1i=16 l2a=4 l2=512 l3a=16 l3=4096 robc=4 robd=8 robw=64   0.1334   1.1409    73.50    45.39  Unsustainable
  bpt=tage l1da=4 l1d=16 l1ia=8 l1i=16 l2a=4 l2=512 l3a=16 l3=4096 robc=4 robd=8 robw=64   0.1378   1.1403    73.13    45.28  Unsustainable
  bpt=pentium_m l1da=4 l1d=16 l1ia=8 l1i=16 l2a=4 l2=128 l3a=4 l3=4096 robc=2 robd=2 robw=256   0.8480   1.1099    54.07    18.48  Unsustainable
  bp=2048 bpt=a53 l1da=4 l1d=16 l1ia=8 l1i=16 l2a=4 l2=128 l3a=4 l3=4096 nhist=2 robc=2 robd=2 robw=256   0.8480   1.1098    54.07    18.48  Unsustainable
  bpt=pentium_m l1da=8 l1d=64 l1ia=4 l1i=64 l2a=8 l2=256 l3a=8 l3=2048 robc=2 robd=2 robw=128   1.1798   1.0322    45.28    16.97  Strongly Sust.
  bpt=pentium_m l1da=8 l1d=64 l1ia=4 l1i=32 l2a=8 l2=256 l3a=8 l3=2048 robc=8 robd=2 robw=32   1.2307   1.0259    44.58    16.55  Strongly Sust.
  bpt=pentium_m l1da=4 l1d=64 l1ia=4 l1i=32 l2a=4 l2=128 l3a=16 l3=2048 robc=8 robd=2 robw=64   1.4163   1.0257    40.44    15.82  Strongly Sust.
  bpt=tage l1da=8 l1d=64 l1ia=4 l1i=64 l2a=8 l2=128 l3a=16 l3=1024 robc=2 robd=2 robw=32   1.4287   0.9893    40.55    15.65  Strongly Sust.
  bpt=pentium_m l1da=8 l1d=64 l1ia=4 l1i=64 l2a=8 l2=128 l3a=16 l3=1024 robc=8 robd=2 robw=32   1.4288   0.9889    40.55    15.65  Strongly Sust.
  bp=2048 bpt=a53 l1da=8 l1d=64 l1ia=4 l1i=64 l2a=8 l2=128 l3a=16 l3=1024 nhist=2 robc=2 robd=2 robw=32   1.4295   0.9871    40.55    15.64  Strongly Sust.
  bpt=nn l1da=8 l1d=64 l1ia=4 l1i=64 l2a=8 l2=128 l3a=16 l3=1024 nnbl=16 nnlr=0.005 robc=8 robd=2 robw=32   1.4314   0.9841    40.55    15.62  Strongly Sust.
  bpt=nn l1da=8 l1d=64 l1ia=4 l1i=64 l2a=8 l2=128 l3a=16 l3=1024 nnbl=16 nnlr=0.005 robc=2 robd=2 robw=32   1.4373   0.9762    40.55    15.56  Strongly Sust.
  bpt=nn l1da=8 l1d=64 l1ia=4 l1i=64 l2a=8 l2=128 l3a=16 l3=1024 nnbl=32 nnlr=0.0005 robc=2 robd=2 robw=32   1.4476   0.9603    40.55    15.45  Strongly Sust.
  Ran sniper 1 time this iteration (58 total).

=== Iteration 53 ===
  Evaluating 1 configuration(s) (top acquisition score of 400 candidates)...
  [mesmo] bpt=tage l1da=4 l1d=16 l1ia=4 l1i=64 l2a=4 l2=512 l3a=4 l3=4096 robc=4 robd=10 robw=1024  ASI=-0.0318  S=1.1416  A= 254.91  P=2633.90  [Unsustainable]  [ML2=1.76x, ML2_orig=1.09x, CCl=1.00x, MIP=1.01x, EI=1.00x]

  Pareto front after iteration 53 (18 points, HV=1.5611):
  Params                                  ASI  Speedup     Area  PeakPow  Region
  ──────────────────────────────────────────────────────────────────────────────
  bpt=tage l1da=4 l1d=64 l1ia=8 l1i=16 l2a=4 l2=512 l3a=16 l3=4096 robc=4 robd=8 robw=1024  -0.0368   1.1419   174.38  1191.35  Unsustainable
  bpt=tage l1da=4 l1d=16 l1ia=4 l1i=64 l2a=4 l2=512 l3a=4 l3=4096 robc=4 robd=10 robw=1024  -0.0318   1.1416   254.91  2633.90  Unsustainable
  bpt=pentium_m l1da=4 l1d=16 l1ia=4 l1i=32 l2a=4 l2=512 l3a=4 l3=4096 robc=10 robd=10 robw=512  -0.0222   1.1416   150.17  1435.85  Unsustainable
  bpt=pentium_m l1da=4 l1d=16 l1ia=8 l1i=16 l2a=8 l2=512 l3a=4 l3=4096 robc=10 robd=10 robw=256  -0.0142   1.1414   114.46   997.40  Unsustainable
  bpt=pentium_m l1da=4 l1d=16 l1ia=8 l1i=16 l2a=4 l2=512 l3a=4 l3=4096 robc=10 robd=10 robw=256  -0.0142   1.1414   114.37   997.35  Unsustainable
  bpt=tage l1da=4 l1d=64 l1ia=8 l1i=16 l2a=4 l2=512 l3a=16 l3=4096 robc=4 robd=8 robw=64   0.1334   1.1409    73.50    45.39  Unsustainable
  bpt=tage l1da=4 l1d=16 l1ia=8 l1i=16 l2a=4 l2=512 l3a=16 l3=4096 robc=4 robd=8 robw=64   0.1378   1.1403    73.13    45.28  Unsustainable
  bpt=pentium_m l1da=4 l1d=16 l1ia=8 l1i=16 l2a=4 l2=128 l3a=4 l3=4096 robc=2 robd=2 robw=256   0.8480   1.1099    54.07    18.48  Unsustainable
  bp=2048 bpt=a53 l1da=4 l1d=16 l1ia=8 l1i=16 l2a=4 l2=128 l3a=4 l3=4096 nhist=2 robc=2 robd=2 robw=256   0.8480   1.1098    54.07    18.48  Unsustainable
  bpt=pentium_m l1da=8 l1d=64 l1ia=4 l1i=64 l2a=8 l2=256 l3a=8 l3=2048 robc=2 robd=2 robw=128   1.1798   1.0322    45.28    16.97  Strongly Sust.
  bpt=pentium_m l1da=8 l1d=64 l1ia=4 l1i=32 l2a=8 l2=256 l3a=8 l3=2048 robc=8 robd=2 robw=32   1.2307   1.0259    44.58    16.55  Strongly Sust.
  bpt=pentium_m l1da=4 l1d=64 l1ia=4 l1i=32 l2a=4 l2=128 l3a=16 l3=2048 robc=8 robd=2 robw=64   1.4163   1.0257    40.44    15.82  Strongly Sust.
  bpt=tage l1da=8 l1d=64 l1ia=4 l1i=64 l2a=8 l2=128 l3a=16 l3=1024 robc=2 robd=2 robw=32   1.4287   0.9893    40.55    15.65  Strongly Sust.
  bpt=pentium_m l1da=8 l1d=64 l1ia=4 l1i=64 l2a=8 l2=128 l3a=16 l3=1024 robc=8 robd=2 robw=32   1.4288   0.9889    40.55    15.65  Strongly Sust.
  bp=2048 bpt=a53 l1da=8 l1d=64 l1ia=4 l1i=64 l2a=8 l2=128 l3a=16 l3=1024 nhist=2 robc=2 robd=2 robw=32   1.4295   0.9871    40.55    15.64  Strongly Sust.
  bpt=nn l1da=8 l1d=64 l1ia=4 l1i=64 l2a=8 l2=128 l3a=16 l3=1024 nnbl=16 nnlr=0.005 robc=8 robd=2 robw=32   1.4314   0.9841    40.55    15.62  Strongly Sust.
  bpt=nn l1da=8 l1d=64 l1ia=4 l1i=64 l2a=8 l2=128 l3a=16 l3=1024 nnbl=16 nnlr=0.005 robc=2 robd=2 robw=32   1.4373   0.9762    40.55    15.56  Strongly Sust.
  bpt=nn l1da=8 l1d=64 l1ia=4 l1i=64 l2a=8 l2=128 l3a=16 l3=1024 nnbl=32 nnlr=0.0005 robc=2 robd=2 robw=32   1.4476   0.9603    40.55    15.45  Strongly Sust.
  Ran sniper 1 time this iteration (59 total).

=== Iteration 54 ===
  Evaluating 1 configuration(s) (top acquisition score of 400 candidates)...
  [mesmo] bp=1024 bpt=a53 l1da=8 l1d=64 l1ia=8 l1i=32 l2a=4 l2=128 l3a=4 l3=2048 nhist=4 robc=2 robd=2 robw=16  ASI= 1.1592  S=1.0067  A=  46.45  P= 16.77  [Strongly Sust.]  [ML2=1.16x, ML2_orig=1.00x, CCl=0.98x, MIP=0.95x, EI=0.96x]
  Deleted 1 non-Pareto output directory.

  Pareto front after iteration 54 (18 points, HV=1.5611):
  Params                                  ASI  Speedup     Area  PeakPow  Region
  ──────────────────────────────────────────────────────────────────────────────
  bpt=tage l1da=4 l1d=64 l1ia=8 l1i=16 l2a=4 l2=512 l3a=16 l3=4096 robc=4 robd=8 robw=1024  -0.0368   1.1419   174.38  1191.35  Unsustainable
  bpt=tage l1da=4 l1d=16 l1ia=4 l1i=64 l2a=4 l2=512 l3a=4 l3=4096 robc=4 robd=10 robw=1024  -0.0318   1.1416   254.91  2633.90  Unsustainable
  bpt=pentium_m l1da=4 l1d=16 l1ia=4 l1i=32 l2a=4 l2=512 l3a=4 l3=4096 robc=10 robd=10 robw=512  -0.0222   1.1416   150.17  1435.85  Unsustainable
  bpt=pentium_m l1da=4 l1d=16 l1ia=8 l1i=16 l2a=8 l2=512 l3a=4 l3=4096 robc=10 robd=10 robw=256  -0.0142   1.1414   114.46   997.40  Unsustainable
  bpt=pentium_m l1da=4 l1d=16 l1ia=8 l1i=16 l2a=4 l2=512 l3a=4 l3=4096 robc=10 robd=10 robw=256  -0.0142   1.1414   114.37   997.35  Unsustainable
  bpt=tage l1da=4 l1d=64 l1ia=8 l1i=16 l2a=4 l2=512 l3a=16 l3=4096 robc=4 robd=8 robw=64   0.1334   1.1409    73.50    45.39  Unsustainable
  bpt=tage l1da=4 l1d=16 l1ia=8 l1i=16 l2a=4 l2=512 l3a=16 l3=4096 robc=4 robd=8 robw=64   0.1378   1.1403    73.13    45.28  Unsustainable
  bpt=pentium_m l1da=4 l1d=16 l1ia=8 l1i=16 l2a=4 l2=128 l3a=4 l3=4096 robc=2 robd=2 robw=256   0.8480   1.1099    54.07    18.48  Unsustainable
  bp=2048 bpt=a53 l1da=4 l1d=16 l1ia=8 l1i=16 l2a=4 l2=128 l3a=4 l3=4096 nhist=2 robc=2 robd=2 robw=256   0.8480   1.1098    54.07    18.48  Unsustainable
  bpt=pentium_m l1da=8 l1d=64 l1ia=4 l1i=64 l2a=8 l2=256 l3a=8 l3=2048 robc=2 robd=2 robw=128   1.1798   1.0322    45.28    16.97  Strongly Sust.
  bpt=pentium_m l1da=8 l1d=64 l1ia=4 l1i=32 l2a=8 l2=256 l3a=8 l3=2048 robc=8 robd=2 robw=32   1.2307   1.0259    44.58    16.55  Strongly Sust.
  bpt=pentium_m l1da=4 l1d=64 l1ia=4 l1i=32 l2a=4 l2=128 l3a=16 l3=2048 robc=8 robd=2 robw=64   1.4163   1.0257    40.44    15.82  Strongly Sust.
  bpt=tage l1da=8 l1d=64 l1ia=4 l1i=64 l2a=8 l2=128 l3a=16 l3=1024 robc=2 robd=2 robw=32   1.4287   0.9893    40.55    15.65  Strongly Sust.
  bpt=pentium_m l1da=8 l1d=64 l1ia=4 l1i=64 l2a=8 l2=128 l3a=16 l3=1024 robc=8 robd=2 robw=32   1.4288   0.9889    40.55    15.65  Strongly Sust.
  bp=2048 bpt=a53 l1da=8 l1d=64 l1ia=4 l1i=64 l2a=8 l2=128 l3a=16 l3=1024 nhist=2 robc=2 robd=2 robw=32   1.4295   0.9871    40.55    15.64  Strongly Sust.
  bpt=nn l1da=8 l1d=64 l1ia=4 l1i=64 l2a=8 l2=128 l3a=16 l3=1024 nnbl=16 nnlr=0.005 robc=8 robd=2 robw=32   1.4314   0.9841    40.55    15.62  Strongly Sust.
  bpt=nn l1da=8 l1d=64 l1ia=4 l1i=64 l2a=8 l2=128 l3a=16 l3=1024 nnbl=16 nnlr=0.005 robc=2 robd=2 robw=32   1.4373   0.9762    40.55    15.56  Strongly Sust.
  bpt=nn l1da=8 l1d=64 l1ia=4 l1i=64 l2a=8 l2=128 l3a=16 l3=1024 nnbl=32 nnlr=0.0005 robc=2 robd=2 robw=32   1.4476   0.9603    40.55    15.45  Strongly Sust.
  Ran sniper 1 time this iteration (60 total).

=== Iteration 55 ===
  Evaluating 1 configuration(s) (top acquisition score of 400 candidates)...
  [mesmo] bpt=pentium_m l1da=8 l1d=16 l1ia=8 l1i=32 l2a=4 l2=512 l3a=8 l3=4096 robc=4 robd=10 robw=256  ASI=-0.0160  S=1.1413  A= 118.04  P=998.09  [Unsustainable]  [ML2=1.76x, ML2_orig=1.09x, CCl=1.00x, MIP=1.01x, EI=1.00x]
  Deleted 1 non-Pareto output directory.

  Pareto front after iteration 55 (18 points, HV=1.5611):
  Params                                  ASI  Speedup     Area  PeakPow  Region
  ──────────────────────────────────────────────────────────────────────────────
  bpt=tage l1da=4 l1d=64 l1ia=8 l1i=16 l2a=4 l2=512 l3a=16 l3=4096 robc=4 robd=8 robw=1024  -0.0368   1.1419   174.38  1191.35  Unsustainable
  bpt=tage l1da=4 l1d=16 l1ia=4 l1i=64 l2a=4 l2=512 l3a=4 l3=4096 robc=4 robd=10 robw=1024  -0.0318   1.1416   254.91  2633.90  Unsustainable
  bpt=pentium_m l1da=4 l1d=16 l1ia=4 l1i=32 l2a=4 l2=512 l3a=4 l3=4096 robc=10 robd=10 robw=512  -0.0222   1.1416   150.17  1435.85  Unsustainable
  bpt=pentium_m l1da=4 l1d=16 l1ia=8 l1i=16 l2a=8 l2=512 l3a=4 l3=4096 robc=10 robd=10 robw=256  -0.0142   1.1414   114.46   997.40  Unsustainable
  bpt=pentium_m l1da=4 l1d=16 l1ia=8 l1i=16 l2a=4 l2=512 l3a=4 l3=4096 robc=10 robd=10 robw=256  -0.0142   1.1414   114.37   997.35  Unsustainable
  bpt=tage l1da=4 l1d=64 l1ia=8 l1i=16 l2a=4 l2=512 l3a=16 l3=4096 robc=4 robd=8 robw=64   0.1334   1.1409    73.50    45.39  Unsustainable
  bpt=tage l1da=4 l1d=16 l1ia=8 l1i=16 l2a=4 l2=512 l3a=16 l3=4096 robc=4 robd=8 robw=64   0.1378   1.1403    73.13    45.28  Unsustainable
  bpt=pentium_m l1da=4 l1d=16 l1ia=8 l1i=16 l2a=4 l2=128 l3a=4 l3=4096 robc=2 robd=2 robw=256   0.8480   1.1099    54.07    18.48  Unsustainable
  bp=2048 bpt=a53 l1da=4 l1d=16 l1ia=8 l1i=16 l2a=4 l2=128 l3a=4 l3=4096 nhist=2 robc=2 robd=2 robw=256   0.8480   1.1098    54.07    18.48  Unsustainable
  bpt=pentium_m l1da=8 l1d=64 l1ia=4 l1i=64 l2a=8 l2=256 l3a=8 l3=2048 robc=2 robd=2 robw=128   1.1798   1.0322    45.28    16.97  Strongly Sust.
  bpt=pentium_m l1da=8 l1d=64 l1ia=4 l1i=32 l2a=8 l2=256 l3a=8 l3=2048 robc=8 robd=2 robw=32   1.2307   1.0259    44.58    16.55  Strongly Sust.
  bpt=pentium_m l1da=4 l1d=64 l1ia=4 l1i=32 l2a=4 l2=128 l3a=16 l3=2048 robc=8 robd=2 robw=64   1.4163   1.0257    40.44    15.82  Strongly Sust.
  bpt=tage l1da=8 l1d=64 l1ia=4 l1i=64 l2a=8 l2=128 l3a=16 l3=1024 robc=2 robd=2 robw=32   1.4287   0.9893    40.55    15.65  Strongly Sust.
  bpt=pentium_m l1da=8 l1d=64 l1ia=4 l1i=64 l2a=8 l2=128 l3a=16 l3=1024 robc=8 robd=2 robw=32   1.4288   0.9889    40.55    15.65  Strongly Sust.
  bp=2048 bpt=a53 l1da=8 l1d=64 l1ia=4 l1i=64 l2a=8 l2=128 l3a=16 l3=1024 nhist=2 robc=2 robd=2 robw=32   1.4295   0.9871    40.55    15.64  Strongly Sust.
  bpt=nn l1da=8 l1d=64 l1ia=4 l1i=64 l2a=8 l2=128 l3a=16 l3=1024 nnbl=16 nnlr=0.005 robc=8 robd=2 robw=32   1.4314   0.9841    40.55    15.62  Strongly Sust.
  bpt=nn l1da=8 l1d=64 l1ia=4 l1i=64 l2a=8 l2=128 l3a=16 l3=1024 nnbl=16 nnlr=0.005 robc=2 robd=2 robw=32   1.4373   0.9762    40.55    15.56  Strongly Sust.
  bpt=nn l1da=8 l1d=64 l1ia=4 l1i=64 l2a=8 l2=128 l3a=16 l3=1024 nnbl=32 nnlr=0.0005 robc=2 robd=2 robw=32   1.4476   0.9603    40.55    15.45  Strongly Sust.
  Ran sniper 1 time this iteration (61 total).

=== Iteration 56 ===
  Evaluating 1 configuration(s) (top acquisition score of 400 candidates)...
  [mesmo] bpt=tage l1da=4 l1d=64 l1ia=8 l1i=16 l2a=4 l2=512 l3a=16 l3=8192 robc=4 robd=8 robw=64  ASI=-0.2086  S=1.1409  A= 106.23  P= 48.59  [Unsustainable]  [ML2=1.76x, ML2_orig=1.09x, CCl=1.00x, MIP=1.01x, EI=1.00x]
  Deleted 1 non-Pareto output directory.

  Pareto front after iteration 56 (18 points, HV=1.5611):
  Params                                  ASI  Speedup     Area  PeakPow  Region
  ──────────────────────────────────────────────────────────────────────────────
  bpt=tage l1da=4 l1d=64 l1ia=8 l1i=16 l2a=4 l2=512 l3a=16 l3=4096 robc=4 robd=8 robw=1024  -0.0368   1.1419   174.38  1191.35  Unsustainable
  bpt=tage l1da=4 l1d=16 l1ia=4 l1i=64 l2a=4 l2=512 l3a=4 l3=4096 robc=4 robd=10 robw=1024  -0.0318   1.1416   254.91  2633.90  Unsustainable
  bpt=pentium_m l1da=4 l1d=16 l1ia=4 l1i=32 l2a=4 l2=512 l3a=4 l3=4096 robc=10 robd=10 robw=512  -0.0222   1.1416   150.17  1435.85  Unsustainable
  bpt=pentium_m l1da=4 l1d=16 l1ia=8 l1i=16 l2a=8 l2=512 l3a=4 l3=4096 robc=10 robd=10 robw=256  -0.0142   1.1414   114.46   997.40  Unsustainable
  bpt=pentium_m l1da=4 l1d=16 l1ia=8 l1i=16 l2a=4 l2=512 l3a=4 l3=4096 robc=10 robd=10 robw=256  -0.0142   1.1414   114.37   997.35  Unsustainable
  bpt=tage l1da=4 l1d=64 l1ia=8 l1i=16 l2a=4 l2=512 l3a=16 l3=4096 robc=4 robd=8 robw=64   0.1334   1.1409    73.50    45.39  Unsustainable
  bpt=tage l1da=4 l1d=16 l1ia=8 l1i=16 l2a=4 l2=512 l3a=16 l3=4096 robc=4 robd=8 robw=64   0.1378   1.1403    73.13    45.28  Unsustainable
  bpt=pentium_m l1da=4 l1d=16 l1ia=8 l1i=16 l2a=4 l2=128 l3a=4 l3=4096 robc=2 robd=2 robw=256   0.8480   1.1099    54.07    18.48  Unsustainable
  bp=2048 bpt=a53 l1da=4 l1d=16 l1ia=8 l1i=16 l2a=4 l2=128 l3a=4 l3=4096 nhist=2 robc=2 robd=2 robw=256   0.8480   1.1098    54.07    18.48  Unsustainable
  bpt=pentium_m l1da=8 l1d=64 l1ia=4 l1i=64 l2a=8 l2=256 l3a=8 l3=2048 robc=2 robd=2 robw=128   1.1798   1.0322    45.28    16.97  Strongly Sust.
  bpt=pentium_m l1da=8 l1d=64 l1ia=4 l1i=32 l2a=8 l2=256 l3a=8 l3=2048 robc=8 robd=2 robw=32   1.2307   1.0259    44.58    16.55  Strongly Sust.
  bpt=pentium_m l1da=4 l1d=64 l1ia=4 l1i=32 l2a=4 l2=128 l3a=16 l3=2048 robc=8 robd=2 robw=64   1.4163   1.0257    40.44    15.82  Strongly Sust.
  bpt=tage l1da=8 l1d=64 l1ia=4 l1i=64 l2a=8 l2=128 l3a=16 l3=1024 robc=2 robd=2 robw=32   1.4287   0.9893    40.55    15.65  Strongly Sust.
  bpt=pentium_m l1da=8 l1d=64 l1ia=4 l1i=64 l2a=8 l2=128 l3a=16 l3=1024 robc=8 robd=2 robw=32   1.4288   0.9889    40.55    15.65  Strongly Sust.
  bp=2048 bpt=a53 l1da=8 l1d=64 l1ia=4 l1i=64 l2a=8 l2=128 l3a=16 l3=1024 nhist=2 robc=2 robd=2 robw=32   1.4295   0.9871    40.55    15.64  Strongly Sust.
  bpt=nn l1da=8 l1d=64 l1ia=4 l1i=64 l2a=8 l2=128 l3a=16 l3=1024 nnbl=16 nnlr=0.005 robc=8 robd=2 robw=32   1.4314   0.9841    40.55    15.62  Strongly Sust.
  bpt=nn l1da=8 l1d=64 l1ia=4 l1i=64 l2a=8 l2=128 l3a=16 l3=1024 nnbl=16 nnlr=0.005 robc=2 robd=2 robw=32   1.4373   0.9762    40.55    15.56  Strongly Sust.
  bpt=nn l1da=8 l1d=64 l1ia=4 l1i=64 l2a=8 l2=128 l3a=16 l3=1024 nnbl=32 nnlr=0.0005 robc=2 robd=2 robw=32   1.4476   0.9603    40.55    15.45  Strongly Sust.
  Ran sniper 1 time this iteration (62 total).

=== Iteration 57 ===
  Evaluating 1 configuration(s) (top acquisition score of 400 candidates)...
  [mesmo] bpt=pentium_m l1da=8 l1d=64 l1ia=4 l1i=32 l2a=4 l2=128 l3a=16 l3=2048 robc=8 robd=2 robw=64  ASI= 1.2244  S=1.0257  A=  44.86  P= 16.52  [Strongly Sust.]  [ML2=1.16x, ML2_orig=1.00x, CCl=1.00x, MIP=0.98x, EI=0.99x]
  Deleted 1 non-Pareto output directory.

  Pareto front after iteration 57 (18 points, HV=1.5611):
  Params                                  ASI  Speedup     Area  PeakPow  Region
  ──────────────────────────────────────────────────────────────────────────────
  bpt=tage l1da=4 l1d=64 l1ia=8 l1i=16 l2a=4 l2=512 l3a=16 l3=4096 robc=4 robd=8 robw=1024  -0.0368   1.1419   174.38  1191.35  Unsustainable
  bpt=tage l1da=4 l1d=16 l1ia=4 l1i=64 l2a=4 l2=512 l3a=4 l3=4096 robc=4 robd=10 robw=1024  -0.0318   1.1416   254.91  2633.90  Unsustainable
  bpt=pentium_m l1da=4 l1d=16 l1ia=4 l1i=32 l2a=4 l2=512 l3a=4 l3=4096 robc=10 robd=10 robw=512  -0.0222   1.1416   150.17  1435.85  Unsustainable
  bpt=pentium_m l1da=4 l1d=16 l1ia=8 l1i=16 l2a=8 l2=512 l3a=4 l3=4096 robc=10 robd=10 robw=256  -0.0142   1.1414   114.46   997.40  Unsustainable
  bpt=pentium_m l1da=4 l1d=16 l1ia=8 l1i=16 l2a=4 l2=512 l3a=4 l3=4096 robc=10 robd=10 robw=256  -0.0142   1.1414   114.37   997.35  Unsustainable
  bpt=tage l1da=4 l1d=64 l1ia=8 l1i=16 l2a=4 l2=512 l3a=16 l3=4096 robc=4 robd=8 robw=64   0.1334   1.1409    73.50    45.39  Unsustainable
  bpt=tage l1da=4 l1d=16 l1ia=8 l1i=16 l2a=4 l2=512 l3a=16 l3=4096 robc=4 robd=8 robw=64   0.1378   1.1403    73.13    45.28  Unsustainable
  bpt=pentium_m l1da=4 l1d=16 l1ia=8 l1i=16 l2a=4 l2=128 l3a=4 l3=4096 robc=2 robd=2 robw=256   0.8480   1.1099    54.07    18.48  Unsustainable
  bp=2048 bpt=a53 l1da=4 l1d=16 l1ia=8 l1i=16 l2a=4 l2=128 l3a=4 l3=4096 nhist=2 robc=2 robd=2 robw=256   0.8480   1.1098    54.07    18.48  Unsustainable
  bpt=pentium_m l1da=8 l1d=64 l1ia=4 l1i=64 l2a=8 l2=256 l3a=8 l3=2048 robc=2 robd=2 robw=128   1.1798   1.0322    45.28    16.97  Strongly Sust.
  bpt=pentium_m l1da=8 l1d=64 l1ia=4 l1i=32 l2a=8 l2=256 l3a=8 l3=2048 robc=8 robd=2 robw=32   1.2307   1.0259    44.58    16.55  Strongly Sust.
  bpt=pentium_m l1da=4 l1d=64 l1ia=4 l1i=32 l2a=4 l2=128 l3a=16 l3=2048 robc=8 robd=2 robw=64   1.4163   1.0257    40.44    15.82  Strongly Sust.
  bpt=tage l1da=8 l1d=64 l1ia=4 l1i=64 l2a=8 l2=128 l3a=16 l3=1024 robc=2 robd=2 robw=32   1.4287   0.9893    40.55    15.65  Strongly Sust.
  bpt=pentium_m l1da=8 l1d=64 l1ia=4 l1i=64 l2a=8 l2=128 l3a=16 l3=1024 robc=8 robd=2 robw=32   1.4288   0.9889    40.55    15.65  Strongly Sust.
  bp=2048 bpt=a53 l1da=8 l1d=64 l1ia=4 l1i=64 l2a=8 l2=128 l3a=16 l3=1024 nhist=2 robc=2 robd=2 robw=32   1.4295   0.9871    40.55    15.64  Strongly Sust.
  bpt=nn l1da=8 l1d=64 l1ia=4 l1i=64 l2a=8 l2=128 l3a=16 l3=1024 nnbl=16 nnlr=0.005 robc=8 robd=2 robw=32   1.4314   0.9841    40.55    15.62  Strongly Sust.
  bpt=nn l1da=8 l1d=64 l1ia=4 l1i=64 l2a=8 l2=128 l3a=16 l3=1024 nnbl=16 nnlr=0.005 robc=2 robd=2 robw=32   1.4373   0.9762    40.55    15.56  Strongly Sust.
  bpt=nn l1da=8 l1d=64 l1ia=4 l1i=64 l2a=8 l2=128 l3a=16 l3=1024 nnbl=32 nnlr=0.0005 robc=2 robd=2 robw=32   1.4476   0.9603    40.55    15.45  Strongly Sust.
  Ran sniper 1 time this iteration (63 total).

=== Iteration 58 ===
  Evaluating 1 configuration(s) (top acquisition score of 400 candidates)...
  [mesmo] bpt=tage l1da=4 l1d=16 l1ia=4 l1i=64 l2a=4 l2=512 l3a=4 l3=4096 robc=4 robd=10 robw=256  ASI=-0.0138  S=1.1412  A= 113.58  P=996.64  [Unsustainable]  [ML2=1.76x, ML2_orig=1.09x, CCl=1.00x, MIP=1.01x, EI=1.00x]

  Pareto front after iteration 58 (19 points, HV=1.5611):
  Params                                  ASI  Speedup     Area  PeakPow  Region
  ──────────────────────────────────────────────────────────────────────────────
  bpt=tage l1da=4 l1d=64 l1ia=8 l1i=16 l2a=4 l2=512 l3a=16 l3=4096 robc=4 robd=8 robw=1024  -0.0368   1.1419   174.38  1191.35  Unsustainable
  bpt=tage l1da=4 l1d=16 l1ia=4 l1i=64 l2a=4 l2=512 l3a=4 l3=4096 robc=4 robd=10 robw=1024  -0.0318   1.1416   254.91  2633.90  Unsustainable
  bpt=pentium_m l1da=4 l1d=16 l1ia=4 l1i=32 l2a=4 l2=512 l3a=4 l3=4096 robc=10 robd=10 robw=512  -0.0222   1.1416   150.17  1435.85  Unsustainable
  bpt=pentium_m l1da=4 l1d=16 l1ia=8 l1i=16 l2a=8 l2=512 l3a=4 l3=4096 robc=10 robd=10 robw=256  -0.0142   1.1414   114.46   997.40  Unsustainable
  bpt=pentium_m l1da=4 l1d=16 l1ia=8 l1i=16 l2a=4 l2=512 l3a=4 l3=4096 robc=10 robd=10 robw=256  -0.0142   1.1414   114.37   997.35  Unsustainable
  bpt=tage l1da=4 l1d=16 l1ia=4 l1i=64 l2a=4 l2=512 l3a=4 l3=4096 robc=4 robd=10 robw=256  -0.0138   1.1412   113.58   996.64  Unsustainable
  bpt=tage l1da=4 l1d=64 l1ia=8 l1i=16 l2a=4 l2=512 l3a=16 l3=4096 robc=4 robd=8 robw=64   0.1334   1.1409    73.50    45.39  Unsustainable
  bpt=tage l1da=4 l1d=16 l1ia=8 l1i=16 l2a=4 l2=512 l3a=16 l3=4096 robc=4 robd=8 robw=64   0.1378   1.1403    73.13    45.28  Unsustainable
  bpt=pentium_m l1da=4 l1d=16 l1ia=8 l1i=16 l2a=4 l2=128 l3a=4 l3=4096 robc=2 robd=2 robw=256   0.8480   1.1099    54.07    18.48  Unsustainable
  bp=2048 bpt=a53 l1da=4 l1d=16 l1ia=8 l1i=16 l2a=4 l2=128 l3a=4 l3=4096 nhist=2 robc=2 robd=2 robw=256   0.8480   1.1098    54.07    18.48  Unsustainable
  bpt=pentium_m l1da=8 l1d=64 l1ia=4 l1i=64 l2a=8 l2=256 l3a=8 l3=2048 robc=2 robd=2 robw=128   1.1798   1.0322    45.28    16.97  Strongly Sust.
  bpt=pentium_m l1da=8 l1d=64 l1ia=4 l1i=32 l2a=8 l2=256 l3a=8 l3=2048 robc=8 robd=2 robw=32   1.2307   1.0259    44.58    16.55  Strongly Sust.
  bpt=pentium_m l1da=4 l1d=64 l1ia=4 l1i=32 l2a=4 l2=128 l3a=16 l3=2048 robc=8 robd=2 robw=64   1.4163   1.0257    40.44    15.82  Strongly Sust.
  bpt=tage l1da=8 l1d=64 l1ia=4 l1i=64 l2a=8 l2=128 l3a=16 l3=1024 robc=2 robd=2 robw=32   1.4287   0.9893    40.55    15.65  Strongly Sust.
  bpt=pentium_m l1da=8 l1d=64 l1ia=4 l1i=64 l2a=8 l2=128 l3a=16 l3=1024 robc=8 robd=2 robw=32   1.4288   0.9889    40.55    15.65  Strongly Sust.
  bp=2048 bpt=a53 l1da=8 l1d=64 l1ia=4 l1i=64 l2a=8 l2=128 l3a=16 l3=1024 nhist=2 robc=2 robd=2 robw=32   1.4295   0.9871    40.55    15.64  Strongly Sust.
  bpt=nn l1da=8 l1d=64 l1ia=4 l1i=64 l2a=8 l2=128 l3a=16 l3=1024 nnbl=16 nnlr=0.005 robc=8 robd=2 robw=32   1.4314   0.9841    40.55    15.62  Strongly Sust.
  bpt=nn l1da=8 l1d=64 l1ia=4 l1i=64 l2a=8 l2=128 l3a=16 l3=1024 nnbl=16 nnlr=0.005 robc=2 robd=2 robw=32   1.4373   0.9762    40.55    15.56  Strongly Sust.
  bpt=nn l1da=8 l1d=64 l1ia=4 l1i=64 l2a=8 l2=128 l3a=16 l3=1024 nnbl=32 nnlr=0.0005 robc=2 robd=2 robw=32   1.4476   0.9603    40.55    15.45  Strongly Sust.
  Ran sniper 1 time this iteration (64 total).

=== Iteration 59 ===
  Evaluating 1 configuration(s) (top acquisition score of 400 candidates)...
  [mesmo] bpt=nn l1da=4 l1d=64 l1ia=8 l1i=32 l2a=8 l2=128 l3a=16 l3=2048 nnbl=32 nnlr=0.0005 robc=2 robd=2 robw=64  ASI= 1.2979  S=1.0252  A=  42.19  P= 16.60  [Strongly Sust.]  [ML2=1.16x, ML2_orig=1.00x, CCl=1.00x, MIP=0.98x, EI=0.99x]
  Deleted 1 non-Pareto output directory.

  Pareto front after iteration 59 (19 points, HV=1.5611):
  Params                                  ASI  Speedup     Area  PeakPow  Region
  ──────────────────────────────────────────────────────────────────────────────
  bpt=tage l1da=4 l1d=64 l1ia=8 l1i=16 l2a=4 l2=512 l3a=16 l3=4096 robc=4 robd=8 robw=1024  -0.0368   1.1419   174.38  1191.35  Unsustainable
  bpt=tage l1da=4 l1d=16 l1ia=4 l1i=64 l2a=4 l2=512 l3a=4 l3=4096 robc=4 robd=10 robw=1024  -0.0318   1.1416   254.91  2633.90  Unsustainable
  bpt=pentium_m l1da=4 l1d=16 l1ia=4 l1i=32 l2a=4 l2=512 l3a=4 l3=4096 robc=10 robd=10 robw=512  -0.0222   1.1416   150.17  1435.85  Unsustainable
  bpt=pentium_m l1da=4 l1d=16 l1ia=8 l1i=16 l2a=8 l2=512 l3a=4 l3=4096 robc=10 robd=10 robw=256  -0.0142   1.1414   114.46   997.40  Unsustainable
  bpt=pentium_m l1da=4 l1d=16 l1ia=8 l1i=16 l2a=4 l2=512 l3a=4 l3=4096 robc=10 robd=10 robw=256  -0.0142   1.1414   114.37   997.35  Unsustainable
  bpt=tage l1da=4 l1d=16 l1ia=4 l1i=64 l2a=4 l2=512 l3a=4 l3=4096 robc=4 robd=10 robw=256  -0.0138   1.1412   113.58   996.64  Unsustainable
  bpt=tage l1da=4 l1d=64 l1ia=8 l1i=16 l2a=4 l2=512 l3a=16 l3=4096 robc=4 robd=8 robw=64   0.1334   1.1409    73.50    45.39  Unsustainable
  bpt=tage l1da=4 l1d=16 l1ia=8 l1i=16 l2a=4 l2=512 l3a=16 l3=4096 robc=4 robd=8 robw=64   0.1378   1.1403    73.13    45.28  Unsustainable
  bpt=pentium_m l1da=4 l1d=16 l1ia=8 l1i=16 l2a=4 l2=128 l3a=4 l3=4096 robc=2 robd=2 robw=256   0.8480   1.1099    54.07    18.48  Unsustainable
  bp=2048 bpt=a53 l1da=4 l1d=16 l1ia=8 l1i=16 l2a=4 l2=128 l3a=4 l3=4096 nhist=2 robc=2 robd=2 robw=256   0.8480   1.1098    54.07    18.48  Unsustainable
  bpt=pentium_m l1da=8 l1d=64 l1ia=4 l1i=64 l2a=8 l2=256 l3a=8 l3=2048 robc=2 robd=2 robw=128   1.1798   1.0322    45.28    16.97  Strongly Sust.
  bpt=pentium_m l1da=8 l1d=64 l1ia=4 l1i=32 l2a=8 l2=256 l3a=8 l3=2048 robc=8 robd=2 robw=32   1.2307   1.0259    44.58    16.55  Strongly Sust.
  bpt=pentium_m l1da=4 l1d=64 l1ia=4 l1i=32 l2a=4 l2=128 l3a=16 l3=2048 robc=8 robd=2 robw=64   1.4163   1.0257    40.44    15.82  Strongly Sust.
  bpt=tage l1da=8 l1d=64 l1ia=4 l1i=64 l2a=8 l2=128 l3a=16 l3=1024 robc=2 robd=2 robw=32   1.4287   0.9893    40.55    15.65  Strongly Sust.
  bpt=pentium_m l1da=8 l1d=64 l1ia=4 l1i=64 l2a=8 l2=128 l3a=16 l3=1024 robc=8 robd=2 robw=32   1.4288   0.9889    40.55    15.65  Strongly Sust.
  bp=2048 bpt=a53 l1da=8 l1d=64 l1ia=4 l1i=64 l2a=8 l2=128 l3a=16 l3=1024 nhist=2 robc=2 robd=2 robw=32   1.4295   0.9871    40.55    15.64  Strongly Sust.
  bpt=nn l1da=8 l1d=64 l1ia=4 l1i=64 l2a=8 l2=128 l3a=16 l3=1024 nnbl=16 nnlr=0.005 robc=8 robd=2 robw=32   1.4314   0.9841    40.55    15.62  Strongly Sust.
  bpt=nn l1da=8 l1d=64 l1ia=4 l1i=64 l2a=8 l2=128 l3a=16 l3=1024 nnbl=16 nnlr=0.005 robc=2 robd=2 robw=32   1.4373   0.9762    40.55    15.56  Strongly Sust.
  bpt=nn l1da=8 l1d=64 l1ia=4 l1i=64 l2a=8 l2=128 l3a=16 l3=1024 nnbl=32 nnlr=0.0005 robc=2 robd=2 robw=32   1.4476   0.9603    40.55    15.45  Strongly Sust.
  Ran sniper 1 time this iteration (65 total).

=== Iteration 60 ===
  Evaluating 1 configuration(s) (top acquisition score of 400 candidates)...
  [mesmo] bp=2048 bpt=a53 l1da=8 l1d=64 l1ia=8 l1i=64 l2a=8 l2=256 l3a=8 l3=8192 nhist=3 robc=8 robd=10 robw=64  ASI=-0.1931  S=1.1257  A= 111.24  P= 65.33  [Unsustainable]  [ML2=1.74x, ML2_orig=1.03x, CCl=1.00x, MIP=1.01x, EI=1.00x]
  Deleted 1 non-Pareto output directory.

  Pareto front after iteration 60 (19 points, HV=1.5611):
  Params                                  ASI  Speedup     Area  PeakPow  Region
  ──────────────────────────────────────────────────────────────────────────────
  bpt=tage l1da=4 l1d=64 l1ia=8 l1i=16 l2a=4 l2=512 l3a=16 l3=4096 robc=4 robd=8 robw=1024  -0.0368   1.1419   174.38  1191.35  Unsustainable
  bpt=tage l1da=4 l1d=16 l1ia=4 l1i=64 l2a=4 l2=512 l3a=4 l3=4096 robc=4 robd=10 robw=1024  -0.0318   1.1416   254.91  2633.90  Unsustainable
  bpt=pentium_m l1da=4 l1d=16 l1ia=4 l1i=32 l2a=4 l2=512 l3a=4 l3=4096 robc=10 robd=10 robw=512  -0.0222   1.1416   150.17  1435.85  Unsustainable
  bpt=pentium_m l1da=4 l1d=16 l1ia=8 l1i=16 l2a=8 l2=512 l3a=4 l3=4096 robc=10 robd=10 robw=256  -0.0142   1.1414   114.46   997.40  Unsustainable
  bpt=pentium_m l1da=4 l1d=16 l1ia=8 l1i=16 l2a=4 l2=512 l3a=4 l3=4096 robc=10 robd=10 robw=256  -0.0142   1.1414   114.37   997.35  Unsustainable
  bpt=tage l1da=4 l1d=16 l1ia=4 l1i=64 l2a=4 l2=512 l3a=4 l3=4096 robc=4 robd=10 robw=256  -0.0138   1.1412   113.58   996.64  Unsustainable
  bpt=tage l1da=4 l1d=64 l1ia=8 l1i=16 l2a=4 l2=512 l3a=16 l3=4096 robc=4 robd=8 robw=64   0.1334   1.1409    73.50    45.39  Unsustainable
  bpt=tage l1da=4 l1d=16 l1ia=8 l1i=16 l2a=4 l2=512 l3a=16 l3=4096 robc=4 robd=8 robw=64   0.1378   1.1403    73.13    45.28  Unsustainable
  bpt=pentium_m l1da=4 l1d=16 l1ia=8 l1i=16 l2a=4 l2=128 l3a=4 l3=4096 robc=2 robd=2 robw=256   0.8480   1.1099    54.07    18.48  Unsustainable
  bp=2048 bpt=a53 l1da=4 l1d=16 l1ia=8 l1i=16 l2a=4 l2=128 l3a=4 l3=4096 nhist=2 robc=2 robd=2 robw=256   0.8480   1.1098    54.07    18.48  Unsustainable
  bpt=pentium_m l1da=8 l1d=64 l1ia=4 l1i=64 l2a=8 l2=256 l3a=8 l3=2048 robc=2 robd=2 robw=128   1.1798   1.0322    45.28    16.97  Strongly Sust.
  bpt=pentium_m l1da=8 l1d=64 l1ia=4 l1i=32 l2a=8 l2=256 l3a=8 l3=2048 robc=8 robd=2 robw=32   1.2307   1.0259    44.58    16.55  Strongly Sust.
  bpt=pentium_m l1da=4 l1d=64 l1ia=4 l1i=32 l2a=4 l2=128 l3a=16 l3=2048 robc=8 robd=2 robw=64   1.4163   1.0257    40.44    15.82  Strongly Sust.
  bpt=tage l1da=8 l1d=64 l1ia=4 l1i=64 l2a=8 l2=128 l3a=16 l3=1024 robc=2 robd=2 robw=32   1.4287   0.9893    40.55    15.65  Strongly Sust.
  bpt=pentium_m l1da=8 l1d=64 l1ia=4 l1i=64 l2a=8 l2=128 l3a=16 l3=1024 robc=8 robd=2 robw=32   1.4288   0.9889    40.55    15.65  Strongly Sust.
  bp=2048 bpt=a53 l1da=8 l1d=64 l1ia=4 l1i=64 l2a=8 l2=128 l3a=16 l3=1024 nhist=2 robc=2 robd=2 robw=32   1.4295   0.9871    40.55    15.64  Strongly Sust.
  bpt=nn l1da=8 l1d=64 l1ia=4 l1i=64 l2a=8 l2=128 l3a=16 l3=1024 nnbl=16 nnlr=0.005 robc=8 robd=2 robw=32   1.4314   0.9841    40.55    15.62  Strongly Sust.
  bpt=nn l1da=8 l1d=64 l1ia=4 l1i=64 l2a=8 l2=128 l3a=16 l3=1024 nnbl=16 nnlr=0.005 robc=2 robd=2 robw=32   1.4373   0.9762    40.55    15.56  Strongly Sust.
  bpt=nn l1da=8 l1d=64 l1ia=4 l1i=64 l2a=8 l2=128 l3a=16 l3=1024 nnbl=32 nnlr=0.0005 robc=2 robd=2 robw=32   1.4476   0.9603    40.55    15.45  Strongly Sust.
  Ran sniper 1 time this iteration (66 total).

Final cleanup: removed 1 stale output directory.
Configurations evaluated: 66
Total sniper invocations: 330
Final hypervolume: 1.5611

Plot saved → /home/jaco/school/stage/asi/asi-output/pareto_history.png
Plot saved → /home/jaco/school/stage/asi/asi-output/pareto_final.png
Plot saved → /home/jaco/school/stage/asi/asi-output/hv_vs_sims.png
=== Final Pareto Front ===
  Params                                  ASI  Speedup     Area  PeakPow  Region
  ──────────────────────────────────────────────────────────────────────────────
  bpt=tage l1da=4 l1d=64 l1ia=8 l1i=16 l2a=4 l2=512 l3a=16 l3=4096 robc=4 robd=8 robw=1024  -0.0368   1.1419   174.38  1191.35  Unsustainable
  bpt=tage l1da=4 l1d=16 l1ia=4 l1i=64 l2a=4 l2=512 l3a=4 l3=4096 robc=4 robd=10 robw=1024  -0.0318   1.1416   254.91  2633.90  Unsustainable
  bpt=pentium_m l1da=4 l1d=16 l1ia=4 l1i=32 l2a=4 l2=512 l3a=4 l3=4096 robc=10 robd=10 robw=512  -0.0222   1.1416   150.17  1435.85  Unsustainable
  bpt=pentium_m l1da=4 l1d=16 l1ia=8 l1i=16 l2a=8 l2=512 l3a=4 l3=4096 robc=10 robd=10 robw=256  -0.0142   1.1414   114.46   997.40  Unsustainable
  bpt=pentium_m l1da=4 l1d=16 l1ia=8 l1i=16 l2a=4 l2=512 l3a=4 l3=4096 robc=10 robd=10 robw=256  -0.0142   1.1414   114.37   997.35  Unsustainable
  bpt=tage l1da=4 l1d=16 l1ia=4 l1i=64 l2a=4 l2=512 l3a=4 l3=4096 robc=4 robd=10 robw=256  -0.0138   1.1412   113.58   996.64  Unsustainable
  bpt=tage l1da=4 l1d=64 l1ia=8 l1i=16 l2a=4 l2=512 l3a=16 l3=4096 robc=4 robd=8 robw=64   0.1334   1.1409    73.50    45.39  Unsustainable
  bpt=tage l1da=4 l1d=16 l1ia=8 l1i=16 l2a=4 l2=512 l3a=16 l3=4096 robc=4 robd=8 robw=64   0.1378   1.1403    73.13    45.28  Unsustainable
  bpt=pentium_m l1da=4 l1d=16 l1ia=8 l1i=16 l2a=4 l2=128 l3a=4 l3=4096 robc=2 robd=2 robw=256   0.8480   1.1099    54.07    18.48  Unsustainable
  bp=2048 bpt=a53 l1da=4 l1d=16 l1ia=8 l1i=16 l2a=4 l2=128 l3a=4 l3=4096 nhist=2 robc=2 robd=2 robw=256   0.8480   1.1098    54.07    18.48  Unsustainable
  bpt=pentium_m l1da=8 l1d=64 l1ia=4 l1i=64 l2a=8 l2=256 l3a=8 l3=2048 robc=2 robd=2 robw=128   1.1798   1.0322    45.28    16.97  Strongly Sust.
  bpt=pentium_m l1da=8 l1d=64 l1ia=4 l1i=32 l2a=8 l2=256 l3a=8 l3=2048 robc=8 robd=2 robw=32   1.2307   1.0259    44.58    16.55  Strongly Sust.
  bpt=pentium_m l1da=4 l1d=64 l1ia=4 l1i=32 l2a=4 l2=128 l3a=16 l3=2048 robc=8 robd=2 robw=64   1.4163   1.0257    40.44    15.82  Strongly Sust.
  bpt=tage l1da=8 l1d=64 l1ia=4 l1i=64 l2a=8 l2=128 l3a=16 l3=1024 robc=2 robd=2 robw=32   1.4287   0.9893    40.55    15.65  Strongly Sust.
  bpt=pentium_m l1da=8 l1d=64 l1ia=4 l1i=64 l2a=8 l2=128 l3a=16 l3=1024 robc=8 robd=2 robw=32   1.4288   0.9889    40.55    15.65  Strongly Sust.
  bp=2048 bpt=a53 l1da=8 l1d=64 l1ia=4 l1i=64 l2a=8 l2=128 l3a=16 l3=1024 nhist=2 robc=2 robd=2 robw=32   1.4295   0.9871    40.55    15.64  Strongly Sust.
  bpt=nn l1da=8 l1d=64 l1ia=4 l1i=64 l2a=8 l2=128 l3a=16 l3=1024 nnbl=16 nnlr=0.005 robc=8 robd=2 robw=32   1.4314   0.9841    40.55    15.62  Strongly Sust.
  bpt=nn l1da=8 l1d=64 l1ia=4 l1i=64 l2a=8 l2=128 l3a=16 l3=1024 nnbl=16 nnlr=0.005 robc=2 robd=2 robw=32   1.4373   0.9762    40.55    15.56  Strongly Sust.
  bpt=nn l1da=8 l1d=64 l1ia=4 l1i=64 l2a=8 l2=128 l3a=16 l3=1024 nnbl=32 nnlr=0.0005 robc=2 robd=2 robw=32   1.4476   0.9603    40.55    15.45  Strongly Sust.
