Logging to /home/jaco/school/stage/asi/asi-output/run.log

Benchmarks: ML2 (./libs/benchmarks/ML2/bench), CCl (./libs/benchmarks/CCl/bench), MIP (./libs/benchmarks/MIP/bench), EI (./libs/benchmarks/EI/bench)

Resuming MESMO search from iteration 20 (found /home/jaco/school/stage/asi/asi-output/search_state.json)

=== Iteration 21 ===
  Evaluating 1 configuration(s) (top acquisition score of 400 candidates)...
  [mesmo] bpt=pentium_m l1da=4 l1d=64 l1ia=4 l1i=64 l2a=8 l2=512 l3a=8 l3=1024 robc=10 robd=10 robw=512  ASI= 0.0115  S=1.0180  A= 131.82  P=1434.20  [Unsustainable]  [ML2=1.06x, CCl=1.00x, MIP=1.01x, EI=1.00x]

  Pareto front after iteration 21 (12 points, HV=2.5351):
  Params                                  ASI  Speedup     Area  PeakPow  Region
  ──────────────────────────────────────────────────────────────────────────────
  bpt=pentium_m l1da=4 l1d=64 l1ia=4 l1i=64 l2a=8 l2=512 l3a=8 l3=1024 robc=10 robd=10 robw=512   0.0115   1.0180   131.82  1434.20  Unsustainable
  bp=2048 bpt=a53 l1da=8 l1d=32 l1ia=8 l1i=32 l2a=4 l2=512 l3a=8 l3=2048 nhist=4 robc=8 robd=10 robw=256   0.0244   1.0170   105.00   997.11  Unsustainable
  bpt=pentium_m l1da=8 l1d=32 l1ia=4 l1i=16 l2a=8 l2=512 l3a=8 l3=2048 robc=8 robd=8 robw=512   0.0306   1.0169   108.38   762.95  Unsustainable
  bp=1024 bpt=a53 l1da=8 l1d=64 l1ia=8 l1i=16 l2a=8 l2=512 l3a=8 l3=1024 nhist=3 robc=10 robd=8 robw=256   0.0583   1.0169    81.53   535.21  Unsustainable
  bp=1024 bpt=a53 l1da=8 l1d=16 l1ia=8 l1i=16 l2a=8 l2=512 l3a=8 l3=1024 nhist=3 robc=10 robd=8 robw=256   0.0591   1.0163    80.08   535.08  Unsustainable
  baseline                             1.0000   1.0000    94.01    27.56  Reference
  bpt=pentium_m l1da=4 l1d=64 l1ia=8 l1i=16 l2a=4 l2=256 l3a=4 l3=2048 robc=2 robd=2 robw=512   1.6414   0.9940    44.46    25.64  Strongly Sust.
  bpt=pentium_m l1da=4 l1d=16 l1ia=8 l1i=16 l2a=4 l2=256 l3a=4 l3=2048 robc=2 robd=2 robw=256   2.4282   0.9933    42.61    17.56  Strongly Sust.
  bpt=pentium_m l1da=4 l1d=16 l1ia=8 l1i=16 l2a=4 l2=256 l3a=4 l3=2048 robc=2 robd=2 robw=64   2.4777   0.9933    42.43    17.23  Strongly Sust.
  bpt=tage l1da=4 l1d=16 l1ia=8 l1i=16 l2a=4 l2=256 l3a=4 l3=2048 robc=2 robd=2 robw=32   2.5100   0.9862    42.37    17.01  Strongly Sust.
  bpt=pentium_m l1da=4 l1d=16 l1ia=8 l1i=16 l2a=4 l2=256 l3a=4 l3=2048 robc=2 robd=2 robw=32   2.5104   0.9857    42.37    17.01  Strongly Sust.
  bpt=nn l1da=4 l1d=16 l1ia=8 l1i=16 l2a=4 l2=256 l3a=4 l3=2048 nnbl=64 nnlr=0.001 robc=2 robd=2 robw=32   2.5457   0.9516    42.37    16.77  Strongly Sust.
  Ran sniper 1 time this iteration (27 total).

=== Iteration 22 ===
  Evaluating 1 configuration(s) (top acquisition score of 400 candidates)...
  [mesmo] bpt=nn l1da=4 l1d=16 l1ia=8 l1i=16 l2a=4 l2=256 l3a=4 l3=2048 nnbl=64 nnlr=0.005 robc=2 robd=2 robw=32  ASI= 2.5235  S=0.9705  A=  42.37  P= 16.92  [Strongly Sust.]  [ML2=0.99x, CCl=0.97x, MIP=0.97x, EI=0.95x]

  Pareto front after iteration 22 (13 points, HV=2.5354):
  Params                                  ASI  Speedup     Area  PeakPow  Region
  ──────────────────────────────────────────────────────────────────────────────
  bpt=pentium_m l1da=4 l1d=64 l1ia=4 l1i=64 l2a=8 l2=512 l3a=8 l3=1024 robc=10 robd=10 robw=512   0.0115   1.0180   131.82  1434.20  Unsustainable
  bp=2048 bpt=a53 l1da=8 l1d=32 l1ia=8 l1i=32 l2a=4 l2=512 l3a=8 l3=2048 nhist=4 robc=8 robd=10 robw=256   0.0244   1.0170   105.00   997.11  Unsustainable
  bpt=pentium_m l1da=8 l1d=32 l1ia=4 l1i=16 l2a=8 l2=512 l3a=8 l3=2048 robc=8 robd=8 robw=512   0.0306   1.0169   108.38   762.95  Unsustainable
  bp=1024 bpt=a53 l1da=8 l1d=64 l1ia=8 l1i=16 l2a=8 l2=512 l3a=8 l3=1024 nhist=3 robc=10 robd=8 robw=256   0.0583   1.0169    81.53   535.21  Unsustainable
  bp=1024 bpt=a53 l1da=8 l1d=16 l1ia=8 l1i=16 l2a=8 l2=512 l3a=8 l3=1024 nhist=3 robc=10 robd=8 robw=256   0.0591   1.0163    80.08   535.08  Unsustainable
  baseline                             1.0000   1.0000    94.01    27.56  Reference
  bpt=pentium_m l1da=4 l1d=64 l1ia=8 l1i=16 l2a=4 l2=256 l3a=4 l3=2048 robc=2 robd=2 robw=512   1.6414   0.9940    44.46    25.64  Strongly Sust.
  bpt=pentium_m l1da=4 l1d=16 l1ia=8 l1i=16 l2a=4 l2=256 l3a=4 l3=2048 robc=2 robd=2 robw=256   2.4282   0.9933    42.61    17.56  Strongly Sust.
  bpt=pentium_m l1da=4 l1d=16 l1ia=8 l1i=16 l2a=4 l2=256 l3a=4 l3=2048 robc=2 robd=2 robw=64   2.4777   0.9933    42.43    17.23  Strongly Sust.
  bpt=tage l1da=4 l1d=16 l1ia=8 l1i=16 l2a=4 l2=256 l3a=4 l3=2048 robc=2 robd=2 robw=32   2.5100   0.9862    42.37    17.01  Strongly Sust.
  bpt=pentium_m l1da=4 l1d=16 l1ia=8 l1i=16 l2a=4 l2=256 l3a=4 l3=2048 robc=2 robd=2 robw=32   2.5104   0.9857    42.37    17.01  Strongly Sust.
  bpt=nn l1da=4 l1d=16 l1ia=8 l1i=16 l2a=4 l2=256 l3a=4 l3=2048 nnbl=64 nnlr=0.005 robc=2 robd=2 robw=32   2.5235   0.9705    42.37    16.92  Strongly Sust.
  bpt=nn l1da=4 l1d=16 l1ia=8 l1i=16 l2a=4 l2=256 l3a=4 l3=2048 nnbl=64 nnlr=0.001 robc=2 robd=2 robw=32   2.5457   0.9516    42.37    16.77  Strongly Sust.
  Ran sniper 1 time this iteration (28 total).

=== Iteration 23 ===
  Evaluating 1 configuration(s) (top acquisition score of 400 candidates)...
  [mesmo] bpt=pentium_m l1da=8 l1d=32 l1ia=8 l1i=32 l2a=4 l2=512 l3a=16 l3=1024 robc=10 robd=8 robw=16  ASI= 0.9203  S=0.9840  A=  59.48  P= 40.95  [Unsustainable]  [ML2=1.06x, CCl=0.97x, MIP=0.95x, EI=0.96x]
  Deleted 1 non-Pareto output directory.

  Pareto front after iteration 23 (13 points, HV=2.5354):
  Params                                  ASI  Speedup     Area  PeakPow  Region
  ──────────────────────────────────────────────────────────────────────────────
  bpt=pentium_m l1da=4 l1d=64 l1ia=4 l1i=64 l2a=8 l2=512 l3a=8 l3=1024 robc=10 robd=10 robw=512   0.0115   1.0180   131.82  1434.20  Unsustainable
  bp=2048 bpt=a53 l1da=8 l1d=32 l1ia=8 l1i=32 l2a=4 l2=512 l3a=8 l3=2048 nhist=4 robc=8 robd=10 robw=256   0.0244   1.0170   105.00   997.11  Unsustainable
  bpt=pentium_m l1da=8 l1d=32 l1ia=4 l1i=16 l2a=8 l2=512 l3a=8 l3=2048 robc=8 robd=8 robw=512   0.0306   1.0169   108.38   762.95  Unsustainable
  bp=1024 bpt=a53 l1da=8 l1d=64 l1ia=8 l1i=16 l2a=8 l2=512 l3a=8 l3=1024 nhist=3 robc=10 robd=8 robw=256   0.0583   1.0169    81.53   535.21  Unsustainable
  bp=1024 bpt=a53 l1da=8 l1d=16 l1ia=8 l1i=16 l2a=8 l2=512 l3a=8 l3=1024 nhist=3 robc=10 robd=8 robw=256   0.0591   1.0163    80.08   535.08  Unsustainable
  baseline                             1.0000   1.0000    94.01    27.56  Reference
  bpt=pentium_m l1da=4 l1d=64 l1ia=8 l1i=16 l2a=4 l2=256 l3a=4 l3=2048 robc=2 robd=2 robw=512   1.6414   0.9940    44.46    25.64  Strongly Sust.
  bpt=pentium_m l1da=4 l1d=16 l1ia=8 l1i=16 l2a=4 l2=256 l3a=4 l3=2048 robc=2 robd=2 robw=256   2.4282   0.9933    42.61    17.56  Strongly Sust.
  bpt=pentium_m l1da=4 l1d=16 l1ia=8 l1i=16 l2a=4 l2=256 l3a=4 l3=2048 robc=2 robd=2 robw=64   2.4777   0.9933    42.43    17.23  Strongly Sust.
  bpt=tage l1da=4 l1d=16 l1ia=8 l1i=16 l2a=4 l2=256 l3a=4 l3=2048 robc=2 robd=2 robw=32   2.5100   0.9862    42.37    17.01  Strongly Sust.
  bpt=pentium_m l1da=4 l1d=16 l1ia=8 l1i=16 l2a=4 l2=256 l3a=4 l3=2048 robc=2 robd=2 robw=32   2.5104   0.9857    42.37    17.01  Strongly Sust.
  bpt=nn l1da=4 l1d=16 l1ia=8 l1i=16 l2a=4 l2=256 l3a=4 l3=2048 nnbl=64 nnlr=0.005 robc=2 robd=2 robw=32   2.5235   0.9705    42.37    16.92  Strongly Sust.
  bpt=nn l1da=4 l1d=16 l1ia=8 l1i=16 l2a=4 l2=256 l3a=4 l3=2048 nnbl=64 nnlr=0.001 robc=2 robd=2 robw=32   2.5457   0.9516    42.37    16.77  Strongly Sust.
  Ran sniper 1 time this iteration (29 total).

=== Iteration 24 ===
  Evaluating 1 configuration(s) (top acquisition score of 400 candidates)...
  [mesmo] bpt=nn l1da=4 l1d=16 l1ia=8 l1i=16 l2a=4 l2=256 l3a=4 l3=2048 nnbl=64 nnlr=0.005 robc=2 robd=2 robw=16  ASI= 2.5689  S=0.9508  A=  42.28  P= 16.63  [Strongly Sust.]  [ML2=0.99x, CCl=0.95x, MIP=0.95x, EI=0.92x]

  Pareto front after iteration 24 (14 points, HV=2.5575):
  Params                                  ASI  Speedup     Area  PeakPow  Region
  ──────────────────────────────────────────────────────────────────────────────
  bpt=pentium_m l1da=4 l1d=64 l1ia=4 l1i=64 l2a=8 l2=512 l3a=8 l3=1024 robc=10 robd=10 robw=512   0.0115   1.0180   131.82  1434.20  Unsustainable
  bp=2048 bpt=a53 l1da=8 l1d=32 l1ia=8 l1i=32 l2a=4 l2=512 l3a=8 l3=2048 nhist=4 robc=8 robd=10 robw=256   0.0244   1.0170   105.00   997.11  Unsustainable
  bpt=pentium_m l1da=8 l1d=32 l1ia=4 l1i=16 l2a=8 l2=512 l3a=8 l3=2048 robc=8 robd=8 robw=512   0.0306   1.0169   108.38   762.95  Unsustainable
  bp=1024 bpt=a53 l1da=8 l1d=64 l1ia=8 l1i=16 l2a=8 l2=512 l3a=8 l3=1024 nhist=3 robc=10 robd=8 robw=256   0.0583   1.0169    81.53   535.21  Unsustainable
  bp=1024 bpt=a53 l1da=8 l1d=16 l1ia=8 l1i=16 l2a=8 l2=512 l3a=8 l3=1024 nhist=3 robc=10 robd=8 robw=256   0.0591   1.0163    80.08   535.08  Unsustainable
  baseline                             1.0000   1.0000    94.01    27.56  Reference
  bpt=pentium_m l1da=4 l1d=64 l1ia=8 l1i=16 l2a=4 l2=256 l3a=4 l3=2048 robc=2 robd=2 robw=512   1.6414   0.9940    44.46    25.64  Strongly Sust.
  bpt=pentium_m l1da=4 l1d=16 l1ia=8 l1i=16 l2a=4 l2=256 l3a=4 l3=2048 robc=2 robd=2 robw=256   2.4282   0.9933    42.61    17.56  Strongly Sust.
  bpt=pentium_m l1da=4 l1d=16 l1ia=8 l1i=16 l2a=4 l2=256 l3a=4 l3=2048 robc=2 robd=2 robw=64   2.4777   0.9933    42.43    17.23  Strongly Sust.
  bpt=tage l1da=4 l1d=16 l1ia=8 l1i=16 l2a=4 l2=256 l3a=4 l3=2048 robc=2 robd=2 robw=32   2.5100   0.9862    42.37    17.01  Strongly Sust.
  bpt=pentium_m l1da=4 l1d=16 l1ia=8 l1i=16 l2a=4 l2=256 l3a=4 l3=2048 robc=2 robd=2 robw=32   2.5104   0.9857    42.37    17.01  Strongly Sust.
  bpt=nn l1da=4 l1d=16 l1ia=8 l1i=16 l2a=4 l2=256 l3a=4 l3=2048 nnbl=64 nnlr=0.005 robc=2 robd=2 robw=32   2.5235   0.9705    42.37    16.92  Strongly Sust.
  bpt=nn l1da=4 l1d=16 l1ia=8 l1i=16 l2a=4 l2=256 l3a=4 l3=2048 nnbl=64 nnlr=0.001 robc=2 robd=2 robw=32   2.5457   0.9516    42.37    16.77  Strongly Sust.
  bpt=nn l1da=4 l1d=16 l1ia=8 l1i=16 l2a=4 l2=256 l3a=4 l3=2048 nnbl=64 nnlr=0.005 robc=2 robd=2 robw=16   2.5689   0.9508    42.28    16.63  Strongly Sust.
  Ran sniper 1 time this iteration (30 total).

=== Iteration 25 ===
  Evaluating 1 configuration(s) (top acquisition score of 400 candidates)...
  [mesmo] bpt=pentium_m l1da=8 l1d=64 l1ia=8 l1i=32 l2a=4 l2=512 l3a=8 l3=4096 robc=8 robd=10 robw=512  ASI= 0.0064  S=1.0180  A= 156.67  P=1438.03  [Unsustainable]  [ML2=1.06x, CCl=1.00x, MIP=1.01x, EI=1.00x]
  Deleted 1 non-Pareto output directory.

  Pareto front after iteration 25 (14 points, HV=2.5575):
  Params                                  ASI  Speedup     Area  PeakPow  Region
  ──────────────────────────────────────────────────────────────────────────────
  bpt=pentium_m l1da=4 l1d=64 l1ia=4 l1i=64 l2a=8 l2=512 l3a=8 l3=1024 robc=10 robd=10 robw=512   0.0115   1.0180   131.82  1434.20  Unsustainable
  bp=2048 bpt=a53 l1da=8 l1d=32 l1ia=8 l1i=32 l2a=4 l2=512 l3a=8 l3=2048 nhist=4 robc=8 robd=10 robw=256   0.0244   1.0170   105.00   997.11  Unsustainable
  bpt=pentium_m l1da=8 l1d=32 l1ia=4 l1i=16 l2a=8 l2=512 l3a=8 l3=2048 robc=8 robd=8 robw=512   0.0306   1.0169   108.38   762.95  Unsustainable
  bp=1024 bpt=a53 l1da=8 l1d=64 l1ia=8 l1i=16 l2a=8 l2=512 l3a=8 l3=1024 nhist=3 robc=10 robd=8 robw=256   0.0583   1.0169    81.53   535.21  Unsustainable
  bp=1024 bpt=a53 l1da=8 l1d=16 l1ia=8 l1i=16 l2a=8 l2=512 l3a=8 l3=1024 nhist=3 robc=10 robd=8 robw=256   0.0591   1.0163    80.08   535.08  Unsustainable
  baseline                             1.0000   1.0000    94.01    27.56  Reference
  bpt=pentium_m l1da=4 l1d=64 l1ia=8 l1i=16 l2a=4 l2=256 l3a=4 l3=2048 robc=2 robd=2 robw=512   1.6414   0.9940    44.46    25.64  Strongly Sust.
  bpt=pentium_m l1da=4 l1d=16 l1ia=8 l1i=16 l2a=4 l2=256 l3a=4 l3=2048 robc=2 robd=2 robw=256   2.4282   0.9933    42.61    17.56  Strongly Sust.
  bpt=pentium_m l1da=4 l1d=16 l1ia=8 l1i=16 l2a=4 l2=256 l3a=4 l3=2048 robc=2 robd=2 robw=64   2.4777   0.9933    42.43    17.23  Strongly Sust.
  bpt=tage l1da=4 l1d=16 l1ia=8 l1i=16 l2a=4 l2=256 l3a=4 l3=2048 robc=2 robd=2 robw=32   2.5100   0.9862    42.37    17.01  Strongly Sust.
  bpt=pentium_m l1da=4 l1d=16 l1ia=8 l1i=16 l2a=4 l2=256 l3a=4 l3=2048 robc=2 robd=2 robw=32   2.5104   0.9857    42.37    17.01  Strongly Sust.
  bpt=nn l1da=4 l1d=16 l1ia=8 l1i=16 l2a=4 l2=256 l3a=4 l3=2048 nnbl=64 nnlr=0.005 robc=2 robd=2 robw=32   2.5235   0.9705    42.37    16.92  Strongly Sust.
  bpt=nn l1da=4 l1d=16 l1ia=8 l1i=16 l2a=4 l2=256 l3a=4 l3=2048 nnbl=64 nnlr=0.001 robc=2 robd=2 robw=32   2.5457   0.9516    42.37    16.77  Strongly Sust.
  bpt=nn l1da=4 l1d=16 l1ia=8 l1i=16 l2a=4 l2=256 l3a=4 l3=2048 nnbl=64 nnlr=0.005 robc=2 robd=2 robw=16   2.5689   0.9508    42.28    16.63  Strongly Sust.
  Ran sniper 1 time this iteration (31 total).

=== Iteration 26 ===
  Evaluating 1 configuration(s) (top acquisition score of 400 candidates)...
  [mesmo] bpt=pentium_m l1da=8 l1d=32 l1ia=8 l1i=64 l2a=8 l2=512 l3a=8 l3=8192 robc=4 robd=2 robw=256  ASI= 1.0780  S=1.0078  A=  99.28  P= 24.14  [Strongly Sust.]  [ML2=1.06x, CCl=1.00x, MIP=0.98x, EI=0.99x]

  Pareto front after iteration 26 (14 points, HV=2.5659):
  Params                                  ASI  Speedup     Area  PeakPow  Region
  ──────────────────────────────────────────────────────────────────────────────
  bpt=pentium_m l1da=4 l1d=64 l1ia=4 l1i=64 l2a=8 l2=512 l3a=8 l3=1024 robc=10 robd=10 robw=512   0.0115   1.0180   131.82  1434.20  Unsustainable
  bp=2048 bpt=a53 l1da=8 l1d=32 l1ia=8 l1i=32 l2a=4 l2=512 l3a=8 l3=2048 nhist=4 robc=8 robd=10 robw=256   0.0244   1.0170   105.00   997.11  Unsustainable
  bpt=pentium_m l1da=8 l1d=32 l1ia=4 l1i=16 l2a=8 l2=512 l3a=8 l3=2048 robc=8 robd=8 robw=512   0.0306   1.0169   108.38   762.95  Unsustainable
  bp=1024 bpt=a53 l1da=8 l1d=64 l1ia=8 l1i=16 l2a=8 l2=512 l3a=8 l3=1024 nhist=3 robc=10 robd=8 robw=256   0.0583   1.0169    81.53   535.21  Unsustainable
  bp=1024 bpt=a53 l1da=8 l1d=16 l1ia=8 l1i=16 l2a=8 l2=512 l3a=8 l3=1024 nhist=3 robc=10 robd=8 robw=256   0.0591   1.0163    80.08   535.08  Unsustainable
  bpt=pentium_m l1da=8 l1d=32 l1ia=8 l1i=64 l2a=8 l2=512 l3a=8 l3=8192 robc=4 robd=2 robw=256   1.0780   1.0078    99.28    24.14  Strongly Sust.
  bpt=pentium_m l1da=4 l1d=64 l1ia=8 l1i=16 l2a=4 l2=256 l3a=4 l3=2048 robc=2 robd=2 robw=512   1.6414   0.9940    44.46    25.64  Strongly Sust.
  bpt=pentium_m l1da=4 l1d=16 l1ia=8 l1i=16 l2a=4 l2=256 l3a=4 l3=2048 robc=2 robd=2 robw=256   2.4282   0.9933    42.61    17.56  Strongly Sust.
  bpt=pentium_m l1da=4 l1d=16 l1ia=8 l1i=16 l2a=4 l2=256 l3a=4 l3=2048 robc=2 robd=2 robw=64   2.4777   0.9933    42.43    17.23  Strongly Sust.
  bpt=tage l1da=4 l1d=16 l1ia=8 l1i=16 l2a=4 l2=256 l3a=4 l3=2048 robc=2 robd=2 robw=32   2.5100   0.9862    42.37    17.01  Strongly Sust.
  bpt=pentium_m l1da=4 l1d=16 l1ia=8 l1i=16 l2a=4 l2=256 l3a=4 l3=2048 robc=2 robd=2 robw=32   2.5104   0.9857    42.37    17.01  Strongly Sust.
  bpt=nn l1da=4 l1d=16 l1ia=8 l1i=16 l2a=4 l2=256 l3a=4 l3=2048 nnbl=64 nnlr=0.005 robc=2 robd=2 robw=32   2.5235   0.9705    42.37    16.92  Strongly Sust.
  bpt=nn l1da=4 l1d=16 l1ia=8 l1i=16 l2a=4 l2=256 l3a=4 l3=2048 nnbl=64 nnlr=0.001 robc=2 robd=2 robw=32   2.5457   0.9516    42.37    16.77  Strongly Sust.
  bpt=nn l1da=4 l1d=16 l1ia=8 l1i=16 l2a=4 l2=256 l3a=4 l3=2048 nnbl=64 nnlr=0.005 robc=2 robd=2 robw=16   2.5689   0.9508    42.28    16.63  Strongly Sust.
  Ran sniper 1 time this iteration (32 total).

=== Iteration 27 ===
  Evaluating 1 configuration(s) (top acquisition score of 400 candidates)...
  [mesmo] bpt=tage l1da=8 l1d=64 l1ia=4 l1i=32 l2a=8 l2=256 l3a=8 l3=2048 robc=4 robd=10 robw=512  ASI= 0.0109  S=1.0033  A= 134.63  P=1434.62  [Unsustainable]  [ML2=1.00x, CCl=1.00x, MIP=1.01x, EI=1.00x]
  Deleted 1 non-Pareto output directory.

  Pareto front after iteration 27 (14 points, HV=2.5659):
  Params                                  ASI  Speedup     Area  PeakPow  Region
  ──────────────────────────────────────────────────────────────────────────────
  bpt=pentium_m l1da=4 l1d=64 l1ia=4 l1i=64 l2a=8 l2=512 l3a=8 l3=1024 robc=10 robd=10 robw=512   0.0115   1.0180   131.82  1434.20  Unsustainable
  bp=2048 bpt=a53 l1da=8 l1d=32 l1ia=8 l1i=32 l2a=4 l2=512 l3a=8 l3=2048 nhist=4 robc=8 robd=10 robw=256   0.0244   1.0170   105.00   997.11  Unsustainable
  bpt=pentium_m l1da=8 l1d=32 l1ia=4 l1i=16 l2a=8 l2=512 l3a=8 l3=2048 robc=8 robd=8 robw=512   0.0306   1.0169   108.38   762.95  Unsustainable
  bp=1024 bpt=a53 l1da=8 l1d=64 l1ia=8 l1i=16 l2a=8 l2=512 l3a=8 l3=1024 nhist=3 robc=10 robd=8 robw=256   0.0583   1.0169    81.53   535.21  Unsustainable
  bp=1024 bpt=a53 l1da=8 l1d=16 l1ia=8 l1i=16 l2a=8 l2=512 l3a=8 l3=1024 nhist=3 robc=10 robd=8 robw=256   0.0591   1.0163    80.08   535.08  Unsustainable
  bpt=pentium_m l1da=8 l1d=32 l1ia=8 l1i=64 l2a=8 l2=512 l3a=8 l3=8192 robc=4 robd=2 robw=256   1.0780   1.0078    99.28    24.14  Strongly Sust.
  bpt=pentium_m l1da=4 l1d=64 l1ia=8 l1i=16 l2a=4 l2=256 l3a=4 l3=2048 robc=2 robd=2 robw=512   1.6414   0.9940    44.46    25.64  Strongly Sust.
  bpt=pentium_m l1da=4 l1d=16 l1ia=8 l1i=16 l2a=4 l2=256 l3a=4 l3=2048 robc=2 robd=2 robw=256   2.4282   0.9933    42.61    17.56  Strongly Sust.
  bpt=pentium_m l1da=4 l1d=16 l1ia=8 l1i=16 l2a=4 l2=256 l3a=4 l3=2048 robc=2 robd=2 robw=64   2.4777   0.9933    42.43    17.23  Strongly Sust.
  bpt=tage l1da=4 l1d=16 l1ia=8 l1i=16 l2a=4 l2=256 l3a=4 l3=2048 robc=2 robd=2 robw=32   2.5100   0.9862    42.37    17.01  Strongly Sust.
  bpt=pentium_m l1da=4 l1d=16 l1ia=8 l1i=16 l2a=4 l2=256 l3a=4 l3=2048 robc=2 robd=2 robw=32   2.5104   0.9857    42.37    17.01  Strongly Sust.
  bpt=nn l1da=4 l1d=16 l1ia=8 l1i=16 l2a=4 l2=256 l3a=4 l3=2048 nnbl=64 nnlr=0.005 robc=2 robd=2 robw=32   2.5235   0.9705    42.37    16.92  Strongly Sust.
  bpt=nn l1da=4 l1d=16 l1ia=8 l1i=16 l2a=4 l2=256 l3a=4 l3=2048 nnbl=64 nnlr=0.001 robc=2 robd=2 robw=32   2.5457   0.9516    42.37    16.77  Strongly Sust.
  bpt=nn l1da=4 l1d=16 l1ia=8 l1i=16 l2a=4 l2=256 l3a=4 l3=2048 nnbl=64 nnlr=0.005 robc=2 robd=2 robw=16   2.5689   0.9508    42.28    16.63  Strongly Sust.
  Ran sniper 1 time this iteration (33 total).

=== Iteration 28 ===
  Evaluating 1 configuration(s) (top acquisition score of 400 candidates)...
  [mesmo] bp=2048 bpt=a53 l1da=8 l1d=32 l1ia=8 l1i=32 l2a=4 l2=512 l3a=8 l3=4096 nhist=4 robc=8 robd=10 robw=256  ASI= 0.0202  S=1.0170  A= 119.15  P=998.69  [Unsustainable]  [ML2=1.06x, CCl=1.00x, MIP=1.01x, EI=1.00x]

  Pareto front after iteration 28 (15 points, HV=2.5659):
  Params                                  ASI  Speedup     Area  PeakPow  Region
  ──────────────────────────────────────────────────────────────────────────────
  bpt=pentium_m l1da=4 l1d=64 l1ia=4 l1i=64 l2a=8 l2=512 l3a=8 l3=1024 robc=10 robd=10 robw=512   0.0115   1.0180   131.82  1434.20  Unsustainable
  bp=2048 bpt=a53 l1da=8 l1d=32 l1ia=8 l1i=32 l2a=4 l2=512 l3a=8 l3=4096 nhist=4 robc=8 robd=10 robw=256   0.0202   1.0170   119.15   998.69  Unsustainable
  bp=2048 bpt=a53 l1da=8 l1d=32 l1ia=8 l1i=32 l2a=4 l2=512 l3a=8 l3=2048 nhist=4 robc=8 robd=10 robw=256   0.0244   1.0170   105.00   997.11  Unsustainable
  bpt=pentium_m l1da=8 l1d=32 l1ia=4 l1i=16 l2a=8 l2=512 l3a=8 l3=2048 robc=8 robd=8 robw=512   0.0306   1.0169   108.38   762.95  Unsustainable
  bp=1024 bpt=a53 l1da=8 l1d=64 l1ia=8 l1i=16 l2a=8 l2=512 l3a=8 l3=1024 nhist=3 robc=10 robd=8 robw=256   0.0583   1.0169    81.53   535.21  Unsustainable
  bp=1024 bpt=a53 l1da=8 l1d=16 l1ia=8 l1i=16 l2a=8 l2=512 l3a=8 l3=1024 nhist=3 robc=10 robd=8 robw=256   0.0591   1.0163    80.08   535.08  Unsustainable
  bpt=pentium_m l1da=8 l1d=32 l1ia=8 l1i=64 l2a=8 l2=512 l3a=8 l3=8192 robc=4 robd=2 robw=256   1.0780   1.0078    99.28    24.14  Strongly Sust.
  bpt=pentium_m l1da=4 l1d=64 l1ia=8 l1i=16 l2a=4 l2=256 l3a=4 l3=2048 robc=2 robd=2 robw=512   1.6414   0.9940    44.46    25.64  Strongly Sust.
  bpt=pentium_m l1da=4 l1d=16 l1ia=8 l1i=16 l2a=4 l2=256 l3a=4 l3=2048 robc=2 robd=2 robw=256   2.4282   0.9933    42.61    17.56  Strongly Sust.
  bpt=pentium_m l1da=4 l1d=16 l1ia=8 l1i=16 l2a=4 l2=256 l3a=4 l3=2048 robc=2 robd=2 robw=64   2.4777   0.9933    42.43    17.23  Strongly Sust.
  bpt=tage l1da=4 l1d=16 l1ia=8 l1i=16 l2a=4 l2=256 l3a=4 l3=2048 robc=2 robd=2 robw=32   2.5100   0.9862    42.37    17.01  Strongly Sust.
  bpt=pentium_m l1da=4 l1d=16 l1ia=8 l1i=16 l2a=4 l2=256 l3a=4 l3=2048 robc=2 robd=2 robw=32   2.5104   0.9857    42.37    17.01  Strongly Sust.
  bpt=nn l1da=4 l1d=16 l1ia=8 l1i=16 l2a=4 l2=256 l3a=4 l3=2048 nnbl=64 nnlr=0.005 robc=2 robd=2 robw=32   2.5235   0.9705    42.37    16.92  Strongly Sust.
  bpt=nn l1da=4 l1d=16 l1ia=8 l1i=16 l2a=4 l2=256 l3a=4 l3=2048 nnbl=64 nnlr=0.001 robc=2 robd=2 robw=32   2.5457   0.9516    42.37    16.77  Strongly Sust.
  bpt=nn l1da=4 l1d=16 l1ia=8 l1i=16 l2a=4 l2=256 l3a=4 l3=2048 nnbl=64 nnlr=0.005 robc=2 robd=2 robw=16   2.5689   0.9508    42.28    16.63  Strongly Sust.
  Ran sniper 1 time this iteration (34 total).

=== Iteration 29 ===
  Evaluating 1 configuration(s) (top acquisition score of 400 candidates)...
  [mesmo] bpt=nn l1da=4 l1d=16 l1ia=8 l1i=32 l2a=4 l2=256 l3a=4 l3=2048 nnbl=64 nnlr=0.005 robc=2 robd=2 robw=16  ASI= 2.5521  S=0.9565  A=  42.64  P= 16.70  [Strongly Sust.]  [ML2=1.00x, CCl=0.95x, MIP=0.95x, EI=0.93x]
  Deleted 1 non-Pareto output directory.

  Pareto front after iteration 29 (15 points, HV=2.5661):
  Params                                  ASI  Speedup     Area  PeakPow  Region
  ──────────────────────────────────────────────────────────────────────────────
  bpt=pentium_m l1da=4 l1d=64 l1ia=4 l1i=64 l2a=8 l2=512 l3a=8 l3=1024 robc=10 robd=10 robw=512   0.0115   1.0180   131.82  1434.20  Unsustainable
  bp=2048 bpt=a53 l1da=8 l1d=32 l1ia=8 l1i=32 l2a=4 l2=512 l3a=8 l3=4096 nhist=4 robc=8 robd=10 robw=256   0.0202   1.0170   119.15   998.69  Unsustainable
  bp=2048 bpt=a53 l1da=8 l1d=32 l1ia=8 l1i=32 l2a=4 l2=512 l3a=8 l3=2048 nhist=4 robc=8 robd=10 robw=256   0.0244   1.0170   105.00   997.11  Unsustainable
  bpt=pentium_m l1da=8 l1d=32 l1ia=4 l1i=16 l2a=8 l2=512 l3a=8 l3=2048 robc=8 robd=8 robw=512   0.0306   1.0169   108.38   762.95  Unsustainable
  bp=1024 bpt=a53 l1da=8 l1d=64 l1ia=8 l1i=16 l2a=8 l2=512 l3a=8 l3=1024 nhist=3 robc=10 robd=8 robw=256   0.0583   1.0169    81.53   535.21  Unsustainable
  bp=1024 bpt=a53 l1da=8 l1d=16 l1ia=8 l1i=16 l2a=8 l2=512 l3a=8 l3=1024 nhist=3 robc=10 robd=8 robw=256   0.0591   1.0163    80.08   535.08  Unsustainable
  bpt=pentium_m l1da=8 l1d=32 l1ia=8 l1i=64 l2a=8 l2=512 l3a=8 l3=8192 robc=4 robd=2 robw=256   1.0780   1.0078    99.28    24.14  Strongly Sust.
  bpt=pentium_m l1da=4 l1d=64 l1ia=8 l1i=16 l2a=4 l2=256 l3a=4 l3=2048 robc=2 robd=2 robw=512   1.6414   0.9940    44.46    25.64  Strongly Sust.
  bpt=pentium_m l1da=4 l1d=16 l1ia=8 l1i=16 l2a=4 l2=256 l3a=4 l3=2048 robc=2 robd=2 robw=256   2.4282   0.9933    42.61    17.56  Strongly Sust.
  bpt=pentium_m l1da=4 l1d=16 l1ia=8 l1i=16 l2a=4 l2=256 l3a=4 l3=2048 robc=2 robd=2 robw=64   2.4777   0.9933    42.43    17.23  Strongly Sust.
  bpt=tage l1da=4 l1d=16 l1ia=8 l1i=16 l2a=4 l2=256 l3a=4 l3=2048 robc=2 robd=2 robw=32   2.5100   0.9862    42.37    17.01  Strongly Sust.
  bpt=pentium_m l1da=4 l1d=16 l1ia=8 l1i=16 l2a=4 l2=256 l3a=4 l3=2048 robc=2 robd=2 robw=32   2.5104   0.9857    42.37    17.01  Strongly Sust.
  bpt=nn l1da=4 l1d=16 l1ia=8 l1i=16 l2a=4 l2=256 l3a=4 l3=2048 nnbl=64 nnlr=0.005 robc=2 robd=2 robw=32   2.5235   0.9705    42.37    16.92  Strongly Sust.
  bpt=nn l1da=4 l1d=16 l1ia=8 l1i=32 l2a=4 l2=256 l3a=4 l3=2048 nnbl=64 nnlr=0.005 robc=2 robd=2 robw=16   2.5521   0.9565    42.64    16.70  Strongly Sust.
  bpt=nn l1da=4 l1d=16 l1ia=8 l1i=16 l2a=4 l2=256 l3a=4 l3=2048 nnbl=64 nnlr=0.005 robc=2 robd=2 robw=16   2.5689   0.9508    42.28    16.63  Strongly Sust.
  Ran sniper 1 time this iteration (35 total).

=== Iteration 30 ===
  Evaluating 1 configuration(s) (top acquisition score of 400 candidates)...
  [mesmo] bpt=tage l1da=8 l1d=64 l1ia=8 l1i=32 l2a=8 l2=128 l3a=8 l3=1024 robc=10 robd=10 robw=512  ASI= 0.0119  S=0.9965  A= 129.66  P=1434.49  [Unsustainable]  [ML2=0.97x, CCl=1.00x, MIP=1.01x, EI=1.00x]
  Deleted 1 non-Pareto output directory.

  Pareto front after iteration 30 (15 points, HV=2.5661):
  Params                                  ASI  Speedup     Area  PeakPow  Region
  ──────────────────────────────────────────────────────────────────────────────
  bpt=pentium_m l1da=4 l1d=64 l1ia=4 l1i=64 l2a=8 l2=512 l3a=8 l3=1024 robc=10 robd=10 robw=512   0.0115   1.0180   131.82  1434.20  Unsustainable
  bp=2048 bpt=a53 l1da=8 l1d=32 l1ia=8 l1i=32 l2a=4 l2=512 l3a=8 l3=4096 nhist=4 robc=8 robd=10 robw=256   0.0202   1.0170   119.15   998.69  Unsustainable
  bp=2048 bpt=a53 l1da=8 l1d=32 l1ia=8 l1i=32 l2a=4 l2=512 l3a=8 l3=2048 nhist=4 robc=8 robd=10 robw=256   0.0244   1.0170   105.00   997.11  Unsustainable
  bpt=pentium_m l1da=8 l1d=32 l1ia=4 l1i=16 l2a=8 l2=512 l3a=8 l3=2048 robc=8 robd=8 robw=512   0.0306   1.0169   108.38   762.95  Unsustainable
  bp=1024 bpt=a53 l1da=8 l1d=64 l1ia=8 l1i=16 l2a=8 l2=512 l3a=8 l3=1024 nhist=3 robc=10 robd=8 robw=256   0.0583   1.0169    81.53   535.21  Unsustainable
  bp=1024 bpt=a53 l1da=8 l1d=16 l1ia=8 l1i=16 l2a=8 l2=512 l3a=8 l3=1024 nhist=3 robc=10 robd=8 robw=256   0.0591   1.0163    80.08   535.08  Unsustainable
  bpt=pentium_m l1da=8 l1d=32 l1ia=8 l1i=64 l2a=8 l2=512 l3a=8 l3=8192 robc=4 robd=2 robw=256   1.0780   1.0078    99.28    24.14  Strongly Sust.
  bpt=pentium_m l1da=4 l1d=64 l1ia=8 l1i=16 l2a=4 l2=256 l3a=4 l3=2048 robc=2 robd=2 robw=512   1.6414   0.9940    44.46    25.64  Strongly Sust.
  bpt=pentium_m l1da=4 l1d=16 l1ia=8 l1i=16 l2a=4 l2=256 l3a=4 l3=2048 robc=2 robd=2 robw=256   2.4282   0.9933    42.61    17.56  Strongly Sust.
  bpt=pentium_m l1da=4 l1d=16 l1ia=8 l1i=16 l2a=4 l2=256 l3a=4 l3=2048 robc=2 robd=2 robw=64   2.4777   0.9933    42.43    17.23  Strongly Sust.
  bpt=tage l1da=4 l1d=16 l1ia=8 l1i=16 l2a=4 l2=256 l3a=4 l3=2048 robc=2 robd=2 robw=32   2.5100   0.9862    42.37    17.01  Strongly Sust.
  bpt=pentium_m l1da=4 l1d=16 l1ia=8 l1i=16 l2a=4 l2=256 l3a=4 l3=2048 robc=2 robd=2 robw=32   2.5104   0.9857    42.37    17.01  Strongly Sust.
  bpt=nn l1da=4 l1d=16 l1ia=8 l1i=16 l2a=4 l2=256 l3a=4 l3=2048 nnbl=64 nnlr=0.005 robc=2 robd=2 robw=32   2.5235   0.9705    42.37    16.92  Strongly Sust.
  bpt=nn l1da=4 l1d=16 l1ia=8 l1i=32 l2a=4 l2=256 l3a=4 l3=2048 nnbl=64 nnlr=0.005 robc=2 robd=2 robw=16   2.5521   0.9565    42.64    16.70  Strongly Sust.
  bpt=nn l1da=4 l1d=16 l1ia=8 l1i=16 l2a=4 l2=256 l3a=4 l3=2048 nnbl=64 nnlr=0.005 robc=2 robd=2 robw=16   2.5689   0.9508    42.28    16.63  Strongly Sust.
  Ran sniper 1 time this iteration (36 total).

=== Iteration 31 ===
  Evaluating 1 configuration(s) (top acquisition score of 400 candidates)...
  [mesmo] bpt=nn l1da=4 l1d=64 l1ia=8 l1i=32 l2a=4 l2=256 l3a=4 l3=2048 nnbl=64 nnlr=0.005 robc=2 robd=2 robw=16  ASI= 2.5365  S=0.9501  A=  43.00  P= 16.76  [Strongly Sust.]  [ML2=0.99x, CCl=0.95x, MIP=0.95x, EI=0.91x]
  Deleted 1 non-Pareto output directory.

  Pareto front after iteration 31 (15 points, HV=2.5661):
  Params                                  ASI  Speedup     Area  PeakPow  Region
  ──────────────────────────────────────────────────────────────────────────────
  bpt=pentium_m l1da=4 l1d=64 l1ia=4 l1i=64 l2a=8 l2=512 l3a=8 l3=1024 robc=10 robd=10 robw=512   0.0115   1.0180   131.82  1434.20  Unsustainable
  bp=2048 bpt=a53 l1da=8 l1d=32 l1ia=8 l1i=32 l2a=4 l2=512 l3a=8 l3=4096 nhist=4 robc=8 robd=10 robw=256   0.0202   1.0170   119.15   998.69  Unsustainable
  bp=2048 bpt=a53 l1da=8 l1d=32 l1ia=8 l1i=32 l2a=4 l2=512 l3a=8 l3=2048 nhist=4 robc=8 robd=10 robw=256   0.0244   1.0170   105.00   997.11  Unsustainable
  bpt=pentium_m l1da=8 l1d=32 l1ia=4 l1i=16 l2a=8 l2=512 l3a=8 l3=2048 robc=8 robd=8 robw=512   0.0306   1.0169   108.38   762.95  Unsustainable
  bp=1024 bpt=a53 l1da=8 l1d=64 l1ia=8 l1i=16 l2a=8 l2=512 l3a=8 l3=1024 nhist=3 robc=10 robd=8 robw=256   0.0583   1.0169    81.53   535.21  Unsustainable
  bp=1024 bpt=a53 l1da=8 l1d=16 l1ia=8 l1i=16 l2a=8 l2=512 l3a=8 l3=1024 nhist=3 robc=10 robd=8 robw=256   0.0591   1.0163    80.08   535.08  Unsustainable
  bpt=pentium_m l1da=8 l1d=32 l1ia=8 l1i=64 l2a=8 l2=512 l3a=8 l3=8192 robc=4 robd=2 robw=256   1.0780   1.0078    99.28    24.14  Strongly Sust.
  bpt=pentium_m l1da=4 l1d=64 l1ia=8 l1i=16 l2a=4 l2=256 l3a=4 l3=2048 robc=2 robd=2 robw=512   1.6414   0.9940    44.46    25.64  Strongly Sust.
  bpt=pentium_m l1da=4 l1d=16 l1ia=8 l1i=16 l2a=4 l2=256 l3a=4 l3=2048 robc=2 robd=2 robw=256   2.4282   0.9933    42.61    17.56  Strongly Sust.
  bpt=pentium_m l1da=4 l1d=16 l1ia=8 l1i=16 l2a=4 l2=256 l3a=4 l3=2048 robc=2 robd=2 robw=64   2.4777   0.9933    42.43    17.23  Strongly Sust.
  bpt=tage l1da=4 l1d=16 l1ia=8 l1i=16 l2a=4 l2=256 l3a=4 l3=2048 robc=2 robd=2 robw=32   2.5100   0.9862    42.37    17.01  Strongly Sust.
  bpt=pentium_m l1da=4 l1d=16 l1ia=8 l1i=16 l2a=4 l2=256 l3a=4 l3=2048 robc=2 robd=2 robw=32   2.5104   0.9857    42.37    17.01  Strongly Sust.
  bpt=nn l1da=4 l1d=16 l1ia=8 l1i=16 l2a=4 l2=256 l3a=4 l3=2048 nnbl=64 nnlr=0.005 robc=2 robd=2 robw=32   2.5235   0.9705    42.37    16.92  Strongly Sust.
  bpt=nn l1da=4 l1d=16 l1ia=8 l1i=32 l2a=4 l2=256 l3a=4 l3=2048 nnbl=64 nnlr=0.005 robc=2 robd=2 robw=16   2.5521   0.9565    42.64    16.70  Strongly Sust.
  bpt=nn l1da=4 l1d=16 l1ia=8 l1i=16 l2a=4 l2=256 l3a=4 l3=2048 nnbl=64 nnlr=0.005 robc=2 robd=2 robw=16   2.5689   0.9508    42.28    16.63  Strongly Sust.
  Ran sniper 1 time this iteration (37 total).

=== Iteration 32 ===
  Evaluating 1 configuration(s) (top acquisition score of 400 candidates)...
  [mesmo] bpt=pentium_m l1da=8 l1d=64 l1ia=4 l1i=64 l2a=8 l2=512 l3a=16 l3=1024 robc=8 robd=10 robw=128  ASI= 0.0690  S=1.0175  A=  78.77  P=464.46  [Unsustainable]  [ML2=1.06x, CCl=1.00x, MIP=1.01x, EI=1.00x]
  Deleted 5 non-Pareto output directories.

  Pareto front after iteration 32 (11 points, HV=2.5662):
  Params                                  ASI  Speedup     Area  PeakPow  Region
  ──────────────────────────────────────────────────────────────────────────────
  bpt=pentium_m l1da=4 l1d=64 l1ia=4 l1i=64 l2a=8 l2=512 l3a=8 l3=1024 robc=10 robd=10 robw=512   0.0115   1.0180   131.82  1434.20  Unsustainable
  bpt=pentium_m l1da=8 l1d=64 l1ia=4 l1i=64 l2a=8 l2=512 l3a=16 l3=1024 robc=8 robd=10 robw=128   0.0690   1.0175    78.77   464.46  Unsustainable
  bpt=pentium_m l1da=8 l1d=32 l1ia=8 l1i=64 l2a=8 l2=512 l3a=8 l3=8192 robc=4 robd=2 robw=256   1.0780   1.0078    99.28    24.14  Strongly Sust.
  bpt=pentium_m l1da=4 l1d=64 l1ia=8 l1i=16 l2a=4 l2=256 l3a=4 l3=2048 robc=2 robd=2 robw=512   1.6414   0.9940    44.46    25.64  Strongly Sust.
  bpt=pentium_m l1da=4 l1d=16 l1ia=8 l1i=16 l2a=4 l2=256 l3a=4 l3=2048 robc=2 robd=2 robw=256   2.4282   0.9933    42.61    17.56  Strongly Sust.
  bpt=pentium_m l1da=4 l1d=16 l1ia=8 l1i=16 l2a=4 l2=256 l3a=4 l3=2048 robc=2 robd=2 robw=64   2.4777   0.9933    42.43    17.23  Strongly Sust.
  bpt=tage l1da=4 l1d=16 l1ia=8 l1i=16 l2a=4 l2=256 l3a=4 l3=2048 robc=2 robd=2 robw=32   2.5100   0.9862    42.37    17.01  Strongly Sust.
  bpt=pentium_m l1da=4 l1d=16 l1ia=8 l1i=16 l2a=4 l2=256 l3a=4 l3=2048 robc=2 robd=2 robw=32   2.5104   0.9857    42.37    17.01  Strongly Sust.
  bpt=nn l1da=4 l1d=16 l1ia=8 l1i=16 l2a=4 l2=256 l3a=4 l3=2048 nnbl=64 nnlr=0.005 robc=2 robd=2 robw=32   2.5235   0.9705    42.37    16.92  Strongly Sust.
  bpt=nn l1da=4 l1d=16 l1ia=8 l1i=32 l2a=4 l2=256 l3a=4 l3=2048 nnbl=64 nnlr=0.005 robc=2 robd=2 robw=16   2.5521   0.9565    42.64    16.70  Strongly Sust.
  bpt=nn l1da=4 l1d=16 l1ia=8 l1i=16 l2a=4 l2=256 l3a=4 l3=2048 nnbl=64 nnlr=0.005 robc=2 robd=2 robw=16   2.5689   0.9508    42.28    16.63  Strongly Sust.
  Ran sniper 1 time this iteration (38 total).

=== Iteration 33 ===
  Evaluating 1 configuration(s) (top acquisition score of 400 candidates)...
  [mesmo] bp=2048 bpt=a53 l1da=4 l1d=16 l1ia=4 l1i=16 l2a=8 l2=256 l3a=16 l3=1024 nhist=4 robc=8 robd=10 robw=256  ASI= 0.0291  S=1.0023  A=  89.34  P=993.75  [Unsustainable]  [ML2=1.00x, CCl=1.00x, MIP=1.01x, EI=1.00x]
  Deleted 1 non-Pareto output directory.

  Pareto front after iteration 33 (11 points, HV=2.5662):
  Params                                  ASI  Speedup     Area  PeakPow  Region
  ──────────────────────────────────────────────────────────────────────────────
  bpt=pentium_m l1da=4 l1d=64 l1ia=4 l1i=64 l2a=8 l2=512 l3a=8 l3=1024 robc=10 robd=10 robw=512   0.0115   1.0180   131.82  1434.20  Unsustainable
  bpt=pentium_m l1da=8 l1d=64 l1ia=4 l1i=64 l2a=8 l2=512 l3a=16 l3=1024 robc=8 robd=10 robw=128   0.0690   1.0175    78.77   464.46  Unsustainable
  bpt=pentium_m l1da=8 l1d=32 l1ia=8 l1i=64 l2a=8 l2=512 l3a=8 l3=8192 robc=4 robd=2 robw=256   1.0780   1.0078    99.28    24.14  Strongly Sust.
  bpt=pentium_m l1da=4 l1d=64 l1ia=8 l1i=16 l2a=4 l2=256 l3a=4 l3=2048 robc=2 robd=2 robw=512   1.6414   0.9940    44.46    25.64  Strongly Sust.
  bpt=pentium_m l1da=4 l1d=16 l1ia=8 l1i=16 l2a=4 l2=256 l3a=4 l3=2048 robc=2 robd=2 robw=256   2.4282   0.9933    42.61    17.56  Strongly Sust.
  bpt=pentium_m l1da=4 l1d=16 l1ia=8 l1i=16 l2a=4 l2=256 l3a=4 l3=2048 robc=2 robd=2 robw=64   2.4777   0.9933    42.43    17.23  Strongly Sust.
  bpt=tage l1da=4 l1d=16 l1ia=8 l1i=16 l2a=4 l2=256 l3a=4 l3=2048 robc=2 robd=2 robw=32   2.5100   0.9862    42.37    17.01  Strongly Sust.
  bpt=pentium_m l1da=4 l1d=16 l1ia=8 l1i=16 l2a=4 l2=256 l3a=4 l3=2048 robc=2 robd=2 robw=32   2.5104   0.9857    42.37    17.01  Strongly Sust.
  bpt=nn l1da=4 l1d=16 l1ia=8 l1i=16 l2a=4 l2=256 l3a=4 l3=2048 nnbl=64 nnlr=0.005 robc=2 robd=2 robw=32   2.5235   0.9705    42.37    16.92  Strongly Sust.
  bpt=nn l1da=4 l1d=16 l1ia=8 l1i=32 l2a=4 l2=256 l3a=4 l3=2048 nnbl=64 nnlr=0.005 robc=2 robd=2 robw=16   2.5521   0.9565    42.64    16.70  Strongly Sust.
  bpt=nn l1da=4 l1d=16 l1ia=8 l1i=16 l2a=4 l2=256 l3a=4 l3=2048 nnbl=64 nnlr=0.005 robc=2 robd=2 robw=16   2.5689   0.9508    42.28    16.63  Strongly Sust.
  Ran sniper 1 time this iteration (39 total).

=== Iteration 34 ===
  Evaluating 1 configuration(s) (top acquisition score of 400 candidates)...
  [mesmo] bp=512 bpt=a53 l1da=8 l1d=64 l1ia=8 l1i=32 l2a=8 l2=512 l3a=8 l3=4096 nhist=3 robc=8 robd=10 robw=32  ASI= 0.4937  S=1.0031  A=  83.86  P= 61.86  [Unsustainable]  [ML2=1.06x, CCl=0.99x, MIP=0.97x, EI=0.99x]
  Deleted 1 non-Pareto output directory.

  Pareto front after iteration 34 (11 points, HV=2.5662):
  Params                                  ASI  Speedup     Area  PeakPow  Region
  ──────────────────────────────────────────────────────────────────────────────
  bpt=pentium_m l1da=4 l1d=64 l1ia=4 l1i=64 l2a=8 l2=512 l3a=8 l3=1024 robc=10 robd=10 robw=512   0.0115   1.0180   131.82  1434.20  Unsustainable
  bpt=pentium_m l1da=8 l1d=64 l1ia=4 l1i=64 l2a=8 l2=512 l3a=16 l3=1024 robc=8 robd=10 robw=128   0.0690   1.0175    78.77   464.46  Unsustainable
  bpt=pentium_m l1da=8 l1d=32 l1ia=8 l1i=64 l2a=8 l2=512 l3a=8 l3=8192 robc=4 robd=2 robw=256   1.0780   1.0078    99.28    24.14  Strongly Sust.
  bpt=pentium_m l1da=4 l1d=64 l1ia=8 l1i=16 l2a=4 l2=256 l3a=4 l3=2048 robc=2 robd=2 robw=512   1.6414   0.9940    44.46    25.64  Strongly Sust.
  bpt=pentium_m l1da=4 l1d=16 l1ia=8 l1i=16 l2a=4 l2=256 l3a=4 l3=2048 robc=2 robd=2 robw=256   2.4282   0.9933    42.61    17.56  Strongly Sust.
  bpt=pentium_m l1da=4 l1d=16 l1ia=8 l1i=16 l2a=4 l2=256 l3a=4 l3=2048 robc=2 robd=2 robw=64   2.4777   0.9933    42.43    17.23  Strongly Sust.
  bpt=tage l1da=4 l1d=16 l1ia=8 l1i=16 l2a=4 l2=256 l3a=4 l3=2048 robc=2 robd=2 robw=32   2.5100   0.9862    42.37    17.01  Strongly Sust.
  bpt=pentium_m l1da=4 l1d=16 l1ia=8 l1i=16 l2a=4 l2=256 l3a=4 l3=2048 robc=2 robd=2 robw=32   2.5104   0.9857    42.37    17.01  Strongly Sust.
  bpt=nn l1da=4 l1d=16 l1ia=8 l1i=16 l2a=4 l2=256 l3a=4 l3=2048 nnbl=64 nnlr=0.005 robc=2 robd=2 robw=32   2.5235   0.9705    42.37    16.92  Strongly Sust.
  bpt=nn l1da=4 l1d=16 l1ia=8 l1i=32 l2a=4 l2=256 l3a=4 l3=2048 nnbl=64 nnlr=0.005 robc=2 robd=2 robw=16   2.5521   0.9565    42.64    16.70  Strongly Sust.
  bpt=nn l1da=4 l1d=16 l1ia=8 l1i=16 l2a=4 l2=256 l3a=4 l3=2048 nnbl=64 nnlr=0.005 robc=2 robd=2 robw=16   2.5689   0.9508    42.28    16.63  Strongly Sust.
  Ran sniper 1 time this iteration (40 total).

=== Iteration 35 ===
  Evaluating 1 configuration(s) (top acquisition score of 400 candidates)...
  [mesmo] bp=512 bpt=a53 l1da=4 l1d=16 l1ia=8 l1i=16 l2a=4 l2=256 l3a=4 l3=2048 nhist=2 robc=2 robd=2 robw=16  ASI= 2.5546  S=0.9649  A=  42.28  P= 16.73  [Strongly Sust.]  [ML2=1.00x, CCl=0.96x, MIP=0.95x, EI=0.96x]
  Deleted 1 non-Pareto output directory.

  Pareto front after iteration 35 (11 points, HV=2.5665):
  Params                                  ASI  Speedup     Area  PeakPow  Region
  ──────────────────────────────────────────────────────────────────────────────
  bpt=pentium_m l1da=4 l1d=64 l1ia=4 l1i=64 l2a=8 l2=512 l3a=8 l3=1024 robc=10 robd=10 robw=512   0.0115   1.0180   131.82  1434.20  Unsustainable
  bpt=pentium_m l1da=8 l1d=64 l1ia=4 l1i=64 l2a=8 l2=512 l3a=16 l3=1024 robc=8 robd=10 robw=128   0.0690   1.0175    78.77   464.46  Unsustainable
  bpt=pentium_m l1da=8 l1d=32 l1ia=8 l1i=64 l2a=8 l2=512 l3a=8 l3=8192 robc=4 robd=2 robw=256   1.0780   1.0078    99.28    24.14  Strongly Sust.
  bpt=pentium_m l1da=4 l1d=64 l1ia=8 l1i=16 l2a=4 l2=256 l3a=4 l3=2048 robc=2 robd=2 robw=512   1.6414   0.9940    44.46    25.64  Strongly Sust.
  bpt=pentium_m l1da=4 l1d=16 l1ia=8 l1i=16 l2a=4 l2=256 l3a=4 l3=2048 robc=2 robd=2 robw=256   2.4282   0.9933    42.61    17.56  Strongly Sust.
  bpt=pentium_m l1da=4 l1d=16 l1ia=8 l1i=16 l2a=4 l2=256 l3a=4 l3=2048 robc=2 robd=2 robw=64   2.4777   0.9933    42.43    17.23  Strongly Sust.
  bpt=tage l1da=4 l1d=16 l1ia=8 l1i=16 l2a=4 l2=256 l3a=4 l3=2048 robc=2 robd=2 robw=32   2.5100   0.9862    42.37    17.01  Strongly Sust.
  bpt=pentium_m l1da=4 l1d=16 l1ia=8 l1i=16 l2a=4 l2=256 l3a=4 l3=2048 robc=2 robd=2 robw=32   2.5104   0.9857    42.37    17.01  Strongly Sust.
  bpt=nn l1da=4 l1d=16 l1ia=8 l1i=16 l2a=4 l2=256 l3a=4 l3=2048 nnbl=64 nnlr=0.005 robc=2 robd=2 robw=32   2.5235   0.9705    42.37    16.92  Strongly Sust.
  bp=512 bpt=a53 l1da=4 l1d=16 l1ia=8 l1i=16 l2a=4 l2=256 l3a=4 l3=2048 nhist=2 robc=2 robd=2 robw=16   2.5546   0.9649    42.28    16.73  Strongly Sust.
  bpt=nn l1da=4 l1d=16 l1ia=8 l1i=16 l2a=4 l2=256 l3a=4 l3=2048 nnbl=64 nnlr=0.005 robc=2 robd=2 robw=16   2.5689   0.9508    42.28    16.63  Strongly Sust.
  Ran sniper 1 time this iteration (41 total).

=== Iteration 36 ===
  Evaluating 1 configuration(s) (top acquisition score of 400 candidates)...
  [mesmo] bpt=nn l1da=4 l1d=64 l1ia=4 l1i=64 l2a=8 l2=512 l3a=8 l3=1024 nnbl=32 nnlr=0.005 robc=10 robd=10 robw=512  ASI= 0.0115  S=1.0144  A= 131.82  P=1434.18  [Unsustainable]  [ML2=1.06x, CCl=1.00x, MIP=1.01x, EI=0.99x]
  Deleted 1 non-Pareto output directory.

  Pareto front after iteration 36 (11 points, HV=2.5665):
  Params                                  ASI  Speedup     Area  PeakPow  Region
  ──────────────────────────────────────────────────────────────────────────────
  bpt=pentium_m l1da=4 l1d=64 l1ia=4 l1i=64 l2a=8 l2=512 l3a=8 l3=1024 robc=10 robd=10 robw=512   0.0115   1.0180   131.82  1434.20  Unsustainable
  bpt=pentium_m l1da=8 l1d=64 l1ia=4 l1i=64 l2a=8 l2=512 l3a=16 l3=1024 robc=8 robd=10 robw=128   0.0690   1.0175    78.77   464.46  Unsustainable
  bpt=pentium_m l1da=8 l1d=32 l1ia=8 l1i=64 l2a=8 l2=512 l3a=8 l3=8192 robc=4 robd=2 robw=256   1.0780   1.0078    99.28    24.14  Strongly Sust.
  bpt=pentium_m l1da=4 l1d=64 l1ia=8 l1i=16 l2a=4 l2=256 l3a=4 l3=2048 robc=2 robd=2 robw=512   1.6414   0.9940    44.46    25.64  Strongly Sust.
  bpt=pentium_m l1da=4 l1d=16 l1ia=8 l1i=16 l2a=4 l2=256 l3a=4 l3=2048 robc=2 robd=2 robw=256   2.4282   0.9933    42.61    17.56  Strongly Sust.
  bpt=pentium_m l1da=4 l1d=16 l1ia=8 l1i=16 l2a=4 l2=256 l3a=4 l3=2048 robc=2 robd=2 robw=64   2.4777   0.9933    42.43    17.23  Strongly Sust.
  bpt=tage l1da=4 l1d=16 l1ia=8 l1i=16 l2a=4 l2=256 l3a=4 l3=2048 robc=2 robd=2 robw=32   2.5100   0.9862    42.37    17.01  Strongly Sust.
  bpt=pentium_m l1da=4 l1d=16 l1ia=8 l1i=16 l2a=4 l2=256 l3a=4 l3=2048 robc=2 robd=2 robw=32   2.5104   0.9857    42.37    17.01  Strongly Sust.
  bpt=nn l1da=4 l1d=16 l1ia=8 l1i=16 l2a=4 l2=256 l3a=4 l3=2048 nnbl=64 nnlr=0.005 robc=2 robd=2 robw=32   2.5235   0.9705    42.37    16.92  Strongly Sust.
  bp=512 bpt=a53 l1da=4 l1d=16 l1ia=8 l1i=16 l2a=4 l2=256 l3a=4 l3=2048 nhist=2 robc=2 robd=2 robw=16   2.5546   0.9649    42.28    16.73  Strongly Sust.
  bpt=nn l1da=4 l1d=16 l1ia=8 l1i=16 l2a=4 l2=256 l3a=4 l3=2048 nnbl=64 nnlr=0.005 robc=2 robd=2 robw=16   2.5689   0.9508    42.28    16.63  Strongly Sust.
  Ran sniper 1 time this iteration (42 total).

=== Iteration 37 ===
  Evaluating 1 configuration(s) (top acquisition score of 400 candidates)...
  [mesmo] bpt=pentium_m l1da=8 l1d=16 l1ia=4 l1i=16 l2a=8 l2=512 l3a=8 l3=8192 robc=4 robd=10 robw=512  ASI= 0.0005  S=1.0173  A= 185.75  P=1440.20  [Unsustainable]  [ML2=1.06x, CCl=1.00x, MIP=1.01x, EI=1.00x]
  Deleted 1 non-Pareto output directory.

  Pareto front after iteration 37 (11 points, HV=2.5665):
  Params                                  ASI  Speedup     Area  PeakPow  Region
  ──────────────────────────────────────────────────────────────────────────────
  bpt=pentium_m l1da=4 l1d=64 l1ia=4 l1i=64 l2a=8 l2=512 l3a=8 l3=1024 robc=10 robd=10 robw=512   0.0115   1.0180   131.82  1434.20  Unsustainable
  bpt=pentium_m l1da=8 l1d=64 l1ia=4 l1i=64 l2a=8 l2=512 l3a=16 l3=1024 robc=8 robd=10 robw=128   0.0690   1.0175    78.77   464.46  Unsustainable
  bpt=pentium_m l1da=8 l1d=32 l1ia=8 l1i=64 l2a=8 l2=512 l3a=8 l3=8192 robc=4 robd=2 robw=256   1.0780   1.0078    99.28    24.14  Strongly Sust.
  bpt=pentium_m l1da=4 l1d=64 l1ia=8 l1i=16 l2a=4 l2=256 l3a=4 l3=2048 robc=2 robd=2 robw=512   1.6414   0.9940    44.46    25.64  Strongly Sust.
  bpt=pentium_m l1da=4 l1d=16 l1ia=8 l1i=16 l2a=4 l2=256 l3a=4 l3=2048 robc=2 robd=2 robw=256   2.4282   0.9933    42.61    17.56  Strongly Sust.
  bpt=pentium_m l1da=4 l1d=16 l1ia=8 l1i=16 l2a=4 l2=256 l3a=4 l3=2048 robc=2 robd=2 robw=64   2.4777   0.9933    42.43    17.23  Strongly Sust.
  bpt=tage l1da=4 l1d=16 l1ia=8 l1i=16 l2a=4 l2=256 l3a=4 l3=2048 robc=2 robd=2 robw=32   2.5100   0.9862    42.37    17.01  Strongly Sust.
  bpt=pentium_m l1da=4 l1d=16 l1ia=8 l1i=16 l2a=4 l2=256 l3a=4 l3=2048 robc=2 robd=2 robw=32   2.5104   0.9857    42.37    17.01  Strongly Sust.
  bpt=nn l1da=4 l1d=16 l1ia=8 l1i=16 l2a=4 l2=256 l3a=4 l3=2048 nnbl=64 nnlr=0.005 robc=2 robd=2 robw=32   2.5235   0.9705    42.37    16.92  Strongly Sust.
  bp=512 bpt=a53 l1da=4 l1d=16 l1ia=8 l1i=16 l2a=4 l2=256 l3a=4 l3=2048 nhist=2 robc=2 robd=2 robw=16   2.5546   0.9649    42.28    16.73  Strongly Sust.
  bpt=nn l1da=4 l1d=16 l1ia=8 l1i=16 l2a=4 l2=256 l3a=4 l3=2048 nnbl=64 nnlr=0.005 robc=2 robd=2 robw=16   2.5689   0.9508    42.28    16.63  Strongly Sust.
  Ran sniper 1 time this iteration (43 total).

=== Iteration 38 ===
  Evaluating 1 configuration(s) (top acquisition score of 400 candidates)...
  [mesmo] bp=2048 bpt=a53 l1da=8 l1d=32 l1ia=8 l1i=16 l2a=8 l2=512 l3a=4 l3=2048 nhist=2 robc=8 robd=2 robw=512  ASI= 1.4198  S=1.0076  A=  55.32  P= 27.40  [Strongly Sust.]  [ML2=1.06x, CCl=1.00x, MIP=0.98x, EI=0.99x]

  Pareto front after iteration 38 (12 points, HV=2.5711):
  Params                                  ASI  Speedup     Area  PeakPow  Region
  ──────────────────────────────────────────────────────────────────────────────
  bpt=pentium_m l1da=4 l1d=64 l1ia=4 l1i=64 l2a=8 l2=512 l3a=8 l3=1024 robc=10 robd=10 robw=512   0.0115   1.0180   131.82  1434.20  Unsustainable
  bpt=pentium_m l1da=8 l1d=64 l1ia=4 l1i=64 l2a=8 l2=512 l3a=16 l3=1024 robc=8 robd=10 robw=128   0.0690   1.0175    78.77   464.46  Unsustainable
  bpt=pentium_m l1da=8 l1d=32 l1ia=8 l1i=64 l2a=8 l2=512 l3a=8 l3=8192 robc=4 robd=2 robw=256   1.0780   1.0078    99.28    24.14  Strongly Sust.
  bp=2048 bpt=a53 l1da=8 l1d=32 l1ia=8 l1i=16 l2a=8 l2=512 l3a=4 l3=2048 nhist=2 robc=8 robd=2 robw=512   1.4198   1.0076    55.32    27.40  Strongly Sust.
  bpt=pentium_m l1da=4 l1d=64 l1ia=8 l1i=16 l2a=4 l2=256 l3a=4 l3=2048 robc=2 robd=2 robw=512   1.6414   0.9940    44.46    25.64  Strongly Sust.
  bpt=pentium_m l1da=4 l1d=16 l1ia=8 l1i=16 l2a=4 l2=256 l3a=4 l3=2048 robc=2 robd=2 robw=256   2.4282   0.9933    42.61    17.56  Strongly Sust.
  bpt=pentium_m l1da=4 l1d=16 l1ia=8 l1i=16 l2a=4 l2=256 l3a=4 l3=2048 robc=2 robd=2 robw=64   2.4777   0.9933    42.43    17.23  Strongly Sust.
  bpt=tage l1da=4 l1d=16 l1ia=8 l1i=16 l2a=4 l2=256 l3a=4 l3=2048 robc=2 robd=2 robw=32   2.5100   0.9862    42.37    17.01  Strongly Sust.
  bpt=pentium_m l1da=4 l1d=16 l1ia=8 l1i=16 l2a=4 l2=256 l3a=4 l3=2048 robc=2 robd=2 robw=32   2.5104   0.9857    42.37    17.01  Strongly Sust.
  bpt=nn l1da=4 l1d=16 l1ia=8 l1i=16 l2a=4 l2=256 l3a=4 l3=2048 nnbl=64 nnlr=0.005 robc=2 robd=2 robw=32   2.5235   0.9705    42.37    16.92  Strongly Sust.
  bp=512 bpt=a53 l1da=4 l1d=16 l1ia=8 l1i=16 l2a=4 l2=256 l3a=4 l3=2048 nhist=2 robc=2 robd=2 robw=16   2.5546   0.9649    42.28    16.73  Strongly Sust.
  bpt=nn l1da=4 l1d=16 l1ia=8 l1i=16 l2a=4 l2=256 l3a=4 l3=2048 nnbl=64 nnlr=0.005 robc=2 robd=2 robw=16   2.5689   0.9508    42.28    16.63  Strongly Sust.
  Ran sniper 1 time this iteration (44 total).

=== Iteration 39 ===
  Evaluating 1 configuration(s) (top acquisition score of 400 candidates)...
  [mesmo] bp=512 bpt=a53 l1da=4 l1d=16 l1ia=8 l1i=16 l2a=4 l2=256 l3a=4 l3=2048 nhist=3 robc=2 robd=2 robw=32  ASI= 2.5103  S=0.9856  A=  42.37  P= 17.01  [Strongly Sust.]  [ML2=1.00x, CCl=0.99x, MIP=0.97x, EI=0.98x]
  Deleted 1 non-Pareto output directory.

  Pareto front after iteration 39 (12 points, HV=2.5711):
  Params                                  ASI  Speedup     Area  PeakPow  Region
  ──────────────────────────────────────────────────────────────────────────────
  bpt=pentium_m l1da=4 l1d=64 l1ia=4 l1i=64 l2a=8 l2=512 l3a=8 l3=1024 robc=10 robd=10 robw=512   0.0115   1.0180   131.82  1434.20  Unsustainable
  bpt=pentium_m l1da=8 l1d=64 l1ia=4 l1i=64 l2a=8 l2=512 l3a=16 l3=1024 robc=8 robd=10 robw=128   0.0690   1.0175    78.77   464.46  Unsustainable
  bpt=pentium_m l1da=8 l1d=32 l1ia=8 l1i=64 l2a=8 l2=512 l3a=8 l3=8192 robc=4 robd=2 robw=256   1.0780   1.0078    99.28    24.14  Strongly Sust.
  bp=2048 bpt=a53 l1da=8 l1d=32 l1ia=8 l1i=16 l2a=8 l2=512 l3a=4 l3=2048 nhist=2 robc=8 robd=2 robw=512   1.4198   1.0076    55.32    27.40  Strongly Sust.
  bpt=pentium_m l1da=4 l1d=64 l1ia=8 l1i=16 l2a=4 l2=256 l3a=4 l3=2048 robc=2 robd=2 robw=512   1.6414   0.9940    44.46    25.64  Strongly Sust.
  bpt=pentium_m l1da=4 l1d=16 l1ia=8 l1i=16 l2a=4 l2=256 l3a=4 l3=2048 robc=2 robd=2 robw=256   2.4282   0.9933    42.61    17.56  Strongly Sust.
  bpt=pentium_m l1da=4 l1d=16 l1ia=8 l1i=16 l2a=4 l2=256 l3a=4 l3=2048 robc=2 robd=2 robw=64   2.4777   0.9933    42.43    17.23  Strongly Sust.
  bpt=tage l1da=4 l1d=16 l1ia=8 l1i=16 l2a=4 l2=256 l3a=4 l3=2048 robc=2 robd=2 robw=32   2.5100   0.9862    42.37    17.01  Strongly Sust.
  bpt=pentium_m l1da=4 l1d=16 l1ia=8 l1i=16 l2a=4 l2=256 l3a=4 l3=2048 robc=2 robd=2 robw=32   2.5104   0.9857    42.37    17.01  Strongly Sust.
  bpt=nn l1da=4 l1d=16 l1ia=8 l1i=16 l2a=4 l2=256 l3a=4 l3=2048 nnbl=64 nnlr=0.005 robc=2 robd=2 robw=32   2.5235   0.9705    42.37    16.92  Strongly Sust.
  bp=512 bpt=a53 l1da=4 l1d=16 l1ia=8 l1i=16 l2a=4 l2=256 l3a=4 l3=2048 nhist=2 robc=2 robd=2 robw=16   2.5546   0.9649    42.28    16.73  Strongly Sust.
  bpt=nn l1da=4 l1d=16 l1ia=8 l1i=16 l2a=4 l2=256 l3a=4 l3=2048 nnbl=64 nnlr=0.005 robc=2 robd=2 robw=16   2.5689   0.9508    42.28    16.63  Strongly Sust.
  Ran sniper 1 time this iteration (45 total).

=== Iteration 40 ===
  Evaluating 1 configuration(s) (top acquisition score of 400 candidates)...
  [mesmo] bpt=pentium_m l1da=4 l1d=64 l1ia=4 l1i=64 l2a=8 l2=512 l3a=8 l3=1024 robc=10 robd=2 robw=512  ASI= 1.6805  S=1.0084  A=  43.49  P= 25.22  [Strongly Sust.]  [ML2=1.06x, CCl=1.00x, MIP=0.98x, EI=0.99x]
  Deleted 3 non-Pareto output directories.

  Pareto front after iteration 40 (10 points, HV=2.5758):
  Params                                  ASI  Speedup     Area  PeakPow  Region
  ──────────────────────────────────────────────────────────────────────────────
  bpt=pentium_m l1da=4 l1d=64 l1ia=4 l1i=64 l2a=8 l2=512 l3a=8 l3=1024 robc=10 robd=10 robw=512   0.0115   1.0180   131.82  1434.20  Unsustainable
  bpt=pentium_m l1da=8 l1d=64 l1ia=4 l1i=64 l2a=8 l2=512 l3a=16 l3=1024 robc=8 robd=10 robw=128   0.0690   1.0175    78.77   464.46  Unsustainable
  bpt=pentium_m l1da=4 l1d=64 l1ia=4 l1i=64 l2a=8 l2=512 l3a=8 l3=1024 robc=10 robd=2 robw=512   1.6805   1.0084    43.49    25.22  Strongly Sust.
  bpt=pentium_m l1da=4 l1d=16 l1ia=8 l1i=16 l2a=4 l2=256 l3a=4 l3=2048 robc=2 robd=2 robw=256   2.4282   0.9933    42.61    17.56  Strongly Sust.
  bpt=pentium_m l1da=4 l1d=16 l1ia=8 l1i=16 l2a=4 l2=256 l3a=4 l3=2048 robc=2 robd=2 robw=64   2.4777   0.9933    42.43    17.23  Strongly Sust.
  bpt=tage l1da=4 l1d=16 l1ia=8 l1i=16 l2a=4 l2=256 l3a=4 l3=2048 robc=2 robd=2 robw=32   2.5100   0.9862    42.37    17.01  Strongly Sust.
  bpt=pentium_m l1da=4 l1d=16 l1ia=8 l1i=16 l2a=4 l2=256 l3a=4 l3=2048 robc=2 robd=2 robw=32   2.5104   0.9857    42.37    17.01  Strongly Sust.
  bpt=nn l1da=4 l1d=16 l1ia=8 l1i=16 l2a=4 l2=256 l3a=4 l3=2048 nnbl=64 nnlr=0.005 robc=2 robd=2 robw=32   2.5235   0.9705    42.37    16.92  Strongly Sust.
  bp=512 bpt=a53 l1da=4 l1d=16 l1ia=8 l1i=16 l2a=4 l2=256 l3a=4 l3=2048 nhist=2 robc=2 robd=2 robw=16   2.5546   0.9649    42.28    16.73  Strongly Sust.
  bpt=nn l1da=4 l1d=16 l1ia=8 l1i=16 l2a=4 l2=256 l3a=4 l3=2048 nnbl=64 nnlr=0.005 robc=2 robd=2 robw=16   2.5689   0.9508    42.28    16.63  Strongly Sust.
  Ran sniper 1 time this iteration (46 total).

=== Iteration 41 ===
  Evaluating 1 configuration(s) (top acquisition score of 400 candidates)...
  [mesmo] bpt=nn l1da=4 l1d=16 l1ia=4 l1i=32 l2a=8 l2=512 l3a=16 l3=4096 nnbl=16 nnlr=0.005 robc=4 robd=10 robw=64  ASI= 0.5215  S=0.9982  A=  77.89  P= 61.91  [Unsustainable]  [ML2=1.06x, CCl=1.00x, MIP=1.01x, EI=0.93x]
  Deleted 1 non-Pareto output directory.

  Pareto front after iteration 41 (10 points, HV=2.5758):
  Params                                  ASI  Speedup     Area  PeakPow  Region
  ──────────────────────────────────────────────────────────────────────────────
  bpt=pentium_m l1da=4 l1d=64 l1ia=4 l1i=64 l2a=8 l2=512 l3a=8 l3=1024 robc=10 robd=10 robw=512   0.0115   1.0180   131.82  1434.20  Unsustainable
  bpt=pentium_m l1da=8 l1d=64 l1ia=4 l1i=64 l2a=8 l2=512 l3a=16 l3=1024 robc=8 robd=10 robw=128   0.0690   1.0175    78.77   464.46  Unsustainable
  bpt=pentium_m l1da=4 l1d=64 l1ia=4 l1i=64 l2a=8 l2=512 l3a=8 l3=1024 robc=10 robd=2 robw=512   1.6805   1.0084    43.49    25.22  Strongly Sust.
  bpt=pentium_m l1da=4 l1d=16 l1ia=8 l1i=16 l2a=4 l2=256 l3a=4 l3=2048 robc=2 robd=2 robw=256   2.4282   0.9933    42.61    17.56  Strongly Sust.
  bpt=pentium_m l1da=4 l1d=16 l1ia=8 l1i=16 l2a=4 l2=256 l3a=4 l3=2048 robc=2 robd=2 robw=64   2.4777   0.9933    42.43    17.23  Strongly Sust.
  bpt=tage l1da=4 l1d=16 l1ia=8 l1i=16 l2a=4 l2=256 l3a=4 l3=2048 robc=2 robd=2 robw=32   2.5100   0.9862    42.37    17.01  Strongly Sust.
  bpt=pentium_m l1da=4 l1d=16 l1ia=8 l1i=16 l2a=4 l2=256 l3a=4 l3=2048 robc=2 robd=2 robw=32   2.5104   0.9857    42.37    17.01  Strongly Sust.
  bpt=nn l1da=4 l1d=16 l1ia=8 l1i=16 l2a=4 l2=256 l3a=4 l3=2048 nnbl=64 nnlr=0.005 robc=2 robd=2 robw=32   2.5235   0.9705    42.37    16.92  Strongly Sust.
  bp=512 bpt=a53 l1da=4 l1d=16 l1ia=8 l1i=16 l2a=4 l2=256 l3a=4 l3=2048 nhist=2 robc=2 robd=2 robw=16   2.5546   0.9649    42.28    16.73  Strongly Sust.
  bpt=nn l1da=4 l1d=16 l1ia=8 l1i=16 l2a=4 l2=256 l3a=4 l3=2048 nnbl=64 nnlr=0.005 robc=2 robd=2 robw=16   2.5689   0.9508    42.28    16.63  Strongly Sust.
  Ran sniper 1 time this iteration (47 total).

=== Iteration 42 ===
  Evaluating 1 configuration(s) (top acquisition score of 400 candidates)...
  [mesmo] bpt=pentium_m l1da=8 l1d=16 l1ia=8 l1i=64 l2a=4 l2=128 l3a=8 l3=1024 robc=4 robd=10 robw=512  ASI= 0.0122  S=0.9961  A= 128.50  P=1434.30  [Unsustainable]  [ML2=0.97x, CCl=1.00x, MIP=1.01x, EI=1.00x]
  Deleted 1 non-Pareto output directory.

  Pareto front after iteration 42 (10 points, HV=2.5758):
  Params                                  ASI  Speedup     Area  PeakPow  Region
  ──────────────────────────────────────────────────────────────────────────────
  bpt=pentium_m l1da=4 l1d=64 l1ia=4 l1i=64 l2a=8 l2=512 l3a=8 l3=1024 robc=10 robd=10 robw=512   0.0115   1.0180   131.82  1434.20  Unsustainable
  bpt=pentium_m l1da=8 l1d=64 l1ia=4 l1i=64 l2a=8 l2=512 l3a=16 l3=1024 robc=8 robd=10 robw=128   0.0690   1.0175    78.77   464.46  Unsustainable
  bpt=pentium_m l1da=4 l1d=64 l1ia=4 l1i=64 l2a=8 l2=512 l3a=8 l3=1024 robc=10 robd=2 robw=512   1.6805   1.0084    43.49    25.22  Strongly Sust.
  bpt=pentium_m l1da=4 l1d=16 l1ia=8 l1i=16 l2a=4 l2=256 l3a=4 l3=2048 robc=2 robd=2 robw=256   2.4282   0.9933    42.61    17.56  Strongly Sust.
  bpt=pentium_m l1da=4 l1d=16 l1ia=8 l1i=16 l2a=4 l2=256 l3a=4 l3=2048 robc=2 robd=2 robw=64   2.4777   0.9933    42.43    17.23  Strongly Sust.
  bpt=tage l1da=4 l1d=16 l1ia=8 l1i=16 l2a=4 l2=256 l3a=4 l3=2048 robc=2 robd=2 robw=32   2.5100   0.9862    42.37    17.01  Strongly Sust.
  bpt=pentium_m l1da=4 l1d=16 l1ia=8 l1i=16 l2a=4 l2=256 l3a=4 l3=2048 robc=2 robd=2 robw=32   2.5104   0.9857    42.37    17.01  Strongly Sust.
  bpt=nn l1da=4 l1d=16 l1ia=8 l1i=16 l2a=4 l2=256 l3a=4 l3=2048 nnbl=64 nnlr=0.005 robc=2 robd=2 robw=32   2.5235   0.9705    42.37    16.92  Strongly Sust.
  bp=512 bpt=a53 l1da=4 l1d=16 l1ia=8 l1i=16 l2a=4 l2=256 l3a=4 l3=2048 nhist=2 robc=2 robd=2 robw=16   2.5546   0.9649    42.28    16.73  Strongly Sust.
  bpt=nn l1da=4 l1d=16 l1ia=8 l1i=16 l2a=4 l2=256 l3a=4 l3=2048 nnbl=64 nnlr=0.005 robc=2 robd=2 robw=16   2.5689   0.9508    42.28    16.63  Strongly Sust.
  Ran sniper 1 time this iteration (48 total).

=== Iteration 43 ===
  Evaluating 1 configuration(s) (top acquisition score of 400 candidates)...
  [mesmo] bpt=nn l1da=4 l1d=16 l1ia=8 l1i=16 l2a=4 l2=256 l3a=4 l3=2048 nnbl=64 nnlr=0.0005 robc=2 robd=2 robw=64  ASI= 2.4801  S=0.9877  A=  42.43  P= 17.21  [Strongly Sust.]  [ML2=0.98x, CCl=1.00x, MIP=0.98x, EI=0.99x]

  Pareto front after iteration 43 (11 points, HV=2.5758):
  Params                                  ASI  Speedup     Area  PeakPow  Region
  ──────────────────────────────────────────────────────────────────────────────
  bpt=pentium_m l1da=4 l1d=64 l1ia=4 l1i=64 l2a=8 l2=512 l3a=8 l3=1024 robc=10 robd=10 robw=512   0.0115   1.0180   131.82  1434.20  Unsustainable
  bpt=pentium_m l1da=8 l1d=64 l1ia=4 l1i=64 l2a=8 l2=512 l3a=16 l3=1024 robc=8 robd=10 robw=128   0.0690   1.0175    78.77   464.46  Unsustainable
  bpt=pentium_m l1da=4 l1d=64 l1ia=4 l1i=64 l2a=8 l2=512 l3a=8 l3=1024 robc=10 robd=2 robw=512   1.6805   1.0084    43.49    25.22  Strongly Sust.
  bpt=pentium_m l1da=4 l1d=16 l1ia=8 l1i=16 l2a=4 l2=256 l3a=4 l3=2048 robc=2 robd=2 robw=256   2.4282   0.9933    42.61    17.56  Strongly Sust.
  bpt=pentium_m l1da=4 l1d=16 l1ia=8 l1i=16 l2a=4 l2=256 l3a=4 l3=2048 robc=2 robd=2 robw=64   2.4777   0.9933    42.43    17.23  Strongly Sust.
  bpt=nn l1da=4 l1d=16 l1ia=8 l1i=16 l2a=4 l2=256 l3a=4 l3=2048 nnbl=64 nnlr=0.0005 robc=2 robd=2 robw=64   2.4801   0.9877    42.43    17.21  Strongly Sust.
  bpt=tage l1da=4 l1d=16 l1ia=8 l1i=16 l2a=4 l2=256 l3a=4 l3=2048 robc=2 robd=2 robw=32   2.5100   0.9862    42.37    17.01  Strongly Sust.
  bpt=pentium_m l1da=4 l1d=16 l1ia=8 l1i=16 l2a=4 l2=256 l3a=4 l3=2048 robc=2 robd=2 robw=32   2.5104   0.9857    42.37    17.01  Strongly Sust.
  bpt=nn l1da=4 l1d=16 l1ia=8 l1i=16 l2a=4 l2=256 l3a=4 l3=2048 nnbl=64 nnlr=0.005 robc=2 robd=2 robw=32   2.5235   0.9705    42.37    16.92  Strongly Sust.
  bp=512 bpt=a53 l1da=4 l1d=16 l1ia=8 l1i=16 l2a=4 l2=256 l3a=4 l3=2048 nhist=2 robc=2 robd=2 robw=16   2.5546   0.9649    42.28    16.73  Strongly Sust.
  bpt=nn l1da=4 l1d=16 l1ia=8 l1i=16 l2a=4 l2=256 l3a=4 l3=2048 nnbl=64 nnlr=0.005 robc=2 robd=2 robw=16   2.5689   0.9508    42.28    16.63  Strongly Sust.
  Ran sniper 1 time this iteration (49 total).

=== Iteration 44 ===
  Evaluating 1 configuration(s) (top acquisition score of 400 candidates)...
  [mesmo] bp=512 bpt=a53 l1da=8 l1d=64 l1ia=8 l1i=16 l2a=8 l2=512 l3a=16 l3=4096 nhist=4 robc=4 robd=10 robw=512  ASI= 0.0065  S=1.0176  A= 156.02  P=1438.05  [Unsustainable]  [ML2=1.06x, CCl=1.00x, MIP=1.01x, EI=1.00x]
  Deleted 1 non-Pareto output directory.

  Pareto front after iteration 44 (11 points, HV=2.5758):
  Params                                  ASI  Speedup     Area  PeakPow  Region
  ──────────────────────────────────────────────────────────────────────────────
  bpt=pentium_m l1da=4 l1d=64 l1ia=4 l1i=64 l2a=8 l2=512 l3a=8 l3=1024 robc=10 robd=10 robw=512   0.0115   1.0180   131.82  1434.20  Unsustainable
  bpt=pentium_m l1da=8 l1d=64 l1ia=4 l1i=64 l2a=8 l2=512 l3a=16 l3=1024 robc=8 robd=10 robw=128   0.0690   1.0175    78.77   464.46  Unsustainable
  bpt=pentium_m l1da=4 l1d=64 l1ia=4 l1i=64 l2a=8 l2=512 l3a=8 l3=1024 robc=10 robd=2 robw=512   1.6805   1.0084    43.49    25.22  Strongly Sust.
  bpt=pentium_m l1da=4 l1d=16 l1ia=8 l1i=16 l2a=4 l2=256 l3a=4 l3=2048 robc=2 robd=2 robw=256   2.4282   0.9933    42.61    17.56  Strongly Sust.
  bpt=pentium_m l1da=4 l1d=16 l1ia=8 l1i=16 l2a=4 l2=256 l3a=4 l3=2048 robc=2 robd=2 robw=64   2.4777   0.9933    42.43    17.23  Strongly Sust.
  bpt=nn l1da=4 l1d=16 l1ia=8 l1i=16 l2a=4 l2=256 l3a=4 l3=2048 nnbl=64 nnlr=0.0005 robc=2 robd=2 robw=64   2.4801   0.9877    42.43    17.21  Strongly Sust.
  bpt=tage l1da=4 l1d=16 l1ia=8 l1i=16 l2a=4 l2=256 l3a=4 l3=2048 robc=2 robd=2 robw=32   2.5100   0.9862    42.37    17.01  Strongly Sust.
  bpt=pentium_m l1da=4 l1d=16 l1ia=8 l1i=16 l2a=4 l2=256 l3a=4 l3=2048 robc=2 robd=2 robw=32   2.5104   0.9857    42.37    17.01  Strongly Sust.
  bpt=nn l1da=4 l1d=16 l1ia=8 l1i=16 l2a=4 l2=256 l3a=4 l3=2048 nnbl=64 nnlr=0.005 robc=2 robd=2 robw=32   2.5235   0.9705    42.37    16.92  Strongly Sust.
  bp=512 bpt=a53 l1da=4 l1d=16 l1ia=8 l1i=16 l2a=4 l2=256 l3a=4 l3=2048 nhist=2 robc=2 robd=2 robw=16   2.5546   0.9649    42.28    16.73  Strongly Sust.
  bpt=nn l1da=4 l1d=16 l1ia=8 l1i=16 l2a=4 l2=256 l3a=4 l3=2048 nnbl=64 nnlr=0.005 robc=2 robd=2 robw=16   2.5689   0.9508    42.28    16.63  Strongly Sust.
  Ran sniper 1 time this iteration (50 total).

=== Iteration 45 ===
  Evaluating 1 configuration(s) (top acquisition score of 400 candidates)...
  [mesmo] bp=1024 bpt=a53 l1da=4 l1d=32 l1ia=8 l1i=64 l2a=8 l2=512 l3a=4 l3=2048 nhist=2 robc=10 robd=8 robw=64  ASI= 0.8359  S=1.0162  A=  62.05  P= 44.18  [Unsustainable]  [ML2=1.06x, CCl=1.00x, MIP=1.01x, EI=1.00x]

  Pareto front after iteration 45 (12 points, HV=2.5817):
  Params                                  ASI  Speedup     Area  PeakPow  Region
  ──────────────────────────────────────────────────────────────────────────────
  bpt=pentium_m l1da=4 l1d=64 l1ia=4 l1i=64 l2a=8 l2=512 l3a=8 l3=1024 robc=10 robd=10 robw=512   0.0115   1.0180   131.82  1434.20  Unsustainable
  bpt=pentium_m l1da=8 l1d=64 l1ia=4 l1i=64 l2a=8 l2=512 l3a=16 l3=1024 robc=8 robd=10 robw=128   0.0690   1.0175    78.77   464.46  Unsustainable
  bp=1024 bpt=a53 l1da=4 l1d=32 l1ia=8 l1i=64 l2a=8 l2=512 l3a=4 l3=2048 nhist=2 robc=10 robd=8 robw=64   0.8359   1.0162    62.05    44.18  Unsustainable
  bpt=pentium_m l1da=4 l1d=64 l1ia=4 l1i=64 l2a=8 l2=512 l3a=8 l3=1024 robc=10 robd=2 robw=512   1.6805   1.0084    43.49    25.22  Strongly Sust.
  bpt=pentium_m l1da=4 l1d=16 l1ia=8 l1i=16 l2a=4 l2=256 l3a=4 l3=2048 robc=2 robd=2 robw=256   2.4282   0.9933    42.61    17.56  Strongly Sust.
  bpt=pentium_m l1da=4 l1d=16 l1ia=8 l1i=16 l2a=4 l2=256 l3a=4 l3=2048 robc=2 robd=2 robw=64   2.4777   0.9933    42.43    17.23  Strongly Sust.
  bpt=nn l1da=4 l1d=16 l1ia=8 l1i=16 l2a=4 l2=256 l3a=4 l3=2048 nnbl=64 nnlr=0.0005 robc=2 robd=2 robw=64   2.4801   0.9877    42.43    17.21  Strongly Sust.
  bpt=tage l1da=4 l1d=16 l1ia=8 l1i=16 l2a=4 l2=256 l3a=4 l3=2048 robc=2 robd=2 robw=32   2.5100   0.9862    42.37    17.01  Strongly Sust.
  bpt=pentium_m l1da=4 l1d=16 l1ia=8 l1i=16 l2a=4 l2=256 l3a=4 l3=2048 robc=2 robd=2 robw=32   2.5104   0.9857    42.37    17.01  Strongly Sust.
  bpt=nn l1da=4 l1d=16 l1ia=8 l1i=16 l2a=4 l2=256 l3a=4 l3=2048 nnbl=64 nnlr=0.005 robc=2 robd=2 robw=32   2.5235   0.9705    42.37    16.92  Strongly Sust.
  bp=512 bpt=a53 l1da=4 l1d=16 l1ia=8 l1i=16 l2a=4 l2=256 l3a=4 l3=2048 nhist=2 robc=2 robd=2 robw=16   2.5546   0.9649    42.28    16.73  Strongly Sust.
  bpt=nn l1da=4 l1d=16 l1ia=8 l1i=16 l2a=4 l2=256 l3a=4 l3=2048 nnbl=64 nnlr=0.005 robc=2 robd=2 robw=16   2.5689   0.9508    42.28    16.63  Strongly Sust.
  Ran sniper 1 time this iteration (51 total).

=== Iteration 46 ===
  Evaluating 1 configuration(s) (top acquisition score of 400 candidates)...
  [mesmo] bp=1024 bpt=a53 l1da=4 l1d=32 l1ia=8 l1i=64 l2a=8 l2=512 l3a=4 l3=2048 nhist=2 robc=10 robd=8 robw=256  ASI= 0.0567  S=1.0165  A=  84.55  P=535.04  [Unsustainable]  [ML2=1.06x, CCl=1.00x, MIP=1.01x, EI=1.00x]
  Deleted 1 non-Pareto output directory.

  Pareto front after iteration 46 (12 points, HV=2.5817):
  Params                                  ASI  Speedup     Area  PeakPow  Region
  ──────────────────────────────────────────────────────────────────────────────
  bpt=pentium_m l1da=4 l1d=64 l1ia=4 l1i=64 l2a=8 l2=512 l3a=8 l3=1024 robc=10 robd=10 robw=512   0.0115   1.0180   131.82  1434.20  Unsustainable
  bpt=pentium_m l1da=8 l1d=64 l1ia=4 l1i=64 l2a=8 l2=512 l3a=16 l3=1024 robc=8 robd=10 robw=128   0.0690   1.0175    78.77   464.46  Unsustainable
  bp=1024 bpt=a53 l1da=4 l1d=32 l1ia=8 l1i=64 l2a=8 l2=512 l3a=4 l3=2048 nhist=2 robc=10 robd=8 robw=64   0.8359   1.0162    62.05    44.18  Unsustainable
  bpt=pentium_m l1da=4 l1d=64 l1ia=4 l1i=64 l2a=8 l2=512 l3a=8 l3=1024 robc=10 robd=2 robw=512   1.6805   1.0084    43.49    25.22  Strongly Sust.
  bpt=pentium_m l1da=4 l1d=16 l1ia=8 l1i=16 l2a=4 l2=256 l3a=4 l3=2048 robc=2 robd=2 robw=256   2.4282   0.9933    42.61    17.56  Strongly Sust.
  bpt=pentium_m l1da=4 l1d=16 l1ia=8 l1i=16 l2a=4 l2=256 l3a=4 l3=2048 robc=2 robd=2 robw=64   2.4777   0.9933    42.43    17.23  Strongly Sust.
  bpt=nn l1da=4 l1d=16 l1ia=8 l1i=16 l2a=4 l2=256 l3a=4 l3=2048 nnbl=64 nnlr=0.0005 robc=2 robd=2 robw=64   2.4801   0.9877    42.43    17.21  Strongly Sust.
  bpt=tage l1da=4 l1d=16 l1ia=8 l1i=16 l2a=4 l2=256 l3a=4 l3=2048 robc=2 robd=2 robw=32   2.5100   0.9862    42.37    17.01  Strongly Sust.
  bpt=pentium_m l1da=4 l1d=16 l1ia=8 l1i=16 l2a=4 l2=256 l3a=4 l3=2048 robc=2 robd=2 robw=32   2.5104   0.9857    42.37    17.01  Strongly Sust.
  bpt=nn l1da=4 l1d=16 l1ia=8 l1i=16 l2a=4 l2=256 l3a=4 l3=2048 nnbl=64 nnlr=0.005 robc=2 robd=2 robw=32   2.5235   0.9705    42.37    16.92  Strongly Sust.
  bp=512 bpt=a53 l1da=4 l1d=16 l1ia=8 l1i=16 l2a=4 l2=256 l3a=4 l3=2048 nhist=2 robc=2 robd=2 robw=16   2.5546   0.9649    42.28    16.73  Strongly Sust.
  bpt=nn l1da=4 l1d=16 l1ia=8 l1i=16 l2a=4 l2=256 l3a=4 l3=2048 nnbl=64 nnlr=0.005 robc=2 robd=2 robw=16   2.5689   0.9508    42.28    16.63  Strongly Sust.
  Ran sniper 1 time this iteration (52 total).

=== Iteration 47 ===
  Evaluating 1 configuration(s) (top acquisition score of 400 candidates)...
  [mesmo] bp=512 bpt=a53 l1da=8 l1d=16 l1ia=4 l1i=32 l2a=8 l2=512 l3a=4 l3=8192 nhist=4 robc=8 robd=4 robw=512  ASI= 0.2382  S=1.0146  A= 104.89  P=102.32  [Unsustainable]  [ML2=1.06x, CCl=1.00x, MIP=1.00x, EI=1.00x]
  Deleted 1 non-Pareto output directory.

  Pareto front after iteration 47 (12 points, HV=2.5817):
  Params                                  ASI  Speedup     Area  PeakPow  Region
  ──────────────────────────────────────────────────────────────────────────────
  bpt=pentium_m l1da=4 l1d=64 l1ia=4 l1i=64 l2a=8 l2=512 l3a=8 l3=1024 robc=10 robd=10 robw=512   0.0115   1.0180   131.82  1434.20  Unsustainable
  bpt=pentium_m l1da=8 l1d=64 l1ia=4 l1i=64 l2a=8 l2=512 l3a=16 l3=1024 robc=8 robd=10 robw=128   0.0690   1.0175    78.77   464.46  Unsustainable
  bp=1024 bpt=a53 l1da=4 l1d=32 l1ia=8 l1i=64 l2a=8 l2=512 l3a=4 l3=2048 nhist=2 robc=10 robd=8 robw=64   0.8359   1.0162    62.05    44.18  Unsustainable
  bpt=pentium_m l1da=4 l1d=64 l1ia=4 l1i=64 l2a=8 l2=512 l3a=8 l3=1024 robc=10 robd=2 robw=512   1.6805   1.0084    43.49    25.22  Strongly Sust.
  bpt=pentium_m l1da=4 l1d=16 l1ia=8 l1i=16 l2a=4 l2=256 l3a=4 l3=2048 robc=2 robd=2 robw=256   2.4282   0.9933    42.61    17.56  Strongly Sust.
  bpt=pentium_m l1da=4 l1d=16 l1ia=8 l1i=16 l2a=4 l2=256 l3a=4 l3=2048 robc=2 robd=2 robw=64   2.4777   0.9933    42.43    17.23  Strongly Sust.
  bpt=nn l1da=4 l1d=16 l1ia=8 l1i=16 l2a=4 l2=256 l3a=4 l3=2048 nnbl=64 nnlr=0.0005 robc=2 robd=2 robw=64   2.4801   0.9877    42.43    17.21  Strongly Sust.
  bpt=tage l1da=4 l1d=16 l1ia=8 l1i=16 l2a=4 l2=256 l3a=4 l3=2048 robc=2 robd=2 robw=32   2.5100   0.9862    42.37    17.01  Strongly Sust.
  bpt=pentium_m l1da=4 l1d=16 l1ia=8 l1i=16 l2a=4 l2=256 l3a=4 l3=2048 robc=2 robd=2 robw=32   2.5104   0.9857    42.37    17.01  Strongly Sust.
  bpt=nn l1da=4 l1d=16 l1ia=8 l1i=16 l2a=4 l2=256 l3a=4 l3=2048 nnbl=64 nnlr=0.005 robc=2 robd=2 robw=32   2.5235   0.9705    42.37    16.92  Strongly Sust.
  bp=512 bpt=a53 l1da=4 l1d=16 l1ia=8 l1i=16 l2a=4 l2=256 l3a=4 l3=2048 nhist=2 robc=2 robd=2 robw=16   2.5546   0.9649    42.28    16.73  Strongly Sust.
  bpt=nn l1da=4 l1d=16 l1ia=8 l1i=16 l2a=4 l2=256 l3a=4 l3=2048 nnbl=64 nnlr=0.005 robc=2 robd=2 robw=16   2.5689   0.9508    42.28    16.63  Strongly Sust.
  Ran sniper 1 time this iteration (53 total).

=== Iteration 48 ===
  Evaluating 1 configuration(s) (top acquisition score of 400 candidates)...
  [mesmo] bpt=pentium_m l1da=8 l1d=64 l1ia=8 l1i=64 l2a=4 l2=512 l3a=4 l3=2048 robc=4 robd=4 robw=512  ASI= 0.3667  S=1.0152  A=  64.78  P= 98.54  [Unsustainable]  [ML2=1.06x, CCl=1.00x, MIP=1.00x, EI=1.00x]
  Deleted 1 non-Pareto output directory.

  Pareto front after iteration 48 (12 points, HV=2.5817):
  Params                                  ASI  Speedup     Area  PeakPow  Region
  ──────────────────────────────────────────────────────────────────────────────
  bpt=pentium_m l1da=4 l1d=64 l1ia=4 l1i=64 l2a=8 l2=512 l3a=8 l3=1024 robc=10 robd=10 robw=512   0.0115   1.0180   131.82  1434.20  Unsustainable
  bpt=pentium_m l1da=8 l1d=64 l1ia=4 l1i=64 l2a=8 l2=512 l3a=16 l3=1024 robc=8 robd=10 robw=128   0.0690   1.0175    78.77   464.46  Unsustainable
  bp=1024 bpt=a53 l1da=4 l1d=32 l1ia=8 l1i=64 l2a=8 l2=512 l3a=4 l3=2048 nhist=2 robc=10 robd=8 robw=64   0.8359   1.0162    62.05    44.18  Unsustainable
  bpt=pentium_m l1da=4 l1d=64 l1ia=4 l1i=64 l2a=8 l2=512 l3a=8 l3=1024 robc=10 robd=2 robw=512   1.6805   1.0084    43.49    25.22  Strongly Sust.
  bpt=pentium_m l1da=4 l1d=16 l1ia=8 l1i=16 l2a=4 l2=256 l3a=4 l3=2048 robc=2 robd=2 robw=256   2.4282   0.9933    42.61    17.56  Strongly Sust.
  bpt=pentium_m l1da=4 l1d=16 l1ia=8 l1i=16 l2a=4 l2=256 l3a=4 l3=2048 robc=2 robd=2 robw=64   2.4777   0.9933    42.43    17.23  Strongly Sust.
  bpt=nn l1da=4 l1d=16 l1ia=8 l1i=16 l2a=4 l2=256 l3a=4 l3=2048 nnbl=64 nnlr=0.0005 robc=2 robd=2 robw=64   2.4801   0.9877    42.43    17.21  Strongly Sust.
  bpt=tage l1da=4 l1d=16 l1ia=8 l1i=16 l2a=4 l2=256 l3a=4 l3=2048 robc=2 robd=2 robw=32   2.5100   0.9862    42.37    17.01  Strongly Sust.
  bpt=pentium_m l1da=4 l1d=16 l1ia=8 l1i=16 l2a=4 l2=256 l3a=4 l3=2048 robc=2 robd=2 robw=32   2.5104   0.9857    42.37    17.01  Strongly Sust.
  bpt=nn l1da=4 l1d=16 l1ia=8 l1i=16 l2a=4 l2=256 l3a=4 l3=2048 nnbl=64 nnlr=0.005 robc=2 robd=2 robw=32   2.5235   0.9705    42.37    16.92  Strongly Sust.
  bp=512 bpt=a53 l1da=4 l1d=16 l1ia=8 l1i=16 l2a=4 l2=256 l3a=4 l3=2048 nhist=2 robc=2 robd=2 robw=16   2.5546   0.9649    42.28    16.73  Strongly Sust.
  bpt=nn l1da=4 l1d=16 l1ia=8 l1i=16 l2a=4 l2=256 l3a=4 l3=2048 nnbl=64 nnlr=0.005 robc=2 robd=2 robw=16   2.5689   0.9508    42.28    16.63  Strongly Sust.
  Ran sniper 1 time this iteration (54 total).

=== Iteration 49 ===
  Evaluating 1 configuration(s) (top acquisition score of 400 candidates)...
  [mesmo] bp=1024 bpt=a53 l1da=8 l1d=32 l1ia=4 l1i=16 l2a=8 l2=512 l3a=8 l3=1024 nhist=4 robc=10 robd=2 robw=512  ASI= 1.6021  S=1.0076  A=  46.75  P= 25.85  [Strongly Sust.]  [ML2=1.06x, CCl=1.00x, MIP=0.98x, EI=0.99x]
  Deleted 1 non-Pareto output directory.

  Pareto front after iteration 49 (12 points, HV=2.5817):
  Params                                  ASI  Speedup     Area  PeakPow  Region
  ──────────────────────────────────────────────────────────────────────────────
  bpt=pentium_m l1da=4 l1d=64 l1ia=4 l1i=64 l2a=8 l2=512 l3a=8 l3=1024 robc=10 robd=10 robw=512   0.0115   1.0180   131.82  1434.20  Unsustainable
  bpt=pentium_m l1da=8 l1d=64 l1ia=4 l1i=64 l2a=8 l2=512 l3a=16 l3=1024 robc=8 robd=10 robw=128   0.0690   1.0175    78.77   464.46  Unsustainable
  bp=1024 bpt=a53 l1da=4 l1d=32 l1ia=8 l1i=64 l2a=8 l2=512 l3a=4 l3=2048 nhist=2 robc=10 robd=8 robw=64   0.8359   1.0162    62.05    44.18  Unsustainable
  bpt=pentium_m l1da=4 l1d=64 l1ia=4 l1i=64 l2a=8 l2=512 l3a=8 l3=1024 robc=10 robd=2 robw=512   1.6805   1.0084    43.49    25.22  Strongly Sust.
  bpt=pentium_m l1da=4 l1d=16 l1ia=8 l1i=16 l2a=4 l2=256 l3a=4 l3=2048 robc=2 robd=2 robw=256   2.4282   0.9933    42.61    17.56  Strongly Sust.
  bpt=pentium_m l1da=4 l1d=16 l1ia=8 l1i=16 l2a=4 l2=256 l3a=4 l3=2048 robc=2 robd=2 robw=64   2.4777   0.9933    42.43    17.23  Strongly Sust.
  bpt=nn l1da=4 l1d=16 l1ia=8 l1i=16 l2a=4 l2=256 l3a=4 l3=2048 nnbl=64 nnlr=0.0005 robc=2 robd=2 robw=64   2.4801   0.9877    42.43    17.21  Strongly Sust.
  bpt=tage l1da=4 l1d=16 l1ia=8 l1i=16 l2a=4 l2=256 l3a=4 l3=2048 robc=2 robd=2 robw=32   2.5100   0.9862    42.37    17.01  Strongly Sust.
  bpt=pentium_m l1da=4 l1d=16 l1ia=8 l1i=16 l2a=4 l2=256 l3a=4 l3=2048 robc=2 robd=2 robw=32   2.5104   0.9857    42.37    17.01  Strongly Sust.
  bpt=nn l1da=4 l1d=16 l1ia=8 l1i=16 l2a=4 l2=256 l3a=4 l3=2048 nnbl=64 nnlr=0.005 robc=2 robd=2 robw=32   2.5235   0.9705    42.37    16.92  Strongly Sust.
  bp=512 bpt=a53 l1da=4 l1d=16 l1ia=8 l1i=16 l2a=4 l2=256 l3a=4 l3=2048 nhist=2 robc=2 robd=2 robw=16   2.5546   0.9649    42.28    16.73  Strongly Sust.
  bpt=nn l1da=4 l1d=16 l1ia=8 l1i=16 l2a=4 l2=256 l3a=4 l3=2048 nnbl=64 nnlr=0.005 robc=2 robd=2 robw=16   2.5689   0.9508    42.28    16.63  Strongly Sust.
  Ran sniper 1 time this iteration (55 total).

=== Iteration 50 ===
  Evaluating 1 configuration(s) (top acquisition score of 400 candidates)...
  [mesmo] bpt=nn l1da=4 l1d=16 l1ia=8 l1i=16 l2a=4 l2=256 l3a=4 l3=2048 nnbl=16 nnlr=0.0005 robc=2 robd=2 robw=16  ASI= 2.5854  S=0.9363  A=  42.28  P= 16.53  [Strongly Sust.]  [ML2=1.00x, CCl=0.94x, MIP=0.95x, EI=0.86x]

  Pareto front after iteration 50 (13 points, HV=2.5972):
  Params                                  ASI  Speedup     Area  PeakPow  Region
  ──────────────────────────────────────────────────────────────────────────────
  bpt=pentium_m l1da=4 l1d=64 l1ia=4 l1i=64 l2a=8 l2=512 l3a=8 l3=1024 robc=10 robd=10 robw=512   0.0115   1.0180   131.82  1434.20  Unsustainable
  bpt=pentium_m l1da=8 l1d=64 l1ia=4 l1i=64 l2a=8 l2=512 l3a=16 l3=1024 robc=8 robd=10 robw=128   0.0690   1.0175    78.77   464.46  Unsustainable
  bp=1024 bpt=a53 l1da=4 l1d=32 l1ia=8 l1i=64 l2a=8 l2=512 l3a=4 l3=2048 nhist=2 robc=10 robd=8 robw=64   0.8359   1.0162    62.05    44.18  Unsustainable
  bpt=pentium_m l1da=4 l1d=64 l1ia=4 l1i=64 l2a=8 l2=512 l3a=8 l3=1024 robc=10 robd=2 robw=512   1.6805   1.0084    43.49    25.22  Strongly Sust.
  bpt=pentium_m l1da=4 l1d=16 l1ia=8 l1i=16 l2a=4 l2=256 l3a=4 l3=2048 robc=2 robd=2 robw=256   2.4282   0.9933    42.61    17.56  Strongly Sust.
  bpt=pentium_m l1da=4 l1d=16 l1ia=8 l1i=16 l2a=4 l2=256 l3a=4 l3=2048 robc=2 robd=2 robw=64   2.4777   0.9933    42.43    17.23  Strongly Sust.
  bpt=nn l1da=4 l1d=16 l1ia=8 l1i=16 l2a=4 l2=256 l3a=4 l3=2048 nnbl=64 nnlr=0.0005 robc=2 robd=2 robw=64   2.4801   0.9877    42.43    17.21  Strongly Sust.
  bpt=tage l1da=4 l1d=16 l1ia=8 l1i=16 l2a=4 l2=256 l3a=4 l3=2048 robc=2 robd=2 robw=32   2.5100   0.9862    42.37    17.01  Strongly Sust.
  bpt=pentium_m l1da=4 l1d=16 l1ia=8 l1i=16 l2a=4 l2=256 l3a=4 l3=2048 robc=2 robd=2 robw=32   2.5104   0.9857    42.37    17.01  Strongly Sust.
  bpt=nn l1da=4 l1d=16 l1ia=8 l1i=16 l2a=4 l2=256 l3a=4 l3=2048 nnbl=64 nnlr=0.005 robc=2 robd=2 robw=32   2.5235   0.9705    42.37    16.92  Strongly Sust.
  bp=512 bpt=a53 l1da=4 l1d=16 l1ia=8 l1i=16 l2a=4 l2=256 l3a=4 l3=2048 nhist=2 robc=2 robd=2 robw=16   2.5546   0.9649    42.28    16.73  Strongly Sust.
  bpt=nn l1da=4 l1d=16 l1ia=8 l1i=16 l2a=4 l2=256 l3a=4 l3=2048 nnbl=64 nnlr=0.005 robc=2 robd=2 robw=16   2.5689   0.9508    42.28    16.63  Strongly Sust.
  bpt=nn l1da=4 l1d=16 l1ia=8 l1i=16 l2a=4 l2=256 l3a=4 l3=2048 nnbl=16 nnlr=0.0005 robc=2 robd=2 robw=16   2.5854   0.9363    42.28    16.53  Strongly Sust.
  Ran sniper 1 time this iteration (56 total).

=== Iteration 51 ===
  Evaluating 1 configuration(s) (top acquisition score of 400 candidates)...
  [mesmo] bp=1024 bpt=a53 l1da=4 l1d=16 l1ia=8 l1i=16 l2a=4 l2=256 l3a=4 l3=2048 nhist=4 robc=2 robd=2 robw=16  ASI= 2.5507  S=0.9705  A=  42.28  P= 16.75  [Strongly Sust.]  [ML2=1.00x, CCl=0.98x, MIP=0.95x, EI=0.96x]

  Pareto front after iteration 51 (14 points, HV=2.5973):
  Params                                  ASI  Speedup     Area  PeakPow  Region
  ──────────────────────────────────────────────────────────────────────────────
  bpt=pentium_m l1da=4 l1d=64 l1ia=4 l1i=64 l2a=8 l2=512 l3a=8 l3=1024 robc=10 robd=10 robw=512   0.0115   1.0180   131.82  1434.20  Unsustainable
  bpt=pentium_m l1da=8 l1d=64 l1ia=4 l1i=64 l2a=8 l2=512 l3a=16 l3=1024 robc=8 robd=10 robw=128   0.0690   1.0175    78.77   464.46  Unsustainable
  bp=1024 bpt=a53 l1da=4 l1d=32 l1ia=8 l1i=64 l2a=8 l2=512 l3a=4 l3=2048 nhist=2 robc=10 robd=8 robw=64   0.8359   1.0162    62.05    44.18  Unsustainable
  bpt=pentium_m l1da=4 l1d=64 l1ia=4 l1i=64 l2a=8 l2=512 l3a=8 l3=1024 robc=10 robd=2 robw=512   1.6805   1.0084    43.49    25.22  Strongly Sust.
  bpt=pentium_m l1da=4 l1d=16 l1ia=8 l1i=16 l2a=4 l2=256 l3a=4 l3=2048 robc=2 robd=2 robw=256   2.4282   0.9933    42.61    17.56  Strongly Sust.
  bpt=pentium_m l1da=4 l1d=16 l1ia=8 l1i=16 l2a=4 l2=256 l3a=4 l3=2048 robc=2 robd=2 robw=64   2.4777   0.9933    42.43    17.23  Strongly Sust.
  bpt=nn l1da=4 l1d=16 l1ia=8 l1i=16 l2a=4 l2=256 l3a=4 l3=2048 nnbl=64 nnlr=0.0005 robc=2 robd=2 robw=64   2.4801   0.9877    42.43    17.21  Strongly Sust.
  bpt=tage l1da=4 l1d=16 l1ia=8 l1i=16 l2a=4 l2=256 l3a=4 l3=2048 robc=2 robd=2 robw=32   2.5100   0.9862    42.37    17.01  Strongly Sust.
  bpt=pentium_m l1da=4 l1d=16 l1ia=8 l1i=16 l2a=4 l2=256 l3a=4 l3=2048 robc=2 robd=2 robw=32   2.5104   0.9857    42.37    17.01  Strongly Sust.
  bpt=nn l1da=4 l1d=16 l1ia=8 l1i=16 l2a=4 l2=256 l3a=4 l3=2048 nnbl=64 nnlr=0.005 robc=2 robd=2 robw=32   2.5235   0.9705    42.37    16.92  Strongly Sust.
  bp=1024 bpt=a53 l1da=4 l1d=16 l1ia=8 l1i=16 l2a=4 l2=256 l3a=4 l3=2048 nhist=4 robc=2 robd=2 robw=16   2.5507   0.9705    42.28    16.75  Strongly Sust.
  bp=512 bpt=a53 l1da=4 l1d=16 l1ia=8 l1i=16 l2a=4 l2=256 l3a=4 l3=2048 nhist=2 robc=2 robd=2 robw=16   2.5546   0.9649    42.28    16.73  Strongly Sust.
  bpt=nn l1da=4 l1d=16 l1ia=8 l1i=16 l2a=4 l2=256 l3a=4 l3=2048 nnbl=64 nnlr=0.005 robc=2 robd=2 robw=16   2.5689   0.9508    42.28    16.63  Strongly Sust.
  bpt=nn l1da=4 l1d=16 l1ia=8 l1i=16 l2a=4 l2=256 l3a=4 l3=2048 nnbl=16 nnlr=0.0005 robc=2 robd=2 robw=16   2.5854   0.9363    42.28    16.53  Strongly Sust.
  Ran sniper 1 time this iteration (57 total).

=== Iteration 52 ===
  Evaluating 1 configuration(s) (top acquisition score of 400 candidates)...
  [mesmo] bpt=pentium_m l1da=8 l1d=32 l1ia=4 l1i=16 l2a=8 l2=512 l3a=4 l3=1024 robc=8 robd=10 robw=64  ASI= 0.6048  S=1.0169  A=  63.13  P= 60.55  [Unsustainable]  [ML2=1.06x, CCl=1.00x, MIP=1.01x, EI=1.00x]

  Pareto front after iteration 52 (15 points, HV=2.5977):
  Params                                  ASI  Speedup     Area  PeakPow  Region
  ──────────────────────────────────────────────────────────────────────────────
  bpt=pentium_m l1da=4 l1d=64 l1ia=4 l1i=64 l2a=8 l2=512 l3a=8 l3=1024 robc=10 robd=10 robw=512   0.0115   1.0180   131.82  1434.20  Unsustainable
  bpt=pentium_m l1da=8 l1d=64 l1ia=4 l1i=64 l2a=8 l2=512 l3a=16 l3=1024 robc=8 robd=10 robw=128   0.0690   1.0175    78.77   464.46  Unsustainable
  bpt=pentium_m l1da=8 l1d=32 l1ia=4 l1i=16 l2a=8 l2=512 l3a=4 l3=1024 robc=8 robd=10 robw=64   0.6048   1.0169    63.13    60.55  Unsustainable
  bp=1024 bpt=a53 l1da=4 l1d=32 l1ia=8 l1i=64 l2a=8 l2=512 l3a=4 l3=2048 nhist=2 robc=10 robd=8 robw=64   0.8359   1.0162    62.05    44.18  Unsustainable
  bpt=pentium_m l1da=4 l1d=64 l1ia=4 l1i=64 l2a=8 l2=512 l3a=8 l3=1024 robc=10 robd=2 robw=512   1.6805   1.0084    43.49    25.22  Strongly Sust.
  bpt=pentium_m l1da=4 l1d=16 l1ia=8 l1i=16 l2a=4 l2=256 l3a=4 l3=2048 robc=2 robd=2 robw=256   2.4282   0.9933    42.61    17.56  Strongly Sust.
  bpt=pentium_m l1da=4 l1d=16 l1ia=8 l1i=16 l2a=4 l2=256 l3a=4 l3=2048 robc=2 robd=2 robw=64   2.4777   0.9933    42.43    17.23  Strongly Sust.
  bpt=nn l1da=4 l1d=16 l1ia=8 l1i=16 l2a=4 l2=256 l3a=4 l3=2048 nnbl=64 nnlr=0.0005 robc=2 robd=2 robw=64   2.4801   0.9877    42.43    17.21  Strongly Sust.
  bpt=tage l1da=4 l1d=16 l1ia=8 l1i=16 l2a=4 l2=256 l3a=4 l3=2048 robc=2 robd=2 robw=32   2.5100   0.9862    42.37    17.01  Strongly Sust.
  bpt=pentium_m l1da=4 l1d=16 l1ia=8 l1i=16 l2a=4 l2=256 l3a=4 l3=2048 robc=2 robd=2 robw=32   2.5104   0.9857    42.37    17.01  Strongly Sust.
  bpt=nn l1da=4 l1d=16 l1ia=8 l1i=16 l2a=4 l2=256 l3a=4 l3=2048 nnbl=64 nnlr=0.005 robc=2 robd=2 robw=32   2.5235   0.9705    42.37    16.92  Strongly Sust.
  bp=1024 bpt=a53 l1da=4 l1d=16 l1ia=8 l1i=16 l2a=4 l2=256 l3a=4 l3=2048 nhist=4 robc=2 robd=2 robw=16   2.5507   0.9705    42.28    16.75  Strongly Sust.
  bp=512 bpt=a53 l1da=4 l1d=16 l1ia=8 l1i=16 l2a=4 l2=256 l3a=4 l3=2048 nhist=2 robc=2 robd=2 robw=16   2.5546   0.9649    42.28    16.73  Strongly Sust.
  bpt=nn l1da=4 l1d=16 l1ia=8 l1i=16 l2a=4 l2=256 l3a=4 l3=2048 nnbl=64 nnlr=0.005 robc=2 robd=2 robw=16   2.5689   0.9508    42.28    16.63  Strongly Sust.
  bpt=nn l1da=4 l1d=16 l1ia=8 l1i=16 l2a=4 l2=256 l3a=4 l3=2048 nnbl=16 nnlr=0.0005 robc=2 robd=2 robw=16   2.5854   0.9363    42.28    16.53  Strongly Sust.
  Ran sniper 1 time this iteration (58 total).

=== Iteration 53 ===
  Evaluating 1 configuration(s) (top acquisition score of 400 candidates)...
  [mesmo] bp=1024 bpt=a53 l1da=4 l1d=32 l1ia=8 l1i=64 l2a=8 l2=512 l3a=4 l3=2048 nhist=2 robc=8 robd=8 robw=64  ASI= 0.8359  S=1.0162  A=  62.05  P= 44.18  [Unsustainable]  [ML2=1.06x, CCl=1.00x, MIP=1.01x, EI=1.00x]

  Pareto front after iteration 53 (16 points, HV=2.5977):
  Params                                  ASI  Speedup     Area  PeakPow  Region
  ──────────────────────────────────────────────────────────────────────────────
  bpt=pentium_m l1da=4 l1d=64 l1ia=4 l1i=64 l2a=8 l2=512 l3a=8 l3=1024 robc=10 robd=10 robw=512   0.0115   1.0180   131.82  1434.20  Unsustainable
  bpt=pentium_m l1da=8 l1d=64 l1ia=4 l1i=64 l2a=8 l2=512 l3a=16 l3=1024 robc=8 robd=10 robw=128   0.0690   1.0175    78.77   464.46  Unsustainable
  bpt=pentium_m l1da=8 l1d=32 l1ia=4 l1i=16 l2a=8 l2=512 l3a=4 l3=1024 robc=8 robd=10 robw=64   0.6048   1.0169    63.13    60.55  Unsustainable
  bp=1024 bpt=a53 l1da=4 l1d=32 l1ia=8 l1i=64 l2a=8 l2=512 l3a=4 l3=2048 nhist=2 robc=8 robd=8 robw=64   0.8359   1.0162    62.05    44.18  Unsustainable
  bp=1024 bpt=a53 l1da=4 l1d=32 l1ia=8 l1i=64 l2a=8 l2=512 l3a=4 l3=2048 nhist=2 robc=10 robd=8 robw=64   0.8359   1.0162    62.05    44.18  Unsustainable
  bpt=pentium_m l1da=4 l1d=64 l1ia=4 l1i=64 l2a=8 l2=512 l3a=8 l3=1024 robc=10 robd=2 robw=512   1.6805   1.0084    43.49    25.22  Strongly Sust.
  bpt=pentium_m l1da=4 l1d=16 l1ia=8 l1i=16 l2a=4 l2=256 l3a=4 l3=2048 robc=2 robd=2 robw=256   2.4282   0.9933    42.61    17.56  Strongly Sust.
  bpt=pentium_m l1da=4 l1d=16 l1ia=8 l1i=16 l2a=4 l2=256 l3a=4 l3=2048 robc=2 robd=2 robw=64   2.4777   0.9933    42.43    17.23  Strongly Sust.
  bpt=nn l1da=4 l1d=16 l1ia=8 l1i=16 l2a=4 l2=256 l3a=4 l3=2048 nnbl=64 nnlr=0.0005 robc=2 robd=2 robw=64   2.4801   0.9877    42.43    17.21  Strongly Sust.
  bpt=tage l1da=4 l1d=16 l1ia=8 l1i=16 l2a=4 l2=256 l3a=4 l3=2048 robc=2 robd=2 robw=32   2.5100   0.9862    42.37    17.01  Strongly Sust.
  bpt=pentium_m l1da=4 l1d=16 l1ia=8 l1i=16 l2a=4 l2=256 l3a=4 l3=2048 robc=2 robd=2 robw=32   2.5104   0.9857    42.37    17.01  Strongly Sust.
  bpt=nn l1da=4 l1d=16 l1ia=8 l1i=16 l2a=4 l2=256 l3a=4 l3=2048 nnbl=64 nnlr=0.005 robc=2 robd=2 robw=32   2.5235   0.9705    42.37    16.92  Strongly Sust.
  bp=1024 bpt=a53 l1da=4 l1d=16 l1ia=8 l1i=16 l2a=4 l2=256 l3a=4 l3=2048 nhist=4 robc=2 robd=2 robw=16   2.5507   0.9705    42.28    16.75  Strongly Sust.
  bp=512 bpt=a53 l1da=4 l1d=16 l1ia=8 l1i=16 l2a=4 l2=256 l3a=4 l3=2048 nhist=2 robc=2 robd=2 robw=16   2.5546   0.9649    42.28    16.73  Strongly Sust.
  bpt=nn l1da=4 l1d=16 l1ia=8 l1i=16 l2a=4 l2=256 l3a=4 l3=2048 nnbl=64 nnlr=0.005 robc=2 robd=2 robw=16   2.5689   0.9508    42.28    16.63  Strongly Sust.
  bpt=nn l1da=4 l1d=16 l1ia=8 l1i=16 l2a=4 l2=256 l3a=4 l3=2048 nnbl=16 nnlr=0.0005 robc=2 robd=2 robw=16   2.5854   0.9363    42.28    16.53  Strongly Sust.
  Ran sniper 1 time this iteration (59 total).

=== Iteration 54 ===
  Evaluating 1 configuration(s) (top acquisition score of 400 candidates)...
  [mesmo] bpt=nn l1da=4 l1d=16 l1ia=8 l1i=16 l2a=8 l2=256 l3a=4 l3=2048 nnbl=64 nnlr=0.0005 robc=2 robd=2 robw=64  ASI= 2.4694  S=0.9875  A=  42.97  P= 17.22  [Strongly Sust.]  [ML2=0.98x, CCl=1.00x, MIP=0.98x, EI=0.99x]
  Deleted 1 non-Pareto output directory.

  Pareto front after iteration 54 (16 points, HV=2.5977):
  Params                                  ASI  Speedup     Area  PeakPow  Region
  ──────────────────────────────────────────────────────────────────────────────
  bpt=pentium_m l1da=4 l1d=64 l1ia=4 l1i=64 l2a=8 l2=512 l3a=8 l3=1024 robc=10 robd=10 robw=512   0.0115   1.0180   131.82  1434.20  Unsustainable
  bpt=pentium_m l1da=8 l1d=64 l1ia=4 l1i=64 l2a=8 l2=512 l3a=16 l3=1024 robc=8 robd=10 robw=128   0.0690   1.0175    78.77   464.46  Unsustainable
  bpt=pentium_m l1da=8 l1d=32 l1ia=4 l1i=16 l2a=8 l2=512 l3a=4 l3=1024 robc=8 robd=10 robw=64   0.6048   1.0169    63.13    60.55  Unsustainable
  bp=1024 bpt=a53 l1da=4 l1d=32 l1ia=8 l1i=64 l2a=8 l2=512 l3a=4 l3=2048 nhist=2 robc=8 robd=8 robw=64   0.8359   1.0162    62.05    44.18  Unsustainable
  bp=1024 bpt=a53 l1da=4 l1d=32 l1ia=8 l1i=64 l2a=8 l2=512 l3a=4 l3=2048 nhist=2 robc=10 robd=8 robw=64   0.8359   1.0162    62.05    44.18  Unsustainable
  bpt=pentium_m l1da=4 l1d=64 l1ia=4 l1i=64 l2a=8 l2=512 l3a=8 l3=1024 robc=10 robd=2 robw=512   1.6805   1.0084    43.49    25.22  Strongly Sust.
  bpt=pentium_m l1da=4 l1d=16 l1ia=8 l1i=16 l2a=4 l2=256 l3a=4 l3=2048 robc=2 robd=2 robw=256   2.4282   0.9933    42.61    17.56  Strongly Sust.
  bpt=pentium_m l1da=4 l1d=16 l1ia=8 l1i=16 l2a=4 l2=256 l3a=4 l3=2048 robc=2 robd=2 robw=64   2.4777   0.9933    42.43    17.23  Strongly Sust.
  bpt=nn l1da=4 l1d=16 l1ia=8 l1i=16 l2a=4 l2=256 l3a=4 l3=2048 nnbl=64 nnlr=0.0005 robc=2 robd=2 robw=64   2.4801   0.9877    42.43    17.21  Strongly Sust.
  bpt=tage l1da=4 l1d=16 l1ia=8 l1i=16 l2a=4 l2=256 l3a=4 l3=2048 robc=2 robd=2 robw=32   2.5100   0.9862    42.37    17.01  Strongly Sust.
  bpt=pentium_m l1da=4 l1d=16 l1ia=8 l1i=16 l2a=4 l2=256 l3a=4 l3=2048 robc=2 robd=2 robw=32   2.5104   0.9857    42.37    17.01  Strongly Sust.
  bpt=nn l1da=4 l1d=16 l1ia=8 l1i=16 l2a=4 l2=256 l3a=4 l3=2048 nnbl=64 nnlr=0.005 robc=2 robd=2 robw=32   2.5235   0.9705    42.37    16.92  Strongly Sust.
  bp=1024 bpt=a53 l1da=4 l1d=16 l1ia=8 l1i=16 l2a=4 l2=256 l3a=4 l3=2048 nhist=4 robc=2 robd=2 robw=16   2.5507   0.9705    42.28    16.75  Strongly Sust.
  bp=512 bpt=a53 l1da=4 l1d=16 l1ia=8 l1i=16 l2a=4 l2=256 l3a=4 l3=2048 nhist=2 robc=2 robd=2 robw=16   2.5546   0.9649    42.28    16.73  Strongly Sust.
  bpt=nn l1da=4 l1d=16 l1ia=8 l1i=16 l2a=4 l2=256 l3a=4 l3=2048 nnbl=64 nnlr=0.005 robc=2 robd=2 robw=16   2.5689   0.9508    42.28    16.63  Strongly Sust.
  bpt=nn l1da=4 l1d=16 l1ia=8 l1i=16 l2a=4 l2=256 l3a=4 l3=2048 nnbl=16 nnlr=0.0005 robc=2 robd=2 robw=16   2.5854   0.9363    42.28    16.53  Strongly Sust.
  Ran sniper 1 time this iteration (60 total).

=== Iteration 55 ===
  Evaluating 1 configuration(s) (top acquisition score of 400 candidates)...
  [mesmo] bpt=nn l1da=4 l1d=32 l1ia=8 l1i=16 l2a=4 l2=256 l3a=4 l3=2048 nnbl=64 nnlr=0.0005 robc=4 robd=2 robw=16  ASI= 2.5798  S=0.9291  A=  42.48  P= 16.54  [Strongly Sust.]  [ML2=1.00x, CCl=0.92x, MIP=0.95x, EI=0.86x]
  Deleted 1 non-Pareto output directory.

  Pareto front after iteration 55 (16 points, HV=2.5977):
  Params                                  ASI  Speedup     Area  PeakPow  Region
  ──────────────────────────────────────────────────────────────────────────────
  bpt=pentium_m l1da=4 l1d=64 l1ia=4 l1i=64 l2a=8 l2=512 l3a=8 l3=1024 robc=10 robd=10 robw=512   0.0115   1.0180   131.82  1434.20  Unsustainable
  bpt=pentium_m l1da=8 l1d=64 l1ia=4 l1i=64 l2a=8 l2=512 l3a=16 l3=1024 robc=8 robd=10 robw=128   0.0690   1.0175    78.77   464.46  Unsustainable
  bpt=pentium_m l1da=8 l1d=32 l1ia=4 l1i=16 l2a=8 l2=512 l3a=4 l3=1024 robc=8 robd=10 robw=64   0.6048   1.0169    63.13    60.55  Unsustainable
  bp=1024 bpt=a53 l1da=4 l1d=32 l1ia=8 l1i=64 l2a=8 l2=512 l3a=4 l3=2048 nhist=2 robc=8 robd=8 robw=64   0.8359   1.0162    62.05    44.18  Unsustainable
  bp=1024 bpt=a53 l1da=4 l1d=32 l1ia=8 l1i=64 l2a=8 l2=512 l3a=4 l3=2048 nhist=2 robc=10 robd=8 robw=64   0.8359   1.0162    62.05    44.18  Unsustainable
  bpt=pentium_m l1da=4 l1d=64 l1ia=4 l1i=64 l2a=8 l2=512 l3a=8 l3=1024 robc=10 robd=2 robw=512   1.6805   1.0084    43.49    25.22  Strongly Sust.
  bpt=pentium_m l1da=4 l1d=16 l1ia=8 l1i=16 l2a=4 l2=256 l3a=4 l3=2048 robc=2 robd=2 robw=256   2.4282   0.9933    42.61    17.56  Strongly Sust.
  bpt=pentium_m l1da=4 l1d=16 l1ia=8 l1i=16 l2a=4 l2=256 l3a=4 l3=2048 robc=2 robd=2 robw=64   2.4777   0.9933    42.43    17.23  Strongly Sust.
  bpt=nn l1da=4 l1d=16 l1ia=8 l1i=16 l2a=4 l2=256 l3a=4 l3=2048 nnbl=64 nnlr=0.0005 robc=2 robd=2 robw=64   2.4801   0.9877    42.43    17.21  Strongly Sust.
  bpt=tage l1da=4 l1d=16 l1ia=8 l1i=16 l2a=4 l2=256 l3a=4 l3=2048 robc=2 robd=2 robw=32   2.5100   0.9862    42.37    17.01  Strongly Sust.
  bpt=pentium_m l1da=4 l1d=16 l1ia=8 l1i=16 l2a=4 l2=256 l3a=4 l3=2048 robc=2 robd=2 robw=32   2.5104   0.9857    42.37    17.01  Strongly Sust.
  bpt=nn l1da=4 l1d=16 l1ia=8 l1i=16 l2a=4 l2=256 l3a=4 l3=2048 nnbl=64 nnlr=0.005 robc=2 robd=2 robw=32   2.5235   0.9705    42.37    16.92  Strongly Sust.
  bp=1024 bpt=a53 l1da=4 l1d=16 l1ia=8 l1i=16 l2a=4 l2=256 l3a=4 l3=2048 nhist=4 robc=2 robd=2 robw=16   2.5507   0.9705    42.28    16.75  Strongly Sust.
  bp=512 bpt=a53 l1da=4 l1d=16 l1ia=8 l1i=16 l2a=4 l2=256 l3a=4 l3=2048 nhist=2 robc=2 robd=2 robw=16   2.5546   0.9649    42.28    16.73  Strongly Sust.
  bpt=nn l1da=4 l1d=16 l1ia=8 l1i=16 l2a=4 l2=256 l3a=4 l3=2048 nnbl=64 nnlr=0.005 robc=2 robd=2 robw=16   2.5689   0.9508    42.28    16.63  Strongly Sust.
  bpt=nn l1da=4 l1d=16 l1ia=8 l1i=16 l2a=4 l2=256 l3a=4 l3=2048 nnbl=16 nnlr=0.0005 robc=2 robd=2 robw=16   2.5854   0.9363    42.28    16.53  Strongly Sust.
  Ran sniper 1 time this iteration (61 total).

=== Iteration 56 ===
  Evaluating 1 configuration(s) (top acquisition score of 400 candidates)...
  [mesmo] bp=2048 bpt=a53 l1da=8 l1d=64 l1ia=4 l1i=32 l2a=8 l2=512 l3a=16 l3=2048 nhist=4 robc=2 robd=8 robw=64  ASI= 0.8177  S=1.0139  A=  64.60  P= 44.25  [Unsustainable]  [ML2=1.06x, CCl=1.00x, MIP=1.01x, EI=0.99x]
  Deleted 1 non-Pareto output directory.

  Pareto front after iteration 56 (16 points, HV=2.5977):
  Params                                  ASI  Speedup     Area  PeakPow  Region
  ──────────────────────────────────────────────────────────────────────────────
  bpt=pentium_m l1da=4 l1d=64 l1ia=4 l1i=64 l2a=8 l2=512 l3a=8 l3=1024 robc=10 robd=10 robw=512   0.0115   1.0180   131.82  1434.20  Unsustainable
  bpt=pentium_m l1da=8 l1d=64 l1ia=4 l1i=64 l2a=8 l2=512 l3a=16 l3=1024 robc=8 robd=10 robw=128   0.0690   1.0175    78.77   464.46  Unsustainable
  bpt=pentium_m l1da=8 l1d=32 l1ia=4 l1i=16 l2a=8 l2=512 l3a=4 l3=1024 robc=8 robd=10 robw=64   0.6048   1.0169    63.13    60.55  Unsustainable
  bp=1024 bpt=a53 l1da=4 l1d=32 l1ia=8 l1i=64 l2a=8 l2=512 l3a=4 l3=2048 nhist=2 robc=8 robd=8 robw=64   0.8359   1.0162    62.05    44.18  Unsustainable
  bp=1024 bpt=a53 l1da=4 l1d=32 l1ia=8 l1i=64 l2a=8 l2=512 l3a=4 l3=2048 nhist=2 robc=10 robd=8 robw=64   0.8359   1.0162    62.05    44.18  Unsustainable
  bpt=pentium_m l1da=4 l1d=64 l1ia=4 l1i=64 l2a=8 l2=512 l3a=8 l3=1024 robc=10 robd=2 robw=512   1.6805   1.0084    43.49    25.22  Strongly Sust.
  bpt=pentium_m l1da=4 l1d=16 l1ia=8 l1i=16 l2a=4 l2=256 l3a=4 l3=2048 robc=2 robd=2 robw=256   2.4282   0.9933    42.61    17.56  Strongly Sust.
  bpt=pentium_m l1da=4 l1d=16 l1ia=8 l1i=16 l2a=4 l2=256 l3a=4 l3=2048 robc=2 robd=2 robw=64   2.4777   0.9933    42.43    17.23  Strongly Sust.
  bpt=nn l1da=4 l1d=16 l1ia=8 l1i=16 l2a=4 l2=256 l3a=4 l3=2048 nnbl=64 nnlr=0.0005 robc=2 robd=2 robw=64   2.4801   0.9877    42.43    17.21  Strongly Sust.
  bpt=tage l1da=4 l1d=16 l1ia=8 l1i=16 l2a=4 l2=256 l3a=4 l3=2048 robc=2 robd=2 robw=32   2.5100   0.9862    42.37    17.01  Strongly Sust.
  bpt=pentium_m l1da=4 l1d=16 l1ia=8 l1i=16 l2a=4 l2=256 l3a=4 l3=2048 robc=2 robd=2 robw=32   2.5104   0.9857    42.37    17.01  Strongly Sust.
  bpt=nn l1da=4 l1d=16 l1ia=8 l1i=16 l2a=4 l2=256 l3a=4 l3=2048 nnbl=64 nnlr=0.005 robc=2 robd=2 robw=32   2.5235   0.9705    42.37    16.92  Strongly Sust.
  bp=1024 bpt=a53 l1da=4 l1d=16 l1ia=8 l1i=16 l2a=4 l2=256 l3a=4 l3=2048 nhist=4 robc=2 robd=2 robw=16   2.5507   0.9705    42.28    16.75  Strongly Sust.
  bp=512 bpt=a53 l1da=4 l1d=16 l1ia=8 l1i=16 l2a=4 l2=256 l3a=4 l3=2048 nhist=2 robc=2 robd=2 robw=16   2.5546   0.9649    42.28    16.73  Strongly Sust.
  bpt=nn l1da=4 l1d=16 l1ia=8 l1i=16 l2a=4 l2=256 l3a=4 l3=2048 nnbl=64 nnlr=0.005 robc=2 robd=2 robw=16   2.5689   0.9508    42.28    16.63  Strongly Sust.
  bpt=nn l1da=4 l1d=16 l1ia=8 l1i=16 l2a=4 l2=256 l3a=4 l3=2048 nnbl=16 nnlr=0.0005 robc=2 robd=2 robw=16   2.5854   0.9363    42.28    16.53  Strongly Sust.
  Ran sniper 1 time this iteration (62 total).

=== Iteration 57 ===
  Evaluating 1 configuration(s) (top acquisition score of 400 candidates)...
  [mesmo] bp=512 bpt=a53 l1da=8 l1d=16 l1ia=4 l1i=16 l2a=8 l2=512 l3a=4 l3=2048 nhist=2 robc=10 robd=10 robw=64  ASI= 0.5706  S=1.0164  A=  68.96  P= 61.18  [Unsustainable]  [ML2=1.06x, CCl=1.00x, MIP=1.01x, EI=1.00x]
  Deleted 1 non-Pareto output directory.

  Pareto front after iteration 57 (16 points, HV=2.5977):
  Params                                  ASI  Speedup     Area  PeakPow  Region
  ──────────────────────────────────────────────────────────────────────────────
  bpt=pentium_m l1da=4 l1d=64 l1ia=4 l1i=64 l2a=8 l2=512 l3a=8 l3=1024 robc=10 robd=10 robw=512   0.0115   1.0180   131.82  1434.20  Unsustainable
  bpt=pentium_m l1da=8 l1d=64 l1ia=4 l1i=64 l2a=8 l2=512 l3a=16 l3=1024 robc=8 robd=10 robw=128   0.0690   1.0175    78.77   464.46  Unsustainable
  bpt=pentium_m l1da=8 l1d=32 l1ia=4 l1i=16 l2a=8 l2=512 l3a=4 l3=1024 robc=8 robd=10 robw=64   0.6048   1.0169    63.13    60.55  Unsustainable
  bp=1024 bpt=a53 l1da=4 l1d=32 l1ia=8 l1i=64 l2a=8 l2=512 l3a=4 l3=2048 nhist=2 robc=8 robd=8 robw=64   0.8359   1.0162    62.05    44.18  Unsustainable
  bp=1024 bpt=a53 l1da=4 l1d=32 l1ia=8 l1i=64 l2a=8 l2=512 l3a=4 l3=2048 nhist=2 robc=10 robd=8 robw=64   0.8359   1.0162    62.05    44.18  Unsustainable
  bpt=pentium_m l1da=4 l1d=64 l1ia=4 l1i=64 l2a=8 l2=512 l3a=8 l3=1024 robc=10 robd=2 robw=512   1.6805   1.0084    43.49    25.22  Strongly Sust.
  bpt=pentium_m l1da=4 l1d=16 l1ia=8 l1i=16 l2a=4 l2=256 l3a=4 l3=2048 robc=2 robd=2 robw=256   2.4282   0.9933    42.61    17.56  Strongly Sust.
  bpt=pentium_m l1da=4 l1d=16 l1ia=8 l1i=16 l2a=4 l2=256 l3a=4 l3=2048 robc=2 robd=2 robw=64   2.4777   0.9933    42.43    17.23  Strongly Sust.
  bpt=nn l1da=4 l1d=16 l1ia=8 l1i=16 l2a=4 l2=256 l3a=4 l3=2048 nnbl=64 nnlr=0.0005 robc=2 robd=2 robw=64   2.4801   0.9877    42.43    17.21  Strongly Sust.
  bpt=tage l1da=4 l1d=16 l1ia=8 l1i=16 l2a=4 l2=256 l3a=4 l3=2048 robc=2 robd=2 robw=32   2.5100   0.9862    42.37    17.01  Strongly Sust.
  bpt=pentium_m l1da=4 l1d=16 l1ia=8 l1i=16 l2a=4 l2=256 l3a=4 l3=2048 robc=2 robd=2 robw=32   2.5104   0.9857    42.37    17.01  Strongly Sust.
  bpt=nn l1da=4 l1d=16 l1ia=8 l1i=16 l2a=4 l2=256 l3a=4 l3=2048 nnbl=64 nnlr=0.005 robc=2 robd=2 robw=32   2.5235   0.9705    42.37    16.92  Strongly Sust.
  bp=1024 bpt=a53 l1da=4 l1d=16 l1ia=8 l1i=16 l2a=4 l2=256 l3a=4 l3=2048 nhist=4 robc=2 robd=2 robw=16   2.5507   0.9705    42.28    16.75  Strongly Sust.
  bp=512 bpt=a53 l1da=4 l1d=16 l1ia=8 l1i=16 l2a=4 l2=256 l3a=4 l3=2048 nhist=2 robc=2 robd=2 robw=16   2.5546   0.9649    42.28    16.73  Strongly Sust.
  bpt=nn l1da=4 l1d=16 l1ia=8 l1i=16 l2a=4 l2=256 l3a=4 l3=2048 nnbl=64 nnlr=0.005 robc=2 robd=2 robw=16   2.5689   0.9508    42.28    16.63  Strongly Sust.
  bpt=nn l1da=4 l1d=16 l1ia=8 l1i=16 l2a=4 l2=256 l3a=4 l3=2048 nnbl=16 nnlr=0.0005 robc=2 robd=2 robw=16   2.5854   0.9363    42.28    16.53  Strongly Sust.
  Ran sniper 1 time this iteration (63 total).

=== Iteration 58 ===
  Evaluating 1 configuration(s) (top acquisition score of 400 candidates)...
  [mesmo] bp=512 bpt=a53 l1da=4 l1d=32 l1ia=8 l1i=64 l2a=8 l2=512 l3a=4 l3=2048 nhist=4 robc=10 robd=8 robw=64  ASI= 0.8359  S=1.0163  A=  62.05  P= 44.18  [Unsustainable]  [ML2=1.06x, CCl=1.00x, MIP=1.01x, EI=1.00x]

  Pareto front after iteration 58 (17 points, HV=2.5977):
  Params                                  ASI  Speedup     Area  PeakPow  Region
  ──────────────────────────────────────────────────────────────────────────────
  bpt=pentium_m l1da=4 l1d=64 l1ia=4 l1i=64 l2a=8 l2=512 l3a=8 l3=1024 robc=10 robd=10 robw=512   0.0115   1.0180   131.82  1434.20  Unsustainable
  bpt=pentium_m l1da=8 l1d=64 l1ia=4 l1i=64 l2a=8 l2=512 l3a=16 l3=1024 robc=8 robd=10 robw=128   0.0690   1.0175    78.77   464.46  Unsustainable
  bpt=pentium_m l1da=8 l1d=32 l1ia=4 l1i=16 l2a=8 l2=512 l3a=4 l3=1024 robc=8 robd=10 robw=64   0.6048   1.0169    63.13    60.55  Unsustainable
  bp=512 bpt=a53 l1da=4 l1d=32 l1ia=8 l1i=64 l2a=8 l2=512 l3a=4 l3=2048 nhist=4 robc=10 robd=8 robw=64   0.8359   1.0163    62.05    44.18  Unsustainable
  bp=1024 bpt=a53 l1da=4 l1d=32 l1ia=8 l1i=64 l2a=8 l2=512 l3a=4 l3=2048 nhist=2 robc=8 robd=8 robw=64   0.8359   1.0162    62.05    44.18  Unsustainable
  bp=1024 bpt=a53 l1da=4 l1d=32 l1ia=8 l1i=64 l2a=8 l2=512 l3a=4 l3=2048 nhist=2 robc=10 robd=8 robw=64   0.8359   1.0162    62.05    44.18  Unsustainable
  bpt=pentium_m l1da=4 l1d=64 l1ia=4 l1i=64 l2a=8 l2=512 l3a=8 l3=1024 robc=10 robd=2 robw=512   1.6805   1.0084    43.49    25.22  Strongly Sust.
  bpt=pentium_m l1da=4 l1d=16 l1ia=8 l1i=16 l2a=4 l2=256 l3a=4 l3=2048 robc=2 robd=2 robw=256   2.4282   0.9933    42.61    17.56  Strongly Sust.
  bpt=pentium_m l1da=4 l1d=16 l1ia=8 l1i=16 l2a=4 l2=256 l3a=4 l3=2048 robc=2 robd=2 robw=64   2.4777   0.9933    42.43    17.23  Strongly Sust.
  bpt=nn l1da=4 l1d=16 l1ia=8 l1i=16 l2a=4 l2=256 l3a=4 l3=2048 nnbl=64 nnlr=0.0005 robc=2 robd=2 robw=64   2.4801   0.9877    42.43    17.21  Strongly Sust.
  bpt=tage l1da=4 l1d=16 l1ia=8 l1i=16 l2a=4 l2=256 l3a=4 l3=2048 robc=2 robd=2 robw=32   2.5100   0.9862    42.37    17.01  Strongly Sust.
  bpt=pentium_m l1da=4 l1d=16 l1ia=8 l1i=16 l2a=4 l2=256 l3a=4 l3=2048 robc=2 robd=2 robw=32   2.5104   0.9857    42.37    17.01  Strongly Sust.
  bpt=nn l1da=4 l1d=16 l1ia=8 l1i=16 l2a=4 l2=256 l3a=4 l3=2048 nnbl=64 nnlr=0.005 robc=2 robd=2 robw=32   2.5235   0.9705    42.37    16.92  Strongly Sust.
  bp=1024 bpt=a53 l1da=4 l1d=16 l1ia=8 l1i=16 l2a=4 l2=256 l3a=4 l3=2048 nhist=4 robc=2 robd=2 robw=16   2.5507   0.9705    42.28    16.75  Strongly Sust.
  bp=512 bpt=a53 l1da=4 l1d=16 l1ia=8 l1i=16 l2a=4 l2=256 l3a=4 l3=2048 nhist=2 robc=2 robd=2 robw=16   2.5546   0.9649    42.28    16.73  Strongly Sust.
  bpt=nn l1da=4 l1d=16 l1ia=8 l1i=16 l2a=4 l2=256 l3a=4 l3=2048 nnbl=64 nnlr=0.005 robc=2 robd=2 robw=16   2.5689   0.9508    42.28    16.63  Strongly Sust.
  bpt=nn l1da=4 l1d=16 l1ia=8 l1i=16 l2a=4 l2=256 l3a=4 l3=2048 nnbl=16 nnlr=0.0005 robc=2 robd=2 robw=16   2.5854   0.9363    42.28    16.53  Strongly Sust.
  Ran sniper 1 time this iteration (64 total).

=== Iteration 59 ===
  Evaluating 1 configuration(s) (top acquisition score of 400 candidates)...
  [mesmo] bpt=nn l1da=4 l1d=32 l1ia=8 l1i=16 l2a=4 l2=256 l3a=4 l3=2048 nnbl=16 nnlr=0.0005 robc=2 robd=2 robw=16  ASI= 2.5418  S=0.9669  A=  42.48  P= 16.79  [Strongly Sust.]  [ML2=0.99x, CCl=0.97x, MIP=0.95x, EI=0.96x]
  Deleted 1 non-Pareto output directory.

  Pareto front after iteration 59 (17 points, HV=2.5977):
  Params                                  ASI  Speedup     Area  PeakPow  Region
  ──────────────────────────────────────────────────────────────────────────────
  bpt=pentium_m l1da=4 l1d=64 l1ia=4 l1i=64 l2a=8 l2=512 l3a=8 l3=1024 robc=10 robd=10 robw=512   0.0115   1.0180   131.82  1434.20  Unsustainable
  bpt=pentium_m l1da=8 l1d=64 l1ia=4 l1i=64 l2a=8 l2=512 l3a=16 l3=1024 robc=8 robd=10 robw=128   0.0690   1.0175    78.77   464.46  Unsustainable
  bpt=pentium_m l1da=8 l1d=32 l1ia=4 l1i=16 l2a=8 l2=512 l3a=4 l3=1024 robc=8 robd=10 robw=64   0.6048   1.0169    63.13    60.55  Unsustainable
  bp=512 bpt=a53 l1da=4 l1d=32 l1ia=8 l1i=64 l2a=8 l2=512 l3a=4 l3=2048 nhist=4 robc=10 robd=8 robw=64   0.8359   1.0163    62.05    44.18  Unsustainable
  bp=1024 bpt=a53 l1da=4 l1d=32 l1ia=8 l1i=64 l2a=8 l2=512 l3a=4 l3=2048 nhist=2 robc=8 robd=8 robw=64   0.8359   1.0162    62.05    44.18  Unsustainable
  bp=1024 bpt=a53 l1da=4 l1d=32 l1ia=8 l1i=64 l2a=8 l2=512 l3a=4 l3=2048 nhist=2 robc=10 robd=8 robw=64   0.8359   1.0162    62.05    44.18  Unsustainable
  bpt=pentium_m l1da=4 l1d=64 l1ia=4 l1i=64 l2a=8 l2=512 l3a=8 l3=1024 robc=10 robd=2 robw=512   1.6805   1.0084    43.49    25.22  Strongly Sust.
  bpt=pentium_m l1da=4 l1d=16 l1ia=8 l1i=16 l2a=4 l2=256 l3a=4 l3=2048 robc=2 robd=2 robw=256   2.4282   0.9933    42.61    17.56  Strongly Sust.
  bpt=pentium_m l1da=4 l1d=16 l1ia=8 l1i=16 l2a=4 l2=256 l3a=4 l3=2048 robc=2 robd=2 robw=64   2.4777   0.9933    42.43    17.23  Strongly Sust.
  bpt=nn l1da=4 l1d=16 l1ia=8 l1i=16 l2a=4 l2=256 l3a=4 l3=2048 nnbl=64 nnlr=0.0005 robc=2 robd=2 robw=64   2.4801   0.9877    42.43    17.21  Strongly Sust.
  bpt=tage l1da=4 l1d=16 l1ia=8 l1i=16 l2a=4 l2=256 l3a=4 l3=2048 robc=2 robd=2 robw=32   2.5100   0.9862    42.37    17.01  Strongly Sust.
  bpt=pentium_m l1da=4 l1d=16 l1ia=8 l1i=16 l2a=4 l2=256 l3a=4 l3=2048 robc=2 robd=2 robw=32   2.5104   0.9857    42.37    17.01  Strongly Sust.
  bpt=nn l1da=4 l1d=16 l1ia=8 l1i=16 l2a=4 l2=256 l3a=4 l3=2048 nnbl=64 nnlr=0.005 robc=2 robd=2 robw=32   2.5235   0.9705    42.37    16.92  Strongly Sust.
  bp=1024 bpt=a53 l1da=4 l1d=16 l1ia=8 l1i=16 l2a=4 l2=256 l3a=4 l3=2048 nhist=4 robc=2 robd=2 robw=16   2.5507   0.9705    42.28    16.75  Strongly Sust.
  bp=512 bpt=a53 l1da=4 l1d=16 l1ia=8 l1i=16 l2a=4 l2=256 l3a=4 l3=2048 nhist=2 robc=2 robd=2 robw=16   2.5546   0.9649    42.28    16.73  Strongly Sust.
  bpt=nn l1da=4 l1d=16 l1ia=8 l1i=16 l2a=4 l2=256 l3a=4 l3=2048 nnbl=64 nnlr=0.005 robc=2 robd=2 robw=16   2.5689   0.9508    42.28    16.63  Strongly Sust.
  bpt=nn l1da=4 l1d=16 l1ia=8 l1i=16 l2a=4 l2=256 l3a=4 l3=2048 nnbl=16 nnlr=0.0005 robc=2 robd=2 robw=16   2.5854   0.9363    42.28    16.53  Strongly Sust.
  Ran sniper 1 time this iteration (65 total).

=== Iteration 60 ===
  Evaluating 1 configuration(s) (top acquisition score of 400 candidates)...
  [mesmo] bpt=nn l1da=4 l1d=16 l1ia=8 l1i=16 l2a=4 l2=256 l3a=4 l3=2048 nnbl=64 nnlr=0.005 robc=8 robd=2 robw=32  ASI= 2.5341  S=0.9605  A=  42.37  P= 16.85  [Strongly Sust.]  [ML2=1.00x, CCl=0.96x, MIP=0.97x, EI=0.92x]
  Deleted 1 non-Pareto output directory.

  Pareto front after iteration 60 (17 points, HV=2.5977):
  Params                                  ASI  Speedup     Area  PeakPow  Region
  ──────────────────────────────────────────────────────────────────────────────
  bpt=pentium_m l1da=4 l1d=64 l1ia=4 l1i=64 l2a=8 l2=512 l3a=8 l3=1024 robc=10 robd=10 robw=512   0.0115   1.0180   131.82  1434.20  Unsustainable
  bpt=pentium_m l1da=8 l1d=64 l1ia=4 l1i=64 l2a=8 l2=512 l3a=16 l3=1024 robc=8 robd=10 robw=128   0.0690   1.0175    78.77   464.46  Unsustainable
  bpt=pentium_m l1da=8 l1d=32 l1ia=4 l1i=16 l2a=8 l2=512 l3a=4 l3=1024 robc=8 robd=10 robw=64   0.6048   1.0169    63.13    60.55  Unsustainable
  bp=512 bpt=a53 l1da=4 l1d=32 l1ia=8 l1i=64 l2a=8 l2=512 l3a=4 l3=2048 nhist=4 robc=10 robd=8 robw=64   0.8359   1.0163    62.05    44.18  Unsustainable
  bp=1024 bpt=a53 l1da=4 l1d=32 l1ia=8 l1i=64 l2a=8 l2=512 l3a=4 l3=2048 nhist=2 robc=8 robd=8 robw=64   0.8359   1.0162    62.05    44.18  Unsustainable
  bp=1024 bpt=a53 l1da=4 l1d=32 l1ia=8 l1i=64 l2a=8 l2=512 l3a=4 l3=2048 nhist=2 robc=10 robd=8 robw=64   0.8359   1.0162    62.05    44.18  Unsustainable
  bpt=pentium_m l1da=4 l1d=64 l1ia=4 l1i=64 l2a=8 l2=512 l3a=8 l3=1024 robc=10 robd=2 robw=512   1.6805   1.0084    43.49    25.22  Strongly Sust.
  bpt=pentium_m l1da=4 l1d=16 l1ia=8 l1i=16 l2a=4 l2=256 l3a=4 l3=2048 robc=2 robd=2 robw=256   2.4282   0.9933    42.61    17.56  Strongly Sust.
  bpt=pentium_m l1da=4 l1d=16 l1ia=8 l1i=16 l2a=4 l2=256 l3a=4 l3=2048 robc=2 robd=2 robw=64   2.4777   0.9933    42.43    17.23  Strongly Sust.
  bpt=nn l1da=4 l1d=16 l1ia=8 l1i=16 l2a=4 l2=256 l3a=4 l3=2048 nnbl=64 nnlr=0.0005 robc=2 robd=2 robw=64   2.4801   0.9877    42.43    17.21  Strongly Sust.
  bpt=tage l1da=4 l1d=16 l1ia=8 l1i=16 l2a=4 l2=256 l3a=4 l3=2048 robc=2 robd=2 robw=32   2.5100   0.9862    42.37    17.01  Strongly Sust.
  bpt=pentium_m l1da=4 l1d=16 l1ia=8 l1i=16 l2a=4 l2=256 l3a=4 l3=2048 robc=2 robd=2 robw=32   2.5104   0.9857    42.37    17.01  Strongly Sust.
  bpt=nn l1da=4 l1d=16 l1ia=8 l1i=16 l2a=4 l2=256 l3a=4 l3=2048 nnbl=64 nnlr=0.005 robc=2 robd=2 robw=32   2.5235   0.9705    42.37    16.92  Strongly Sust.
  bp=1024 bpt=a53 l1da=4 l1d=16 l1ia=8 l1i=16 l2a=4 l2=256 l3a=4 l3=2048 nhist=4 robc=2 robd=2 robw=16   2.5507   0.9705    42.28    16.75  Strongly Sust.
  bp=512 bpt=a53 l1da=4 l1d=16 l1ia=8 l1i=16 l2a=4 l2=256 l3a=4 l3=2048 nhist=2 robc=2 robd=2 robw=16   2.5546   0.9649    42.28    16.73  Strongly Sust.
  bpt=nn l1da=4 l1d=16 l1ia=8 l1i=16 l2a=4 l2=256 l3a=4 l3=2048 nnbl=64 nnlr=0.005 robc=2 robd=2 robw=16   2.5689   0.9508    42.28    16.63  Strongly Sust.
  bpt=nn l1da=4 l1d=16 l1ia=8 l1i=16 l2a=4 l2=256 l3a=4 l3=2048 nnbl=16 nnlr=0.0005 robc=2 robd=2 robw=16   2.5854   0.9363    42.28    16.53  Strongly Sust.
  Ran sniper 1 time this iteration (66 total).

=== Iteration 61 ===
  Evaluating 1 configuration(s) (top acquisition score of 400 candidates)...
  [mesmo] bpt=pentium_m l1da=8 l1d=64 l1ia=8 l1i=64 l2a=8 l2=512 l3a=8 l3=2048 robc=2 robd=10 robw=512  ASI= 0.0092  S=1.0153  A= 142.89  P=1436.42  [Unsustainable]  [ML2=1.06x, CCl=1.00x, MIP=1.01x, EI=0.99x]
  Deleted 1 non-Pareto output directory.

  Pareto front after iteration 61 (17 points, HV=2.5977):
  Params                                  ASI  Speedup     Area  PeakPow  Region
  ──────────────────────────────────────────────────────────────────────────────
  bpt=pentium_m l1da=4 l1d=64 l1ia=4 l1i=64 l2a=8 l2=512 l3a=8 l3=1024 robc=10 robd=10 robw=512   0.0115   1.0180   131.82  1434.20  Unsustainable
  bpt=pentium_m l1da=8 l1d=64 l1ia=4 l1i=64 l2a=8 l2=512 l3a=16 l3=1024 robc=8 robd=10 robw=128   0.0690   1.0175    78.77   464.46  Unsustainable
  bpt=pentium_m l1da=8 l1d=32 l1ia=4 l1i=16 l2a=8 l2=512 l3a=4 l3=1024 robc=8 robd=10 robw=64   0.6048   1.0169    63.13    60.55  Unsustainable
  bp=512 bpt=a53 l1da=4 l1d=32 l1ia=8 l1i=64 l2a=8 l2=512 l3a=4 l3=2048 nhist=4 robc=10 robd=8 robw=64   0.8359   1.0163    62.05    44.18  Unsustainable
  bp=1024 bpt=a53 l1da=4 l1d=32 l1ia=8 l1i=64 l2a=8 l2=512 l3a=4 l3=2048 nhist=2 robc=8 robd=8 robw=64   0.8359   1.0162    62.05    44.18  Unsustainable
  bp=1024 bpt=a53 l1da=4 l1d=32 l1ia=8 l1i=64 l2a=8 l2=512 l3a=4 l3=2048 nhist=2 robc=10 robd=8 robw=64   0.8359   1.0162    62.05    44.18  Unsustainable
  bpt=pentium_m l1da=4 l1d=64 l1ia=4 l1i=64 l2a=8 l2=512 l3a=8 l3=1024 robc=10 robd=2 robw=512   1.6805   1.0084    43.49    25.22  Strongly Sust.
  bpt=pentium_m l1da=4 l1d=16 l1ia=8 l1i=16 l2a=4 l2=256 l3a=4 l3=2048 robc=2 robd=2 robw=256   2.4282   0.9933    42.61    17.56  Strongly Sust.
  bpt=pentium_m l1da=4 l1d=16 l1ia=8 l1i=16 l2a=4 l2=256 l3a=4 l3=2048 robc=2 robd=2 robw=64   2.4777   0.9933    42.43    17.23  Strongly Sust.
  bpt=nn l1da=4 l1d=16 l1ia=8 l1i=16 l2a=4 l2=256 l3a=4 l3=2048 nnbl=64 nnlr=0.0005 robc=2 robd=2 robw=64   2.4801   0.9877    42.43    17.21  Strongly Sust.
  bpt=tage l1da=4 l1d=16 l1ia=8 l1i=16 l2a=4 l2=256 l3a=4 l3=2048 robc=2 robd=2 robw=32   2.5100   0.9862    42.37    17.01  Strongly Sust.
  bpt=pentium_m l1da=4 l1d=16 l1ia=8 l1i=16 l2a=4 l2=256 l3a=4 l3=2048 robc=2 robd=2 robw=32   2.5104   0.9857    42.37    17.01  Strongly Sust.
  bpt=nn l1da=4 l1d=16 l1ia=8 l1i=16 l2a=4 l2=256 l3a=4 l3=2048 nnbl=64 nnlr=0.005 robc=2 robd=2 robw=32   2.5235   0.9705    42.37    16.92  Strongly Sust.
  bp=1024 bpt=a53 l1da=4 l1d=16 l1ia=8 l1i=16 l2a=4 l2=256 l3a=4 l3=2048 nhist=4 robc=2 robd=2 robw=16   2.5507   0.9705    42.28    16.75  Strongly Sust.
  bp=512 bpt=a53 l1da=4 l1d=16 l1ia=8 l1i=16 l2a=4 l2=256 l3a=4 l3=2048 nhist=2 robc=2 robd=2 robw=16   2.5546   0.9649    42.28    16.73  Strongly Sust.
  bpt=nn l1da=4 l1d=16 l1ia=8 l1i=16 l2a=4 l2=256 l3a=4 l3=2048 nnbl=64 nnlr=0.005 robc=2 robd=2 robw=16   2.5689   0.9508    42.28    16.63  Strongly Sust.
  bpt=nn l1da=4 l1d=16 l1ia=8 l1i=16 l2a=4 l2=256 l3a=4 l3=2048 nnbl=16 nnlr=0.0005 robc=2 robd=2 robw=16   2.5854   0.9363    42.28    16.53  Strongly Sust.
  Ran sniper 1 time this iteration (67 total).

=== Iteration 62 ===
  Evaluating 1 configuration(s) (top acquisition score of 400 candidates)...
  [mesmo] bpt=pentium_m l1da=4 l1d=64 l1ia=4 l1i=64 l2a=8 l2=512 l3a=4 l3=4096 robc=8 robd=8 robw=1024  ASI= 0.0034  S=1.0177  A= 174.09  P=1191.06  [Unsustainable]  [ML2=1.06x, CCl=1.00x, MIP=1.01x, EI=1.00x]
  Deleted 1 non-Pareto output directory.

  Pareto front after iteration 62 (17 points, HV=2.5977):
  Params                                  ASI  Speedup     Area  PeakPow  Region
  ──────────────────────────────────────────────────────────────────────────────
  bpt=pentium_m l1da=4 l1d=64 l1ia=4 l1i=64 l2a=8 l2=512 l3a=8 l3=1024 robc=10 robd=10 robw=512   0.0115   1.0180   131.82  1434.20  Unsustainable
  bpt=pentium_m l1da=8 l1d=64 l1ia=4 l1i=64 l2a=8 l2=512 l3a=16 l3=1024 robc=8 robd=10 robw=128   0.0690   1.0175    78.77   464.46  Unsustainable
  bpt=pentium_m l1da=8 l1d=32 l1ia=4 l1i=16 l2a=8 l2=512 l3a=4 l3=1024 robc=8 robd=10 robw=64   0.6048   1.0169    63.13    60.55  Unsustainable
  bp=512 bpt=a53 l1da=4 l1d=32 l1ia=8 l1i=64 l2a=8 l2=512 l3a=4 l3=2048 nhist=4 robc=10 robd=8 robw=64   0.8359   1.0163    62.05    44.18  Unsustainable
  bp=1024 bpt=a53 l1da=4 l1d=32 l1ia=8 l1i=64 l2a=8 l2=512 l3a=4 l3=2048 nhist=2 robc=8 robd=8 robw=64   0.8359   1.0162    62.05    44.18  Unsustainable
  bp=1024 bpt=a53 l1da=4 l1d=32 l1ia=8 l1i=64 l2a=8 l2=512 l3a=4 l3=2048 nhist=2 robc=10 robd=8 robw=64   0.8359   1.0162    62.05    44.18  Unsustainable
  bpt=pentium_m l1da=4 l1d=64 l1ia=4 l1i=64 l2a=8 l2=512 l3a=8 l3=1024 robc=10 robd=2 robw=512   1.6805   1.0084    43.49    25.22  Strongly Sust.
  bpt=pentium_m l1da=4 l1d=16 l1ia=8 l1i=16 l2a=4 l2=256 l3a=4 l3=2048 robc=2 robd=2 robw=256   2.4282   0.9933    42.61    17.56  Strongly Sust.
  bpt=pentium_m l1da=4 l1d=16 l1ia=8 l1i=16 l2a=4 l2=256 l3a=4 l3=2048 robc=2 robd=2 robw=64   2.4777   0.9933    42.43    17.23  Strongly Sust.
  bpt=nn l1da=4 l1d=16 l1ia=8 l1i=16 l2a=4 l2=256 l3a=4 l3=2048 nnbl=64 nnlr=0.0005 robc=2 robd=2 robw=64   2.4801   0.9877    42.43    17.21  Strongly Sust.
  bpt=tage l1da=4 l1d=16 l1ia=8 l1i=16 l2a=4 l2=256 l3a=4 l3=2048 robc=2 robd=2 robw=32   2.5100   0.9862    42.37    17.01  Strongly Sust.
  bpt=pentium_m l1da=4 l1d=16 l1ia=8 l1i=16 l2a=4 l2=256 l3a=4 l3=2048 robc=2 robd=2 robw=32   2.5104   0.9857    42.37    17.01  Strongly Sust.
  bpt=nn l1da=4 l1d=16 l1ia=8 l1i=16 l2a=4 l2=256 l3a=4 l3=2048 nnbl=64 nnlr=0.005 robc=2 robd=2 robw=32   2.5235   0.9705    42.37    16.92  Strongly Sust.
  bp=1024 bpt=a53 l1da=4 l1d=16 l1ia=8 l1i=16 l2a=4 l2=256 l3a=4 l3=2048 nhist=4 robc=2 robd=2 robw=16   2.5507   0.9705    42.28    16.75  Strongly Sust.
  bp=512 bpt=a53 l1da=4 l1d=16 l1ia=8 l1i=16 l2a=4 l2=256 l3a=4 l3=2048 nhist=2 robc=2 robd=2 robw=16   2.5546   0.9649    42.28    16.73  Strongly Sust.
  bpt=nn l1da=4 l1d=16 l1ia=8 l1i=16 l2a=4 l2=256 l3a=4 l3=2048 nnbl=64 nnlr=0.005 robc=2 robd=2 robw=16   2.5689   0.9508    42.28    16.63  Strongly Sust.
  bpt=nn l1da=4 l1d=16 l1ia=8 l1i=16 l2a=4 l2=256 l3a=4 l3=2048 nnbl=16 nnlr=0.0005 robc=2 robd=2 robw=16   2.5854   0.9363    42.28    16.53  Strongly Sust.
  Ran sniper 1 time this iteration (68 total).

=== Iteration 63 ===
  Evaluating 1 configuration(s) (top acquisition score of 400 candidates)...
  [mesmo] bp=512 bpt=a53 l1da=8 l1d=32 l1ia=4 l1i=64 l2a=4 l2=512 l3a=8 l3=2048 nhist=4 robc=8 robd=4 robw=32  ASI= 1.7095  S=1.0028  A=  53.88  P= 23.01  [Strongly Sust.]  [ML2=1.06x, CCl=0.99x, MIP=0.97x, EI=0.99x]

  Pareto front after iteration 63 (18 points, HV=2.5980):
  Params                                  ASI  Speedup     Area  PeakPow  Region
  ──────────────────────────────────────────────────────────────────────────────
  bpt=pentium_m l1da=4 l1d=64 l1ia=4 l1i=64 l2a=8 l2=512 l3a=8 l3=1024 robc=10 robd=10 robw=512   0.0115   1.0180   131.82  1434.20  Unsustainable
  bpt=pentium_m l1da=8 l1d=64 l1ia=4 l1i=64 l2a=8 l2=512 l3a=16 l3=1024 robc=8 robd=10 robw=128   0.0690   1.0175    78.77   464.46  Unsustainable
  bpt=pentium_m l1da=8 l1d=32 l1ia=4 l1i=16 l2a=8 l2=512 l3a=4 l3=1024 robc=8 robd=10 robw=64   0.6048   1.0169    63.13    60.55  Unsustainable
  bp=512 bpt=a53 l1da=4 l1d=32 l1ia=8 l1i=64 l2a=8 l2=512 l3a=4 l3=2048 nhist=4 robc=10 robd=8 robw=64   0.8359   1.0163    62.05    44.18  Unsustainable
  bp=1024 bpt=a53 l1da=4 l1d=32 l1ia=8 l1i=64 l2a=8 l2=512 l3a=4 l3=2048 nhist=2 robc=8 robd=8 robw=64   0.8359   1.0162    62.05    44.18  Unsustainable
  bp=1024 bpt=a53 l1da=4 l1d=32 l1ia=8 l1i=64 l2a=8 l2=512 l3a=4 l3=2048 nhist=2 robc=10 robd=8 robw=64   0.8359   1.0162    62.05    44.18  Unsustainable
  bpt=pentium_m l1da=4 l1d=64 l1ia=4 l1i=64 l2a=8 l2=512 l3a=8 l3=1024 robc=10 robd=2 robw=512   1.6805   1.0084    43.49    25.22  Strongly Sust.
  bp=512 bpt=a53 l1da=8 l1d=32 l1ia=4 l1i=64 l2a=4 l2=512 l3a=8 l3=2048 nhist=4 robc=8 robd=4 robw=32   1.7095   1.0028    53.88    23.01  Strongly Sust.
  bpt=pentium_m l1da=4 l1d=16 l1ia=8 l1i=16 l2a=4 l2=256 l3a=4 l3=2048 robc=2 robd=2 robw=256   2.4282   0.9933    42.61    17.56  Strongly Sust.
  bpt=pentium_m l1da=4 l1d=16 l1ia=8 l1i=16 l2a=4 l2=256 l3a=4 l3=2048 robc=2 robd=2 robw=64   2.4777   0.9933    42.43    17.23  Strongly Sust.
  bpt=nn l1da=4 l1d=16 l1ia=8 l1i=16 l2a=4 l2=256 l3a=4 l3=2048 nnbl=64 nnlr=0.0005 robc=2 robd=2 robw=64   2.4801   0.9877    42.43    17.21  Strongly Sust.
  bpt=tage l1da=4 l1d=16 l1ia=8 l1i=16 l2a=4 l2=256 l3a=4 l3=2048 robc=2 robd=2 robw=32   2.5100   0.9862    42.37    17.01  Strongly Sust.
  bpt=pentium_m l1da=4 l1d=16 l1ia=8 l1i=16 l2a=4 l2=256 l3a=4 l3=2048 robc=2 robd=2 robw=32   2.5104   0.9857    42.37    17.01  Strongly Sust.
  bpt=nn l1da=4 l1d=16 l1ia=8 l1i=16 l2a=4 l2=256 l3a=4 l3=2048 nnbl=64 nnlr=0.005 robc=2 robd=2 robw=32   2.5235   0.9705    42.37    16.92  Strongly Sust.
  bp=1024 bpt=a53 l1da=4 l1d=16 l1ia=8 l1i=16 l2a=4 l2=256 l3a=4 l3=2048 nhist=4 robc=2 robd=2 robw=16   2.5507   0.9705    42.28    16.75  Strongly Sust.
  bp=512 bpt=a53 l1da=4 l1d=16 l1ia=8 l1i=16 l2a=4 l2=256 l3a=4 l3=2048 nhist=2 robc=2 robd=2 robw=16   2.5546   0.9649    42.28    16.73  Strongly Sust.
  bpt=nn l1da=4 l1d=16 l1ia=8 l1i=16 l2a=4 l2=256 l3a=4 l3=2048 nnbl=64 nnlr=0.005 robc=2 robd=2 robw=16   2.5689   0.9508    42.28    16.63  Strongly Sust.
  bpt=nn l1da=4 l1d=16 l1ia=8 l1i=16 l2a=4 l2=256 l3a=4 l3=2048 nnbl=16 nnlr=0.0005 robc=2 robd=2 robw=16   2.5854   0.9363    42.28    16.53  Strongly Sust.
  Ran sniper 1 time this iteration (69 total).

=== Iteration 64 ===
  Evaluating 1 configuration(s) (top acquisition score of 400 candidates)...
  [mesmo] bp=1024 bpt=a53 l1da=8 l1d=32 l1ia=4 l1i=32 l2a=8 l2=512 l3a=16 l3=8192 nhist=2 robc=4 robd=4 robw=256  ASI= 0.4039  S=1.0144  A= 102.72  P= 61.92  [Unsustainable]  [ML2=1.06x, CCl=1.00x, MIP=1.00x, EI=1.00x]
  Deleted 1 non-Pareto output directory.

  Pareto front after iteration 64 (18 points, HV=2.5980):
  Params                                  ASI  Speedup     Area  PeakPow  Region
  ──────────────────────────────────────────────────────────────────────────────
  bpt=pentium_m l1da=4 l1d=64 l1ia=4 l1i=64 l2a=8 l2=512 l3a=8 l3=1024 robc=10 robd=10 robw=512   0.0115   1.0180   131.82  1434.20  Unsustainable
  bpt=pentium_m l1da=8 l1d=64 l1ia=4 l1i=64 l2a=8 l2=512 l3a=16 l3=1024 robc=8 robd=10 robw=128   0.0690   1.0175    78.77   464.46  Unsustainable
  bpt=pentium_m l1da=8 l1d=32 l1ia=4 l1i=16 l2a=8 l2=512 l3a=4 l3=1024 robc=8 robd=10 robw=64   0.6048   1.0169    63.13    60.55  Unsustainable
  bp=512 bpt=a53 l1da=4 l1d=32 l1ia=8 l1i=64 l2a=8 l2=512 l3a=4 l3=2048 nhist=4 robc=10 robd=8 robw=64   0.8359   1.0163    62.05    44.18  Unsustainable
  bp=1024 bpt=a53 l1da=4 l1d=32 l1ia=8 l1i=64 l2a=8 l2=512 l3a=4 l3=2048 nhist=2 robc=8 robd=8 robw=64   0.8359   1.0162    62.05    44.18  Unsustainable
  bp=1024 bpt=a53 l1da=4 l1d=32 l1ia=8 l1i=64 l2a=8 l2=512 l3a=4 l3=2048 nhist=2 robc=10 robd=8 robw=64   0.8359   1.0162    62.05    44.18  Unsustainable
  bpt=pentium_m l1da=4 l1d=64 l1ia=4 l1i=64 l2a=8 l2=512 l3a=8 l3=1024 robc=10 robd=2 robw=512   1.6805   1.0084    43.49    25.22  Strongly Sust.
  bp=512 bpt=a53 l1da=8 l1d=32 l1ia=4 l1i=64 l2a=4 l2=512 l3a=8 l3=2048 nhist=4 robc=8 robd=4 robw=32   1.7095   1.0028    53.88    23.01  Strongly Sust.
  bpt=pentium_m l1da=4 l1d=16 l1ia=8 l1i=16 l2a=4 l2=256 l3a=4 l3=2048 robc=2 robd=2 robw=256   2.4282   0.9933    42.61    17.56  Strongly Sust.
  bpt=pentium_m l1da=4 l1d=16 l1ia=8 l1i=16 l2a=4 l2=256 l3a=4 l3=2048 robc=2 robd=2 robw=64   2.4777   0.9933    42.43    17.23  Strongly Sust.
  bpt=nn l1da=4 l1d=16 l1ia=8 l1i=16 l2a=4 l2=256 l3a=4 l3=2048 nnbl=64 nnlr=0.0005 robc=2 robd=2 robw=64   2.4801   0.9877    42.43    17.21  Strongly Sust.
  bpt=tage l1da=4 l1d=16 l1ia=8 l1i=16 l2a=4 l2=256 l3a=4 l3=2048 robc=2 robd=2 robw=32   2.5100   0.9862    42.37    17.01  Strongly Sust.
  bpt=pentium_m l1da=4 l1d=16 l1ia=8 l1i=16 l2a=4 l2=256 l3a=4 l3=2048 robc=2 robd=2 robw=32   2.5104   0.9857    42.37    17.01  Strongly Sust.
  bpt=nn l1da=4 l1d=16 l1ia=8 l1i=16 l2a=4 l2=256 l3a=4 l3=2048 nnbl=64 nnlr=0.005 robc=2 robd=2 robw=32   2.5235   0.9705    42.37    16.92  Strongly Sust.
  bp=1024 bpt=a53 l1da=4 l1d=16 l1ia=8 l1i=16 l2a=4 l2=256 l3a=4 l3=2048 nhist=4 robc=2 robd=2 robw=16   2.5507   0.9705    42.28    16.75  Strongly Sust.
  bp=512 bpt=a53 l1da=4 l1d=16 l1ia=8 l1i=16 l2a=4 l2=256 l3a=4 l3=2048 nhist=2 robc=2 robd=2 robw=16   2.5546   0.9649    42.28    16.73  Strongly Sust.
  bpt=nn l1da=4 l1d=16 l1ia=8 l1i=16 l2a=4 l2=256 l3a=4 l3=2048 nnbl=64 nnlr=0.005 robc=2 robd=2 robw=16   2.5689   0.9508    42.28    16.63  Strongly Sust.
  bpt=nn l1da=4 l1d=16 l1ia=8 l1i=16 l2a=4 l2=256 l3a=4 l3=2048 nnbl=16 nnlr=0.0005 robc=2 robd=2 robw=16   2.5854   0.9363    42.28    16.53  Strongly Sust.
  Ran sniper 1 time this iteration (70 total).

=== Iteration 65 ===
  Evaluating 1 configuration(s) (top acquisition score of 400 candidates)...
  [mesmo] bpt=tage l1da=4 l1d=32 l1ia=8 l1i=16 l2a=4 l2=512 l3a=4 l3=4096 robc=8 robd=2 robw=16  ASI= 1.9143  S=0.9850  A=  61.59  P= 19.36  [Strongly Sust.]  [ML2=1.06x, CCl=0.98x, MIP=0.95x, EI=0.96x]
  Deleted 1 non-Pareto output directory.

  Pareto front after iteration 65 (18 points, HV=2.5980):
  Params                                  ASI  Speedup     Area  PeakPow  Region
  ──────────────────────────────────────────────────────────────────────────────
  bpt=pentium_m l1da=4 l1d=64 l1ia=4 l1i=64 l2a=8 l2=512 l3a=8 l3=1024 robc=10 robd=10 robw=512   0.0115   1.0180   131.82  1434.20  Unsustainable
  bpt=pentium_m l1da=8 l1d=64 l1ia=4 l1i=64 l2a=8 l2=512 l3a=16 l3=1024 robc=8 robd=10 robw=128   0.0690   1.0175    78.77   464.46  Unsustainable
  bpt=pentium_m l1da=8 l1d=32 l1ia=4 l1i=16 l2a=8 l2=512 l3a=4 l3=1024 robc=8 robd=10 robw=64   0.6048   1.0169    63.13    60.55  Unsustainable
  bp=512 bpt=a53 l1da=4 l1d=32 l1ia=8 l1i=64 l2a=8 l2=512 l3a=4 l3=2048 nhist=4 robc=10 robd=8 robw=64   0.8359   1.0163    62.05    44.18  Unsustainable
  bp=1024 bpt=a53 l1da=4 l1d=32 l1ia=8 l1i=64 l2a=8 l2=512 l3a=4 l3=2048 nhist=2 robc=8 robd=8 robw=64   0.8359   1.0162    62.05    44.18  Unsustainable
  bp=1024 bpt=a53 l1da=4 l1d=32 l1ia=8 l1i=64 l2a=8 l2=512 l3a=4 l3=2048 nhist=2 robc=10 robd=8 robw=64   0.8359   1.0162    62.05    44.18  Unsustainable
  bpt=pentium_m l1da=4 l1d=64 l1ia=4 l1i=64 l2a=8 l2=512 l3a=8 l3=1024 robc=10 robd=2 robw=512   1.6805   1.0084    43.49    25.22  Strongly Sust.
  bp=512 bpt=a53 l1da=8 l1d=32 l1ia=4 l1i=64 l2a=4 l2=512 l3a=8 l3=2048 nhist=4 robc=8 robd=4 robw=32   1.7095   1.0028    53.88    23.01  Strongly Sust.
  bpt=pentium_m l1da=4 l1d=16 l1ia=8 l1i=16 l2a=4 l2=256 l3a=4 l3=2048 robc=2 robd=2 robw=256   2.4282   0.9933    42.61    17.56  Strongly Sust.
  bpt=pentium_m l1da=4 l1d=16 l1ia=8 l1i=16 l2a=4 l2=256 l3a=4 l3=2048 robc=2 robd=2 robw=64   2.4777   0.9933    42.43    17.23  Strongly Sust.
  bpt=nn l1da=4 l1d=16 l1ia=8 l1i=16 l2a=4 l2=256 l3a=4 l3=2048 nnbl=64 nnlr=0.0005 robc=2 robd=2 robw=64   2.4801   0.9877    42.43    17.21  Strongly Sust.
  bpt=tage l1da=4 l1d=16 l1ia=8 l1i=16 l2a=4 l2=256 l3a=4 l3=2048 robc=2 robd=2 robw=32   2.5100   0.9862    42.37    17.01  Strongly Sust.
  bpt=pentium_m l1da=4 l1d=16 l1ia=8 l1i=16 l2a=4 l2=256 l3a=4 l3=2048 robc=2 robd=2 robw=32   2.5104   0.9857    42.37    17.01  Strongly Sust.
  bpt=nn l1da=4 l1d=16 l1ia=8 l1i=16 l2a=4 l2=256 l3a=4 l3=2048 nnbl=64 nnlr=0.005 robc=2 robd=2 robw=32   2.5235   0.9705    42.37    16.92  Strongly Sust.
  bp=1024 bpt=a53 l1da=4 l1d=16 l1ia=8 l1i=16 l2a=4 l2=256 l3a=4 l3=2048 nhist=4 robc=2 robd=2 robw=16   2.5507   0.9705    42.28    16.75  Strongly Sust.
  bp=512 bpt=a53 l1da=4 l1d=16 l1ia=8 l1i=16 l2a=4 l2=256 l3a=4 l3=2048 nhist=2 robc=2 robd=2 robw=16   2.5546   0.9649    42.28    16.73  Strongly Sust.
  bpt=nn l1da=4 l1d=16 l1ia=8 l1i=16 l2a=4 l2=256 l3a=4 l3=2048 nnbl=64 nnlr=0.005 robc=2 robd=2 robw=16   2.5689   0.9508    42.28    16.63  Strongly Sust.
  bpt=nn l1da=4 l1d=16 l1ia=8 l1i=16 l2a=4 l2=256 l3a=4 l3=2048 nnbl=16 nnlr=0.0005 robc=2 robd=2 robw=16   2.5854   0.9363    42.28    16.53  Strongly Sust.
  Ran sniper 1 time this iteration (71 total).

=== Iteration 66 ===
  Evaluating 1 configuration(s) (top acquisition score of 400 candidates)...
  [mesmo] bp=512 bpt=a53 l1da=4 l1d=32 l1ia=8 l1i=32 l2a=4 l2=256 l3a=8 l3=1024 nhist=3 robc=10 robd=10 robw=64  ASI= 0.6588  S=1.0022  A=  54.07  P= 59.61  [Unsustainable]  [ML2=1.00x, CCl=1.00x, MIP=1.01x, EI=1.00x]
  Deleted 1 non-Pareto output directory.

  Pareto front after iteration 66 (18 points, HV=2.5980):
  Params                                  ASI  Speedup     Area  PeakPow  Region
  ──────────────────────────────────────────────────────────────────────────────
  bpt=pentium_m l1da=4 l1d=64 l1ia=4 l1i=64 l2a=8 l2=512 l3a=8 l3=1024 robc=10 robd=10 robw=512   0.0115   1.0180   131.82  1434.20  Unsustainable
  bpt=pentium_m l1da=8 l1d=64 l1ia=4 l1i=64 l2a=8 l2=512 l3a=16 l3=1024 robc=8 robd=10 robw=128   0.0690   1.0175    78.77   464.46  Unsustainable
  bpt=pentium_m l1da=8 l1d=32 l1ia=4 l1i=16 l2a=8 l2=512 l3a=4 l3=1024 robc=8 robd=10 robw=64   0.6048   1.0169    63.13    60.55  Unsustainable
  bp=512 bpt=a53 l1da=4 l1d=32 l1ia=8 l1i=64 l2a=8 l2=512 l3a=4 l3=2048 nhist=4 robc=10 robd=8 robw=64   0.8359   1.0163    62.05    44.18  Unsustainable
  bp=1024 bpt=a53 l1da=4 l1d=32 l1ia=8 l1i=64 l2a=8 l2=512 l3a=4 l3=2048 nhist=2 robc=8 robd=8 robw=64   0.8359   1.0162    62.05    44.18  Unsustainable
  bp=1024 bpt=a53 l1da=4 l1d=32 l1ia=8 l1i=64 l2a=8 l2=512 l3a=4 l3=2048 nhist=2 robc=10 robd=8 robw=64   0.8359   1.0162    62.05    44.18  Unsustainable
  bpt=pentium_m l1da=4 l1d=64 l1ia=4 l1i=64 l2a=8 l2=512 l3a=8 l3=1024 robc=10 robd=2 robw=512   1.6805   1.0084    43.49    25.22  Strongly Sust.
  bp=512 bpt=a53 l1da=8 l1d=32 l1ia=4 l1i=64 l2a=4 l2=512 l3a=8 l3=2048 nhist=4 robc=8 robd=4 robw=32   1.7095   1.0028    53.88    23.01  Strongly Sust.
  bpt=pentium_m l1da=4 l1d=16 l1ia=8 l1i=16 l2a=4 l2=256 l3a=4 l3=2048 robc=2 robd=2 robw=256   2.4282   0.9933    42.61    17.56  Strongly Sust.
  bpt=pentium_m l1da=4 l1d=16 l1ia=8 l1i=16 l2a=4 l2=256 l3a=4 l3=2048 robc=2 robd=2 robw=64   2.4777   0.9933    42.43    17.23  Strongly Sust.
  bpt=nn l1da=4 l1d=16 l1ia=8 l1i=16 l2a=4 l2=256 l3a=4 l3=2048 nnbl=64 nnlr=0.0005 robc=2 robd=2 robw=64   2.4801   0.9877    42.43    17.21  Strongly Sust.
  bpt=tage l1da=4 l1d=16 l1ia=8 l1i=16 l2a=4 l2=256 l3a=4 l3=2048 robc=2 robd=2 robw=32   2.5100   0.9862    42.37    17.01  Strongly Sust.
  bpt=pentium_m l1da=4 l1d=16 l1ia=8 l1i=16 l2a=4 l2=256 l3a=4 l3=2048 robc=2 robd=2 robw=32   2.5104   0.9857    42.37    17.01  Strongly Sust.
  bpt=nn l1da=4 l1d=16 l1ia=8 l1i=16 l2a=4 l2=256 l3a=4 l3=2048 nnbl=64 nnlr=0.005 robc=2 robd=2 robw=32   2.5235   0.9705    42.37    16.92  Strongly Sust.
  bp=1024 bpt=a53 l1da=4 l1d=16 l1ia=8 l1i=16 l2a=4 l2=256 l3a=4 l3=2048 nhist=4 robc=2 robd=2 robw=16   2.5507   0.9705    42.28    16.75  Strongly Sust.
  bp=512 bpt=a53 l1da=4 l1d=16 l1ia=8 l1i=16 l2a=4 l2=256 l3a=4 l3=2048 nhist=2 robc=2 robd=2 robw=16   2.5546   0.9649    42.28    16.73  Strongly Sust.
  bpt=nn l1da=4 l1d=16 l1ia=8 l1i=16 l2a=4 l2=256 l3a=4 l3=2048 nnbl=64 nnlr=0.005 robc=2 robd=2 robw=16   2.5689   0.9508    42.28    16.63  Strongly Sust.
  bpt=nn l1da=4 l1d=16 l1ia=8 l1i=16 l2a=4 l2=256 l3a=4 l3=2048 nnbl=16 nnlr=0.0005 robc=2 robd=2 robw=16   2.5854   0.9363    42.28    16.53  Strongly Sust.
  Ran sniper 1 time this iteration (72 total).

=== Iteration 67 ===
  Evaluating 1 configuration(s) (top acquisition score of 400 candidates)...
  [mesmo] bpt=pentium_m l1da=8 l1d=32 l1ia=4 l1i=16 l2a=8 l2=512 l3a=4 l3=1024 robc=8 robd=10 robw=1024  ASI=-0.0057  S=1.0177  A= 239.25  P=2632.82  [Unsustainable]  [ML2=1.06x, CCl=1.00x, MIP=1.01x, EI=1.00x]
  Deleted 1 non-Pareto output directory.

  Pareto front after iteration 67 (18 points, HV=2.5980):
  Params                                  ASI  Speedup     Area  PeakPow  Region
  ──────────────────────────────────────────────────────────────────────────────
  bpt=pentium_m l1da=4 l1d=64 l1ia=4 l1i=64 l2a=8 l2=512 l3a=8 l3=1024 robc=10 robd=10 robw=512   0.0115   1.0180   131.82  1434.20  Unsustainable
  bpt=pentium_m l1da=8 l1d=64 l1ia=4 l1i=64 l2a=8 l2=512 l3a=16 l3=1024 robc=8 robd=10 robw=128   0.0690   1.0175    78.77   464.46  Unsustainable
  bpt=pentium_m l1da=8 l1d=32 l1ia=4 l1i=16 l2a=8 l2=512 l3a=4 l3=1024 robc=8 robd=10 robw=64   0.6048   1.0169    63.13    60.55  Unsustainable
  bp=512 bpt=a53 l1da=4 l1d=32 l1ia=8 l1i=64 l2a=8 l2=512 l3a=4 l3=2048 nhist=4 robc=10 robd=8 robw=64   0.8359   1.0163    62.05    44.18  Unsustainable
  bp=1024 bpt=a53 l1da=4 l1d=32 l1ia=8 l1i=64 l2a=8 l2=512 l3a=4 l3=2048 nhist=2 robc=8 robd=8 robw=64   0.8359   1.0162    62.05    44.18  Unsustainable
  bp=1024 bpt=a53 l1da=4 l1d=32 l1ia=8 l1i=64 l2a=8 l2=512 l3a=4 l3=2048 nhist=2 robc=10 robd=8 robw=64   0.8359   1.0162    62.05    44.18  Unsustainable
  bpt=pentium_m l1da=4 l1d=64 l1ia=4 l1i=64 l2a=8 l2=512 l3a=8 l3=1024 robc=10 robd=2 robw=512   1.6805   1.0084    43.49    25.22  Strongly Sust.
  bp=512 bpt=a53 l1da=8 l1d=32 l1ia=4 l1i=64 l2a=4 l2=512 l3a=8 l3=2048 nhist=4 robc=8 robd=4 robw=32   1.7095   1.0028    53.88    23.01  Strongly Sust.
  bpt=pentium_m l1da=4 l1d=16 l1ia=8 l1i=16 l2a=4 l2=256 l3a=4 l3=2048 robc=2 robd=2 robw=256   2.4282   0.9933    42.61    17.56  Strongly Sust.
  bpt=pentium_m l1da=4 l1d=16 l1ia=8 l1i=16 l2a=4 l2=256 l3a=4 l3=2048 robc=2 robd=2 robw=64   2.4777   0.9933    42.43    17.23  Strongly Sust.
  bpt=nn l1da=4 l1d=16 l1ia=8 l1i=16 l2a=4 l2=256 l3a=4 l3=2048 nnbl=64 nnlr=0.0005 robc=2 robd=2 robw=64   2.4801   0.9877    42.43    17.21  Strongly Sust.
  bpt=tage l1da=4 l1d=16 l1ia=8 l1i=16 l2a=4 l2=256 l3a=4 l3=2048 robc=2 robd=2 robw=32   2.5100   0.9862    42.37    17.01  Strongly Sust.
  bpt=pentium_m l1da=4 l1d=16 l1ia=8 l1i=16 l2a=4 l2=256 l3a=4 l3=2048 robc=2 robd=2 robw=32   2.5104   0.9857    42.37    17.01  Strongly Sust.
  bpt=nn l1da=4 l1d=16 l1ia=8 l1i=16 l2a=4 l2=256 l3a=4 l3=2048 nnbl=64 nnlr=0.005 robc=2 robd=2 robw=32   2.5235   0.9705    42.37    16.92  Strongly Sust.
  bp=1024 bpt=a53 l1da=4 l1d=16 l1ia=8 l1i=16 l2a=4 l2=256 l3a=4 l3=2048 nhist=4 robc=2 robd=2 robw=16   2.5507   0.9705    42.28    16.75  Strongly Sust.
  bp=512 bpt=a53 l1da=4 l1d=16 l1ia=8 l1i=16 l2a=4 l2=256 l3a=4 l3=2048 nhist=2 robc=2 robd=2 robw=16   2.5546   0.9649    42.28    16.73  Strongly Sust.
  bpt=nn l1da=4 l1d=16 l1ia=8 l1i=16 l2a=4 l2=256 l3a=4 l3=2048 nnbl=64 nnlr=0.005 robc=2 robd=2 robw=16   2.5689   0.9508    42.28    16.63  Strongly Sust.
  bpt=nn l1da=4 l1d=16 l1ia=8 l1i=16 l2a=4 l2=256 l3a=4 l3=2048 nnbl=16 nnlr=0.0005 robc=2 robd=2 robw=16   2.5854   0.9363    42.28    16.53  Strongly Sust.
  Ran sniper 1 time this iteration (73 total).

=== Iteration 68 ===
  Evaluating 1 configuration(s) (top acquisition score of 400 candidates)...
  [mesmo] bp=2048 bpt=a53 l1da=8 l1d=16 l1ia=8 l1i=32 l2a=8 l2=512 l3a=16 l3=4096 nhist=4 robc=8 robd=8 robw=64  ASI= 0.6995  S=1.0160  A=  76.92  P= 46.57  [Unsustainable]  [ML2=1.06x, CCl=1.00x, MIP=1.01x, EI=1.00x]
  Deleted 1 non-Pareto output directory.

  Pareto front after iteration 68 (18 points, HV=2.5980):
  Params                                  ASI  Speedup     Area  PeakPow  Region
  ──────────────────────────────────────────────────────────────────────────────
  bpt=pentium_m l1da=4 l1d=64 l1ia=4 l1i=64 l2a=8 l2=512 l3a=8 l3=1024 robc=10 robd=10 robw=512   0.0115   1.0180   131.82  1434.20  Unsustainable
  bpt=pentium_m l1da=8 l1d=64 l1ia=4 l1i=64 l2a=8 l2=512 l3a=16 l3=1024 robc=8 robd=10 robw=128   0.0690   1.0175    78.77   464.46  Unsustainable
  bpt=pentium_m l1da=8 l1d=32 l1ia=4 l1i=16 l2a=8 l2=512 l3a=4 l3=1024 robc=8 robd=10 robw=64   0.6048   1.0169    63.13    60.55  Unsustainable
  bp=512 bpt=a53 l1da=4 l1d=32 l1ia=8 l1i=64 l2a=8 l2=512 l3a=4 l3=2048 nhist=4 robc=10 robd=8 robw=64   0.8359   1.0163    62.05    44.18  Unsustainable
  bp=1024 bpt=a53 l1da=4 l1d=32 l1ia=8 l1i=64 l2a=8 l2=512 l3a=4 l3=2048 nhist=2 robc=8 robd=8 robw=64   0.8359   1.0162    62.05    44.18  Unsustainable
  bp=1024 bpt=a53 l1da=4 l1d=32 l1ia=8 l1i=64 l2a=8 l2=512 l3a=4 l3=2048 nhist=2 robc=10 robd=8 robw=64   0.8359   1.0162    62.05    44.18  Unsustainable
  bpt=pentium_m l1da=4 l1d=64 l1ia=4 l1i=64 l2a=8 l2=512 l3a=8 l3=1024 robc=10 robd=2 robw=512   1.6805   1.0084    43.49    25.22  Strongly Sust.
  bp=512 bpt=a53 l1da=8 l1d=32 l1ia=4 l1i=64 l2a=4 l2=512 l3a=8 l3=2048 nhist=4 robc=8 robd=4 robw=32   1.7095   1.0028    53.88    23.01  Strongly Sust.
  bpt=pentium_m l1da=4 l1d=16 l1ia=8 l1i=16 l2a=4 l2=256 l3a=4 l3=2048 robc=2 robd=2 robw=256   2.4282   0.9933    42.61    17.56  Strongly Sust.
  bpt=pentium_m l1da=4 l1d=16 l1ia=8 l1i=16 l2a=4 l2=256 l3a=4 l3=2048 robc=2 robd=2 robw=64   2.4777   0.9933    42.43    17.23  Strongly Sust.
  bpt=nn l1da=4 l1d=16 l1ia=8 l1i=16 l2a=4 l2=256 l3a=4 l3=2048 nnbl=64 nnlr=0.0005 robc=2 robd=2 robw=64   2.4801   0.9877    42.43    17.21  Strongly Sust.
  bpt=tage l1da=4 l1d=16 l1ia=8 l1i=16 l2a=4 l2=256 l3a=4 l3=2048 robc=2 robd=2 robw=32   2.5100   0.9862    42.37    17.01  Strongly Sust.
  bpt=pentium_m l1da=4 l1d=16 l1ia=8 l1i=16 l2a=4 l2=256 l3a=4 l3=2048 robc=2 robd=2 robw=32   2.5104   0.9857    42.37    17.01  Strongly Sust.
  bpt=nn l1da=4 l1d=16 l1ia=8 l1i=16 l2a=4 l2=256 l3a=4 l3=2048 nnbl=64 nnlr=0.005 robc=2 robd=2 robw=32   2.5235   0.9705    42.37    16.92  Strongly Sust.
  bp=1024 bpt=a53 l1da=4 l1d=16 l1ia=8 l1i=16 l2a=4 l2=256 l3a=4 l3=2048 nhist=4 robc=2 robd=2 robw=16   2.5507   0.9705    42.28    16.75  Strongly Sust.
  bp=512 bpt=a53 l1da=4 l1d=16 l1ia=8 l1i=16 l2a=4 l2=256 l3a=4 l3=2048 nhist=2 robc=2 robd=2 robw=16   2.5546   0.9649    42.28    16.73  Strongly Sust.
  bpt=nn l1da=4 l1d=16 l1ia=8 l1i=16 l2a=4 l2=256 l3a=4 l3=2048 nnbl=64 nnlr=0.005 robc=2 robd=2 robw=16   2.5689   0.9508    42.28    16.63  Strongly Sust.
  bpt=nn l1da=4 l1d=16 l1ia=8 l1i=16 l2a=4 l2=256 l3a=4 l3=2048 nnbl=16 nnlr=0.0005 robc=2 robd=2 robw=16   2.5854   0.9363    42.28    16.53  Strongly Sust.
  Ran sniper 1 time this iteration (74 total).

=== Iteration 69 ===
  Evaluating 1 configuration(s) (top acquisition score of 400 candidates)...
  [mesmo] bp=512 bpt=a53 l1da=8 l1d=16 l1ia=8 l1i=32 l2a=4 l2=512 l3a=8 l3=2048 nhist=4 robc=2 robd=10 robw=1024  ASI=-0.0064  S=1.0148  A= 245.21  P=2634.28  [Unsustainable]  [ML2=1.06x, CCl=1.00x, MIP=1.01x, EI=0.99x]
  Deleted 1 non-Pareto output directory.

  Pareto front after iteration 69 (18 points, HV=2.5980):
  Params                                  ASI  Speedup     Area  PeakPow  Region
  ──────────────────────────────────────────────────────────────────────────────
  bpt=pentium_m l1da=4 l1d=64 l1ia=4 l1i=64 l2a=8 l2=512 l3a=8 l3=1024 robc=10 robd=10 robw=512   0.0115   1.0180   131.82  1434.20  Unsustainable
  bpt=pentium_m l1da=8 l1d=64 l1ia=4 l1i=64 l2a=8 l2=512 l3a=16 l3=1024 robc=8 robd=10 robw=128   0.0690   1.0175    78.77   464.46  Unsustainable
  bpt=pentium_m l1da=8 l1d=32 l1ia=4 l1i=16 l2a=8 l2=512 l3a=4 l3=1024 robc=8 robd=10 robw=64   0.6048   1.0169    63.13    60.55  Unsustainable
  bp=512 bpt=a53 l1da=4 l1d=32 l1ia=8 l1i=64 l2a=8 l2=512 l3a=4 l3=2048 nhist=4 robc=10 robd=8 robw=64   0.8359   1.0163    62.05    44.18  Unsustainable
  bp=1024 bpt=a53 l1da=4 l1d=32 l1ia=8 l1i=64 l2a=8 l2=512 l3a=4 l3=2048 nhist=2 robc=8 robd=8 robw=64   0.8359   1.0162    62.05    44.18  Unsustainable
  bp=1024 bpt=a53 l1da=4 l1d=32 l1ia=8 l1i=64 l2a=8 l2=512 l3a=4 l3=2048 nhist=2 robc=10 robd=8 robw=64   0.8359   1.0162    62.05    44.18  Unsustainable
  bpt=pentium_m l1da=4 l1d=64 l1ia=4 l1i=64 l2a=8 l2=512 l3a=8 l3=1024 robc=10 robd=2 robw=512   1.6805   1.0084    43.49    25.22  Strongly Sust.
  bp=512 bpt=a53 l1da=8 l1d=32 l1ia=4 l1i=64 l2a=4 l2=512 l3a=8 l3=2048 nhist=4 robc=8 robd=4 robw=32   1.7095   1.0028    53.88    23.01  Strongly Sust.
  bpt=pentium_m l1da=4 l1d=16 l1ia=8 l1i=16 l2a=4 l2=256 l3a=4 l3=2048 robc=2 robd=2 robw=256   2.4282   0.9933    42.61    17.56  Strongly Sust.
  bpt=pentium_m l1da=4 l1d=16 l1ia=8 l1i=16 l2a=4 l2=256 l3a=4 l3=2048 robc=2 robd=2 robw=64   2.4777   0.9933    42.43    17.23  Strongly Sust.
  bpt=nn l1da=4 l1d=16 l1ia=8 l1i=16 l2a=4 l2=256 l3a=4 l3=2048 nnbl=64 nnlr=0.0005 robc=2 robd=2 robw=64   2.4801   0.9877    42.43    17.21  Strongly Sust.
  bpt=tage l1da=4 l1d=16 l1ia=8 l1i=16 l2a=4 l2=256 l3a=4 l3=2048 robc=2 robd=2 robw=32   2.5100   0.9862    42.37    17.01  Strongly Sust.
  bpt=pentium_m l1da=4 l1d=16 l1ia=8 l1i=16 l2a=4 l2=256 l3a=4 l3=2048 robc=2 robd=2 robw=32   2.5104   0.9857    42.37    17.01  Strongly Sust.
  bpt=nn l1da=4 l1d=16 l1ia=8 l1i=16 l2a=4 l2=256 l3a=4 l3=2048 nnbl=64 nnlr=0.005 robc=2 robd=2 robw=32   2.5235   0.9705    42.37    16.92  Strongly Sust.
  bp=1024 bpt=a53 l1da=4 l1d=16 l1ia=8 l1i=16 l2a=4 l2=256 l3a=4 l3=2048 nhist=4 robc=2 robd=2 robw=16   2.5507   0.9705    42.28    16.75  Strongly Sust.
  bp=512 bpt=a53 l1da=4 l1d=16 l1ia=8 l1i=16 l2a=4 l2=256 l3a=4 l3=2048 nhist=2 robc=2 robd=2 robw=16   2.5546   0.9649    42.28    16.73  Strongly Sust.
  bpt=nn l1da=4 l1d=16 l1ia=8 l1i=16 l2a=4 l2=256 l3a=4 l3=2048 nnbl=64 nnlr=0.005 robc=2 robd=2 robw=16   2.5689   0.9508    42.28    16.63  Strongly Sust.
  bpt=nn l1da=4 l1d=16 l1ia=8 l1i=16 l2a=4 l2=256 l3a=4 l3=2048 nnbl=16 nnlr=0.0005 robc=2 robd=2 robw=16   2.5854   0.9363    42.28    16.53  Strongly Sust.
  Ran sniper 1 time this iteration (75 total).

=== Iteration 70 ===
  Evaluating 1 configuration(s) (top acquisition score of 400 candidates)...
  [mesmo] bpt=pentium_m l1da=8 l1d=64 l1ia=4 l1i=64 l2a=8 l2=512 l3a=16 l3=1024 robc=8 robd=10 robw=256  ASI= 0.0256  S=1.0177  A= 101.17  P=995.75  [Unsustainable]  [ML2=1.06x, CCl=1.00x, MIP=1.01x, EI=1.00x]

  Pareto front after iteration 70 (19 points, HV=2.5980):
  Params                                  ASI  Speedup     Area  PeakPow  Region
  ──────────────────────────────────────────────────────────────────────────────
  bpt=pentium_m l1da=4 l1d=64 l1ia=4 l1i=64 l2a=8 l2=512 l3a=8 l3=1024 robc=10 robd=10 robw=512   0.0115   1.0180   131.82  1434.20  Unsustainable
  bpt=pentium_m l1da=8 l1d=64 l1ia=4 l1i=64 l2a=8 l2=512 l3a=16 l3=1024 robc=8 robd=10 robw=256   0.0256   1.0177   101.17   995.75  Unsustainable
  bpt=pentium_m l1da=8 l1d=64 l1ia=4 l1i=64 l2a=8 l2=512 l3a=16 l3=1024 robc=8 robd=10 robw=128   0.0690   1.0175    78.77   464.46  Unsustainable
  bpt=pentium_m l1da=8 l1d=32 l1ia=4 l1i=16 l2a=8 l2=512 l3a=4 l3=1024 robc=8 robd=10 robw=64   0.6048   1.0169    63.13    60.55  Unsustainable
  bp=512 bpt=a53 l1da=4 l1d=32 l1ia=8 l1i=64 l2a=8 l2=512 l3a=4 l3=2048 nhist=4 robc=10 robd=8 robw=64   0.8359   1.0163    62.05    44.18  Unsustainable
  bp=1024 bpt=a53 l1da=4 l1d=32 l1ia=8 l1i=64 l2a=8 l2=512 l3a=4 l3=2048 nhist=2 robc=8 robd=8 robw=64   0.8359   1.0162    62.05    44.18  Unsustainable
  bp=1024 bpt=a53 l1da=4 l1d=32 l1ia=8 l1i=64 l2a=8 l2=512 l3a=4 l3=2048 nhist=2 robc=10 robd=8 robw=64   0.8359   1.0162    62.05    44.18  Unsustainable
  bpt=pentium_m l1da=4 l1d=64 l1ia=4 l1i=64 l2a=8 l2=512 l3a=8 l3=1024 robc=10 robd=2 robw=512   1.6805   1.0084    43.49    25.22  Strongly Sust.
  bp=512 bpt=a53 l1da=8 l1d=32 l1ia=4 l1i=64 l2a=4 l2=512 l3a=8 l3=2048 nhist=4 robc=8 robd=4 robw=32   1.7095   1.0028    53.88    23.01  Strongly Sust.
  bpt=pentium_m l1da=4 l1d=16 l1ia=8 l1i=16 l2a=4 l2=256 l3a=4 l3=2048 robc=2 robd=2 robw=256   2.4282   0.9933    42.61    17.56  Strongly Sust.
  bpt=pentium_m l1da=4 l1d=16 l1ia=8 l1i=16 l2a=4 l2=256 l3a=4 l3=2048 robc=2 robd=2 robw=64   2.4777   0.9933    42.43    17.23  Strongly Sust.
  bpt=nn l1da=4 l1d=16 l1ia=8 l1i=16 l2a=4 l2=256 l3a=4 l3=2048 nnbl=64 nnlr=0.0005 robc=2 robd=2 robw=64   2.4801   0.9877    42.43    17.21  Strongly Sust.
  bpt=tage l1da=4 l1d=16 l1ia=8 l1i=16 l2a=4 l2=256 l3a=4 l3=2048 robc=2 robd=2 robw=32   2.5100   0.9862    42.37    17.01  Strongly Sust.
  bpt=pentium_m l1da=4 l1d=16 l1ia=8 l1i=16 l2a=4 l2=256 l3a=4 l3=2048 robc=2 robd=2 robw=32   2.5104   0.9857    42.37    17.01  Strongly Sust.
  bpt=nn l1da=4 l1d=16 l1ia=8 l1i=16 l2a=4 l2=256 l3a=4 l3=2048 nnbl=64 nnlr=0.005 robc=2 robd=2 robw=32   2.5235   0.9705    42.37    16.92  Strongly Sust.
  bp=1024 bpt=a53 l1da=4 l1d=16 l1ia=8 l1i=16 l2a=4 l2=256 l3a=4 l3=2048 nhist=4 robc=2 robd=2 robw=16   2.5507   0.9705    42.28    16.75  Strongly Sust.
  bp=512 bpt=a53 l1da=4 l1d=16 l1ia=8 l1i=16 l2a=4 l2=256 l3a=4 l3=2048 nhist=2 robc=2 robd=2 robw=16   2.5546   0.9649    42.28    16.73  Strongly Sust.
  bpt=nn l1da=4 l1d=16 l1ia=8 l1i=16 l2a=4 l2=256 l3a=4 l3=2048 nnbl=64 nnlr=0.005 robc=2 robd=2 robw=16   2.5689   0.9508    42.28    16.63  Strongly Sust.
  bpt=nn l1da=4 l1d=16 l1ia=8 l1i=16 l2a=4 l2=256 l3a=4 l3=2048 nnbl=16 nnlr=0.0005 robc=2 robd=2 robw=16   2.5854   0.9363    42.28    16.53  Strongly Sust.
  Ran sniper 1 time this iteration (76 total).

=== Iteration 71 ===
  Evaluating 1 configuration(s) (top acquisition score of 400 candidates)...
  [mesmo] bp=512 bpt=a53 l1da=4 l1d=16 l1ia=8 l1i=16 l2a=4 l2=256 l3a=4 l3=2048 nhist=2 robc=8 robd=2 robw=16  ASI= 2.5546  S=0.9649  A=  42.28  P= 16.73  [Strongly Sust.]  [ML2=1.00x, CCl=0.96x, MIP=0.95x, EI=0.96x]

  Pareto front after iteration 71 (20 points, HV=2.5980):
  Params                                  ASI  Speedup     Area  PeakPow  Region
  ──────────────────────────────────────────────────────────────────────────────
  bpt=pentium_m l1da=4 l1d=64 l1ia=4 l1i=64 l2a=8 l2=512 l3a=8 l3=1024 robc=10 robd=10 robw=512   0.0115   1.0180   131.82  1434.20  Unsustainable
  bpt=pentium_m l1da=8 l1d=64 l1ia=4 l1i=64 l2a=8 l2=512 l3a=16 l3=1024 robc=8 robd=10 robw=256   0.0256   1.0177   101.17   995.75  Unsustainable
  bpt=pentium_m l1da=8 l1d=64 l1ia=4 l1i=64 l2a=8 l2=512 l3a=16 l3=1024 robc=8 robd=10 robw=128   0.0690   1.0175    78.77   464.46  Unsustainable
  bpt=pentium_m l1da=8 l1d=32 l1ia=4 l1i=16 l2a=8 l2=512 l3a=4 l3=1024 robc=8 robd=10 robw=64   0.6048   1.0169    63.13    60.55  Unsustainable
  bp=512 bpt=a53 l1da=4 l1d=32 l1ia=8 l1i=64 l2a=8 l2=512 l3a=4 l3=2048 nhist=4 robc=10 robd=8 robw=64   0.8359   1.0163    62.05    44.18  Unsustainable
  bp=1024 bpt=a53 l1da=4 l1d=32 l1ia=8 l1i=64 l2a=8 l2=512 l3a=4 l3=2048 nhist=2 robc=8 robd=8 robw=64   0.8359   1.0162    62.05    44.18  Unsustainable
  bp=1024 bpt=a53 l1da=4 l1d=32 l1ia=8 l1i=64 l2a=8 l2=512 l3a=4 l3=2048 nhist=2 robc=10 robd=8 robw=64   0.8359   1.0162    62.05    44.18  Unsustainable
  bpt=pentium_m l1da=4 l1d=64 l1ia=4 l1i=64 l2a=8 l2=512 l3a=8 l3=1024 robc=10 robd=2 robw=512   1.6805   1.0084    43.49    25.22  Strongly Sust.
  bp=512 bpt=a53 l1da=8 l1d=32 l1ia=4 l1i=64 l2a=4 l2=512 l3a=8 l3=2048 nhist=4 robc=8 robd=4 robw=32   1.7095   1.0028    53.88    23.01  Strongly Sust.
  bpt=pentium_m l1da=4 l1d=16 l1ia=8 l1i=16 l2a=4 l2=256 l3a=4 l3=2048 robc=2 robd=2 robw=256   2.4282   0.9933    42.61    17.56  Strongly Sust.
  bpt=pentium_m l1da=4 l1d=16 l1ia=8 l1i=16 l2a=4 l2=256 l3a=4 l3=2048 robc=2 robd=2 robw=64   2.4777   0.9933    42.43    17.23  Strongly Sust.
  bpt=nn l1da=4 l1d=16 l1ia=8 l1i=16 l2a=4 l2=256 l3a=4 l3=2048 nnbl=64 nnlr=0.0005 robc=2 robd=2 robw=64   2.4801   0.9877    42.43    17.21  Strongly Sust.
  bpt=tage l1da=4 l1d=16 l1ia=8 l1i=16 l2a=4 l2=256 l3a=4 l3=2048 robc=2 robd=2 robw=32   2.5100   0.9862    42.37    17.01  Strongly Sust.
  bpt=pentium_m l1da=4 l1d=16 l1ia=8 l1i=16 l2a=4 l2=256 l3a=4 l3=2048 robc=2 robd=2 robw=32   2.5104   0.9857    42.37    17.01  Strongly Sust.
  bpt=nn l1da=4 l1d=16 l1ia=8 l1i=16 l2a=4 l2=256 l3a=4 l3=2048 nnbl=64 nnlr=0.005 robc=2 robd=2 robw=32   2.5235   0.9705    42.37    16.92  Strongly Sust.
  bp=1024 bpt=a53 l1da=4 l1d=16 l1ia=8 l1i=16 l2a=4 l2=256 l3a=4 l3=2048 nhist=4 robc=2 robd=2 robw=16   2.5507   0.9705    42.28    16.75  Strongly Sust.
  bp=512 bpt=a53 l1da=4 l1d=16 l1ia=8 l1i=16 l2a=4 l2=256 l3a=4 l3=2048 nhist=2 robc=8 robd=2 robw=16   2.5546   0.9649    42.28    16.73  Strongly Sust.
  bp=512 bpt=a53 l1da=4 l1d=16 l1ia=8 l1i=16 l2a=4 l2=256 l3a=4 l3=2048 nhist=2 robc=2 robd=2 robw=16   2.5546   0.9649    42.28    16.73  Strongly Sust.
  bpt=nn l1da=4 l1d=16 l1ia=8 l1i=16 l2a=4 l2=256 l3a=4 l3=2048 nnbl=64 nnlr=0.005 robc=2 robd=2 robw=16   2.5689   0.9508    42.28    16.63  Strongly Sust.
  bpt=nn l1da=4 l1d=16 l1ia=8 l1i=16 l2a=4 l2=256 l3a=4 l3=2048 nnbl=16 nnlr=0.0005 robc=2 robd=2 robw=16   2.5854   0.9363    42.28    16.53  Strongly Sust.
  Ran sniper 1 time this iteration (77 total).

=== Iteration 72 ===
  Evaluating 1 configuration(s) (top acquisition score of 400 candidates)...
  [mesmo] bp=512 bpt=a53 l1da=4 l1d=16 l1ia=8 l1i=64 l2a=4 l2=256 l3a=4 l3=2048 nhist=2 robc=8 robd=2 robw=16  ASI= 2.5464  S=0.9649  A=  42.94  P= 16.70  [Strongly Sust.]  [ML2=1.00x, CCl=0.96x, MIP=0.95x, EI=0.96x]
  Deleted 1 non-Pareto output directory.

  Pareto front after iteration 72 (20 points, HV=2.5980):
  Params                                  ASI  Speedup     Area  PeakPow  Region
  ──────────────────────────────────────────────────────────────────────────────
  bpt=pentium_m l1da=4 l1d=64 l1ia=4 l1i=64 l2a=8 l2=512 l3a=8 l3=1024 robc=10 robd=10 robw=512   0.0115   1.0180   131.82  1434.20  Unsustainable
  bpt=pentium_m l1da=8 l1d=64 l1ia=4 l1i=64 l2a=8 l2=512 l3a=16 l3=1024 robc=8 robd=10 robw=256   0.0256   1.0177   101.17   995.75  Unsustainable
  bpt=pentium_m l1da=8 l1d=64 l1ia=4 l1i=64 l2a=8 l2=512 l3a=16 l3=1024 robc=8 robd=10 robw=128   0.0690   1.0175    78.77   464.46  Unsustainable
  bpt=pentium_m l1da=8 l1d=32 l1ia=4 l1i=16 l2a=8 l2=512 l3a=4 l3=1024 robc=8 robd=10 robw=64   0.6048   1.0169    63.13    60.55  Unsustainable
  bp=512 bpt=a53 l1da=4 l1d=32 l1ia=8 l1i=64 l2a=8 l2=512 l3a=4 l3=2048 nhist=4 robc=10 robd=8 robw=64   0.8359   1.0163    62.05    44.18  Unsustainable
  bp=1024 bpt=a53 l1da=4 l1d=32 l1ia=8 l1i=64 l2a=8 l2=512 l3a=4 l3=2048 nhist=2 robc=8 robd=8 robw=64   0.8359   1.0162    62.05    44.18  Unsustainable
  bp=1024 bpt=a53 l1da=4 l1d=32 l1ia=8 l1i=64 l2a=8 l2=512 l3a=4 l3=2048 nhist=2 robc=10 robd=8 robw=64   0.8359   1.0162    62.05    44.18  Unsustainable
  bpt=pentium_m l1da=4 l1d=64 l1ia=4 l1i=64 l2a=8 l2=512 l3a=8 l3=1024 robc=10 robd=2 robw=512   1.6805   1.0084    43.49    25.22  Strongly Sust.
  bp=512 bpt=a53 l1da=8 l1d=32 l1ia=4 l1i=64 l2a=4 l2=512 l3a=8 l3=2048 nhist=4 robc=8 robd=4 robw=32   1.7095   1.0028    53.88    23.01  Strongly Sust.
  bpt=pentium_m l1da=4 l1d=16 l1ia=8 l1i=16 l2a=4 l2=256 l3a=4 l3=2048 robc=2 robd=2 robw=256   2.4282   0.9933    42.61    17.56  Strongly Sust.
  bpt=pentium_m l1da=4 l1d=16 l1ia=8 l1i=16 l2a=4 l2=256 l3a=4 l3=2048 robc=2 robd=2 robw=64   2.4777   0.9933    42.43    17.23  Strongly Sust.
  bpt=nn l1da=4 l1d=16 l1ia=8 l1i=16 l2a=4 l2=256 l3a=4 l3=2048 nnbl=64 nnlr=0.0005 robc=2 robd=2 robw=64   2.4801   0.9877    42.43    17.21  Strongly Sust.
  bpt=tage l1da=4 l1d=16 l1ia=8 l1i=16 l2a=4 l2=256 l3a=4 l3=2048 robc=2 robd=2 robw=32   2.5100   0.9862    42.37    17.01  Strongly Sust.
  bpt=pentium_m l1da=4 l1d=16 l1ia=8 l1i=16 l2a=4 l2=256 l3a=4 l3=2048 robc=2 robd=2 robw=32   2.5104   0.9857    42.37    17.01  Strongly Sust.
  bpt=nn l1da=4 l1d=16 l1ia=8 l1i=16 l2a=4 l2=256 l3a=4 l3=2048 nnbl=64 nnlr=0.005 robc=2 robd=2 robw=32   2.5235   0.9705    42.37    16.92  Strongly Sust.
  bp=1024 bpt=a53 l1da=4 l1d=16 l1ia=8 l1i=16 l2a=4 l2=256 l3a=4 l3=2048 nhist=4 robc=2 robd=2 robw=16   2.5507   0.9705    42.28    16.75  Strongly Sust.
  bp=512 bpt=a53 l1da=4 l1d=16 l1ia=8 l1i=16 l2a=4 l2=256 l3a=4 l3=2048 nhist=2 robc=8 robd=2 robw=16   2.5546   0.9649    42.28    16.73  Strongly Sust.
  bp=512 bpt=a53 l1da=4 l1d=16 l1ia=8 l1i=16 l2a=4 l2=256 l3a=4 l3=2048 nhist=2 robc=2 robd=2 robw=16   2.5546   0.9649    42.28    16.73  Strongly Sust.
  bpt=nn l1da=4 l1d=16 l1ia=8 l1i=16 l2a=4 l2=256 l3a=4 l3=2048 nnbl=64 nnlr=0.005 robc=2 robd=2 robw=16   2.5689   0.9508    42.28    16.63  Strongly Sust.
  bpt=nn l1da=4 l1d=16 l1ia=8 l1i=16 l2a=4 l2=256 l3a=4 l3=2048 nnbl=16 nnlr=0.0005 robc=2 robd=2 robw=16   2.5854   0.9363    42.28    16.53  Strongly Sust.
  Ran sniper 1 time this iteration (78 total).

=== Iteration 73 ===
  Evaluating 1 configuration(s) (top acquisition score of 400 candidates)...
  [mesmo] bpt=nn l1da=4 l1d=16 l1ia=8 l1i=16 l2a=4 l2=256 l3a=4 l3=2048 nnbl=16 nnlr=0.0005 robc=10 robd=2 robw=16  ASI= 2.5824  S=0.9403  A=  42.28  P= 16.55  [Strongly Sust.]  [ML2=1.00x, CCl=0.96x, MIP=0.95x, EI=0.86x]

  Pareto front after iteration 73 (21 points, HV=2.5981):
  Params                                  ASI  Speedup     Area  PeakPow  Region
  ──────────────────────────────────────────────────────────────────────────────
  bpt=pentium_m l1da=4 l1d=64 l1ia=4 l1i=64 l2a=8 l2=512 l3a=8 l3=1024 robc=10 robd=10 robw=512   0.0115   1.0180   131.82  1434.20  Unsustainable
  bpt=pentium_m l1da=8 l1d=64 l1ia=4 l1i=64 l2a=8 l2=512 l3a=16 l3=1024 robc=8 robd=10 robw=256   0.0256   1.0177   101.17   995.75  Unsustainable
  bpt=pentium_m l1da=8 l1d=64 l1ia=4 l1i=64 l2a=8 l2=512 l3a=16 l3=1024 robc=8 robd=10 robw=128   0.0690   1.0175    78.77   464.46  Unsustainable
  bpt=pentium_m l1da=8 l1d=32 l1ia=4 l1i=16 l2a=8 l2=512 l3a=4 l3=1024 robc=8 robd=10 robw=64   0.6048   1.0169    63.13    60.55  Unsustainable
  bp=512 bpt=a53 l1da=4 l1d=32 l1ia=8 l1i=64 l2a=8 l2=512 l3a=4 l3=2048 nhist=4 robc=10 robd=8 robw=64   0.8359   1.0163    62.05    44.18  Unsustainable
  bp=1024 bpt=a53 l1da=4 l1d=32 l1ia=8 l1i=64 l2a=8 l2=512 l3a=4 l3=2048 nhist=2 robc=8 robd=8 robw=64   0.8359   1.0162    62.05    44.18  Unsustainable
  bp=1024 bpt=a53 l1da=4 l1d=32 l1ia=8 l1i=64 l2a=8 l2=512 l3a=4 l3=2048 nhist=2 robc=10 robd=8 robw=64   0.8359   1.0162    62.05    44.18  Unsustainable
  bpt=pentium_m l1da=4 l1d=64 l1ia=4 l1i=64 l2a=8 l2=512 l3a=8 l3=1024 robc=10 robd=2 robw=512   1.6805   1.0084    43.49    25.22  Strongly Sust.
  bp=512 bpt=a53 l1da=8 l1d=32 l1ia=4 l1i=64 l2a=4 l2=512 l3a=8 l3=2048 nhist=4 robc=8 robd=4 robw=32   1.7095   1.0028    53.88    23.01  Strongly Sust.
  bpt=pentium_m l1da=4 l1d=16 l1ia=8 l1i=16 l2a=4 l2=256 l3a=4 l3=2048 robc=2 robd=2 robw=256   2.4282   0.9933    42.61    17.56  Strongly Sust.
  bpt=pentium_m l1da=4 l1d=16 l1ia=8 l1i=16 l2a=4 l2=256 l3a=4 l3=2048 robc=2 robd=2 robw=64   2.4777   0.9933    42.43    17.23  Strongly Sust.
  bpt=nn l1da=4 l1d=16 l1ia=8 l1i=16 l2a=4 l2=256 l3a=4 l3=2048 nnbl=64 nnlr=0.0005 robc=2 robd=2 robw=64   2.4801   0.9877    42.43    17.21  Strongly Sust.
  bpt=tage l1da=4 l1d=16 l1ia=8 l1i=16 l2a=4 l2=256 l3a=4 l3=2048 robc=2 robd=2 robw=32   2.5100   0.9862    42.37    17.01  Strongly Sust.
  bpt=pentium_m l1da=4 l1d=16 l1ia=8 l1i=16 l2a=4 l2=256 l3a=4 l3=2048 robc=2 robd=2 robw=32   2.5104   0.9857    42.37    17.01  Strongly Sust.
  bpt=nn l1da=4 l1d=16 l1ia=8 l1i=16 l2a=4 l2=256 l3a=4 l3=2048 nnbl=64 nnlr=0.005 robc=2 robd=2 robw=32   2.5235   0.9705    42.37    16.92  Strongly Sust.
  bp=1024 bpt=a53 l1da=4 l1d=16 l1ia=8 l1i=16 l2a=4 l2=256 l3a=4 l3=2048 nhist=4 robc=2 robd=2 robw=16   2.5507   0.9705    42.28    16.75  Strongly Sust.
  bp=512 bpt=a53 l1da=4 l1d=16 l1ia=8 l1i=16 l2a=4 l2=256 l3a=4 l3=2048 nhist=2 robc=8 robd=2 robw=16   2.5546   0.9649    42.28    16.73  Strongly Sust.
  bp=512 bpt=a53 l1da=4 l1d=16 l1ia=8 l1i=16 l2a=4 l2=256 l3a=4 l3=2048 nhist=2 robc=2 robd=2 robw=16   2.5546   0.9649    42.28    16.73  Strongly Sust.
  bpt=nn l1da=4 l1d=16 l1ia=8 l1i=16 l2a=4 l2=256 l3a=4 l3=2048 nnbl=64 nnlr=0.005 robc=2 robd=2 robw=16   2.5689   0.9508    42.28    16.63  Strongly Sust.
  bpt=nn l1da=4 l1d=16 l1ia=8 l1i=16 l2a=4 l2=256 l3a=4 l3=2048 nnbl=16 nnlr=0.0005 robc=10 robd=2 robw=16   2.5824   0.9403    42.28    16.55  Strongly Sust.
  bpt=nn l1da=4 l1d=16 l1ia=8 l1i=16 l2a=4 l2=256 l3a=4 l3=2048 nnbl=16 nnlr=0.0005 robc=2 robd=2 robw=16   2.5854   0.9363    42.28    16.53  Strongly Sust.
  Ran sniper 1 time this iteration (79 total).

=== Iteration 74 ===
  Evaluating 1 configuration(s) (top acquisition score of 400 candidates)...
  [mesmo] bpt=tage l1da=4 l1d=64 l1ia=8 l1i=16 l2a=4 l2=512 l3a=16 l3=8192 robc=8 robd=10 robw=1024  ASI=-0.0112  S=1.0180  A= 288.40  P=2638.40  [Unsustainable]  [ML2=1.06x, CCl=1.00x, MIP=1.01x, EI=1.00x]

  Pareto front after iteration 74 (22 points, HV=2.5981):
  Params                                  ASI  Speedup     Area  PeakPow  Region
  ──────────────────────────────────────────────────────────────────────────────
  bpt=tage l1da=4 l1d=64 l1ia=8 l1i=16 l2a=4 l2=512 l3a=16 l3=8192 robc=8 robd=10 robw=1024  -0.0112   1.0180   288.40  2638.40  Unsustainable
  bpt=pentium_m l1da=4 l1d=64 l1ia=4 l1i=64 l2a=8 l2=512 l3a=8 l3=1024 robc=10 robd=10 robw=512   0.0115   1.0180   131.82  1434.20  Unsustainable
  bpt=pentium_m l1da=8 l1d=64 l1ia=4 l1i=64 l2a=8 l2=512 l3a=16 l3=1024 robc=8 robd=10 robw=256   0.0256   1.0177   101.17   995.75  Unsustainable
  bpt=pentium_m l1da=8 l1d=64 l1ia=4 l1i=64 l2a=8 l2=512 l3a=16 l3=1024 robc=8 robd=10 robw=128   0.0690   1.0175    78.77   464.46  Unsustainable
  bpt=pentium_m l1da=8 l1d=32 l1ia=4 l1i=16 l2a=8 l2=512 l3a=4 l3=1024 robc=8 robd=10 robw=64   0.6048   1.0169    63.13    60.55  Unsustainable
  bp=512 bpt=a53 l1da=4 l1d=32 l1ia=8 l1i=64 l2a=8 l2=512 l3a=4 l3=2048 nhist=4 robc=10 robd=8 robw=64   0.8359   1.0163    62.05    44.18  Unsustainable
  bp=1024 bpt=a53 l1da=4 l1d=32 l1ia=8 l1i=64 l2a=8 l2=512 l3a=4 l3=2048 nhist=2 robc=8 robd=8 robw=64   0.8359   1.0162    62.05    44.18  Unsustainable
  bp=1024 bpt=a53 l1da=4 l1d=32 l1ia=8 l1i=64 l2a=8 l2=512 l3a=4 l3=2048 nhist=2 robc=10 robd=8 robw=64   0.8359   1.0162    62.05    44.18  Unsustainable
  bpt=pentium_m l1da=4 l1d=64 l1ia=4 l1i=64 l2a=8 l2=512 l3a=8 l3=1024 robc=10 robd=2 robw=512   1.6805   1.0084    43.49    25.22  Strongly Sust.
  bp=512 bpt=a53 l1da=8 l1d=32 l1ia=4 l1i=64 l2a=4 l2=512 l3a=8 l3=2048 nhist=4 robc=8 robd=4 robw=32   1.7095   1.0028    53.88    23.01  Strongly Sust.
  bpt=pentium_m l1da=4 l1d=16 l1ia=8 l1i=16 l2a=4 l2=256 l3a=4 l3=2048 robc=2 robd=2 robw=256   2.4282   0.9933    42.61    17.56  Strongly Sust.
  bpt=pentium_m l1da=4 l1d=16 l1ia=8 l1i=16 l2a=4 l2=256 l3a=4 l3=2048 robc=2 robd=2 robw=64   2.4777   0.9933    42.43    17.23  Strongly Sust.
  bpt=nn l1da=4 l1d=16 l1ia=8 l1i=16 l2a=4 l2=256 l3a=4 l3=2048 nnbl=64 nnlr=0.0005 robc=2 robd=2 robw=64   2.4801   0.9877    42.43    17.21  Strongly Sust.
  bpt=tage l1da=4 l1d=16 l1ia=8 l1i=16 l2a=4 l2=256 l3a=4 l3=2048 robc=2 robd=2 robw=32   2.5100   0.9862    42.37    17.01  Strongly Sust.
  bpt=pentium_m l1da=4 l1d=16 l1ia=8 l1i=16 l2a=4 l2=256 l3a=4 l3=2048 robc=2 robd=2 robw=32   2.5104   0.9857    42.37    17.01  Strongly Sust.
  bpt=nn l1da=4 l1d=16 l1ia=8 l1i=16 l2a=4 l2=256 l3a=4 l3=2048 nnbl=64 nnlr=0.005 robc=2 robd=2 robw=32   2.5235   0.9705    42.37    16.92  Strongly Sust.
  bp=1024 bpt=a53 l1da=4 l1d=16 l1ia=8 l1i=16 l2a=4 l2=256 l3a=4 l3=2048 nhist=4 robc=2 robd=2 robw=16   2.5507   0.9705    42.28    16.75  Strongly Sust.
  bp=512 bpt=a53 l1da=4 l1d=16 l1ia=8 l1i=16 l2a=4 l2=256 l3a=4 l3=2048 nhist=2 robc=8 robd=2 robw=16   2.5546   0.9649    42.28    16.73  Strongly Sust.
  bp=512 bpt=a53 l1da=4 l1d=16 l1ia=8 l1i=16 l2a=4 l2=256 l3a=4 l3=2048 nhist=2 robc=2 robd=2 robw=16   2.5546   0.9649    42.28    16.73  Strongly Sust.
  bpt=nn l1da=4 l1d=16 l1ia=8 l1i=16 l2a=4 l2=256 l3a=4 l3=2048 nnbl=64 nnlr=0.005 robc=2 robd=2 robw=16   2.5689   0.9508    42.28    16.63  Strongly Sust.
  bpt=nn l1da=4 l1d=16 l1ia=8 l1i=16 l2a=4 l2=256 l3a=4 l3=2048 nnbl=16 nnlr=0.0005 robc=10 robd=2 robw=16   2.5824   0.9403    42.28    16.55  Strongly Sust.
  bpt=nn l1da=4 l1d=16 l1ia=8 l1i=16 l2a=4 l2=256 l3a=4 l3=2048 nnbl=16 nnlr=0.0005 robc=2 robd=2 robw=16   2.5854   0.9363    42.28    16.53  Strongly Sust.
  Ran sniper 1 time this iteration (80 total).

=== Iteration 75 ===
  Evaluating 1 configuration(s) (top acquisition score of 400 candidates)...
  [mesmo] bp=512 bpt=a53 l1da=8 l1d=32 l1ia=4 l1i=16 l2a=8 l2=512 l3a=8 l3=1024 nhist=2 robc=2 robd=4 robw=64  ASI= 1.8109  S=1.0115  A=  48.09  P= 22.65  [Strongly Sust.]  [ML2=1.06x, CCl=1.00x, MIP=1.00x, EI=0.99x]
  Deleted 2 non-Pareto output directories.

  Pareto front after iteration 75 (21 points, HV=2.6028):
  Params                                  ASI  Speedup     Area  PeakPow  Region
  ──────────────────────────────────────────────────────────────────────────────
  bpt=tage l1da=4 l1d=64 l1ia=8 l1i=16 l2a=4 l2=512 l3a=16 l3=8192 robc=8 robd=10 robw=1024  -0.0112   1.0180   288.40  2638.40  Unsustainable
  bpt=pentium_m l1da=4 l1d=64 l1ia=4 l1i=64 l2a=8 l2=512 l3a=8 l3=1024 robc=10 robd=10 robw=512   0.0115   1.0180   131.82  1434.20  Unsustainable
  bpt=pentium_m l1da=8 l1d=64 l1ia=4 l1i=64 l2a=8 l2=512 l3a=16 l3=1024 robc=8 robd=10 robw=256   0.0256   1.0177   101.17   995.75  Unsustainable
  bpt=pentium_m l1da=8 l1d=64 l1ia=4 l1i=64 l2a=8 l2=512 l3a=16 l3=1024 robc=8 robd=10 robw=128   0.0690   1.0175    78.77   464.46  Unsustainable
  bpt=pentium_m l1da=8 l1d=32 l1ia=4 l1i=16 l2a=8 l2=512 l3a=4 l3=1024 robc=8 robd=10 robw=64   0.6048   1.0169    63.13    60.55  Unsustainable
  bp=512 bpt=a53 l1da=4 l1d=32 l1ia=8 l1i=64 l2a=8 l2=512 l3a=4 l3=2048 nhist=4 robc=10 robd=8 robw=64   0.8359   1.0163    62.05    44.18  Unsustainable
  bp=1024 bpt=a53 l1da=4 l1d=32 l1ia=8 l1i=64 l2a=8 l2=512 l3a=4 l3=2048 nhist=2 robc=8 robd=8 robw=64   0.8359   1.0162    62.05    44.18  Unsustainable
  bp=1024 bpt=a53 l1da=4 l1d=32 l1ia=8 l1i=64 l2a=8 l2=512 l3a=4 l3=2048 nhist=2 robc=10 robd=8 robw=64   0.8359   1.0162    62.05    44.18  Unsustainable
  bp=512 bpt=a53 l1da=8 l1d=32 l1ia=4 l1i=16 l2a=8 l2=512 l3a=8 l3=1024 nhist=2 robc=2 robd=4 robw=64   1.8109   1.0115    48.09    22.65  Strongly Sust.
  bpt=pentium_m l1da=4 l1d=16 l1ia=8 l1i=16 l2a=4 l2=256 l3a=4 l3=2048 robc=2 robd=2 robw=256   2.4282   0.9933    42.61    17.56  Strongly Sust.
  bpt=pentium_m l1da=4 l1d=16 l1ia=8 l1i=16 l2a=4 l2=256 l3a=4 l3=2048 robc=2 robd=2 robw=64   2.4777   0.9933    42.43    17.23  Strongly Sust.
  bpt=nn l1da=4 l1d=16 l1ia=8 l1i=16 l2a=4 l2=256 l3a=4 l3=2048 nnbl=64 nnlr=0.0005 robc=2 robd=2 robw=64   2.4801   0.9877    42.43    17.21  Strongly Sust.
  bpt=tage l1da=4 l1d=16 l1ia=8 l1i=16 l2a=4 l2=256 l3a=4 l3=2048 robc=2 robd=2 robw=32   2.5100   0.9862    42.37    17.01  Strongly Sust.
  bpt=pentium_m l1da=4 l1d=16 l1ia=8 l1i=16 l2a=4 l2=256 l3a=4 l3=2048 robc=2 robd=2 robw=32   2.5104   0.9857    42.37    17.01  Strongly Sust.
  bpt=nn l1da=4 l1d=16 l1ia=8 l1i=16 l2a=4 l2=256 l3a=4 l3=2048 nnbl=64 nnlr=0.005 robc=2 robd=2 robw=32   2.5235   0.9705    42.37    16.92  Strongly Sust.
  bp=1024 bpt=a53 l1da=4 l1d=16 l1ia=8 l1i=16 l2a=4 l2=256 l3a=4 l3=2048 nhist=4 robc=2 robd=2 robw=16   2.5507   0.9705    42.28    16.75  Strongly Sust.
  bp=512 bpt=a53 l1da=4 l1d=16 l1ia=8 l1i=16 l2a=4 l2=256 l3a=4 l3=2048 nhist=2 robc=8 robd=2 robw=16   2.5546   0.9649    42.28    16.73  Strongly Sust.
  bp=512 bpt=a53 l1da=4 l1d=16 l1ia=8 l1i=16 l2a=4 l2=256 l3a=4 l3=2048 nhist=2 robc=2 robd=2 robw=16   2.5546   0.9649    42.28    16.73  Strongly Sust.
  bpt=nn l1da=4 l1d=16 l1ia=8 l1i=16 l2a=4 l2=256 l3a=4 l3=2048 nnbl=64 nnlr=0.005 robc=2 robd=2 robw=16   2.5689   0.9508    42.28    16.63  Strongly Sust.
  bpt=nn l1da=4 l1d=16 l1ia=8 l1i=16 l2a=4 l2=256 l3a=4 l3=2048 nnbl=16 nnlr=0.0005 robc=10 robd=2 robw=16   2.5824   0.9403    42.28    16.55  Strongly Sust.
  bpt=nn l1da=4 l1d=16 l1ia=8 l1i=16 l2a=4 l2=256 l3a=4 l3=2048 nnbl=16 nnlr=0.0005 robc=2 robd=2 robw=16   2.5854   0.9363    42.28    16.53  Strongly Sust.
  Ran sniper 1 time this iteration (81 total).

=== Iteration 76 ===
  Evaluating 1 configuration(s) (top acquisition score of 400 candidates)...
  [mesmo] bp=2048 bpt=a53 l1da=8 l1d=16 l1ia=8 l1i=32 l2a=8 l2=512 l3a=16 l3=1024 nhist=4 robc=10 robd=10 robw=512  ASI= 0.0102  S=1.0169  A= 138.02  P=1435.70  [Unsustainable]  [ML2=1.06x, CCl=1.00x, MIP=1.01x, EI=1.00x]
  Deleted 1 non-Pareto output directory.

  Pareto front after iteration 76 (21 points, HV=2.6028):
  Params                                  ASI  Speedup     Area  PeakPow  Region
  ──────────────────────────────────────────────────────────────────────────────
  bpt=tage l1da=4 l1d=64 l1ia=8 l1i=16 l2a=4 l2=512 l3a=16 l3=8192 robc=8 robd=10 robw=1024  -0.0112   1.0180   288.40  2638.40  Unsustainable
  bpt=pentium_m l1da=4 l1d=64 l1ia=4 l1i=64 l2a=8 l2=512 l3a=8 l3=1024 robc=10 robd=10 robw=512   0.0115   1.0180   131.82  1434.20  Unsustainable
  bpt=pentium_m l1da=8 l1d=64 l1ia=4 l1i=64 l2a=8 l2=512 l3a=16 l3=1024 robc=8 robd=10 robw=256   0.0256   1.0177   101.17   995.75  Unsustainable
  bpt=pentium_m l1da=8 l1d=64 l1ia=4 l1i=64 l2a=8 l2=512 l3a=16 l3=1024 robc=8 robd=10 robw=128   0.0690   1.0175    78.77   464.46  Unsustainable
  bpt=pentium_m l1da=8 l1d=32 l1ia=4 l1i=16 l2a=8 l2=512 l3a=4 l3=1024 robc=8 robd=10 robw=64   0.6048   1.0169    63.13    60.55  Unsustainable
  bp=512 bpt=a53 l1da=4 l1d=32 l1ia=8 l1i=64 l2a=8 l2=512 l3a=4 l3=2048 nhist=4 robc=10 robd=8 robw=64   0.8359   1.0163    62.05    44.18  Unsustainable
  bp=1024 bpt=a53 l1da=4 l1d=32 l1ia=8 l1i=64 l2a=8 l2=512 l3a=4 l3=2048 nhist=2 robc=8 robd=8 robw=64   0.8359   1.0162    62.05    44.18  Unsustainable
  bp=1024 bpt=a53 l1da=4 l1d=32 l1ia=8 l1i=64 l2a=8 l2=512 l3a=4 l3=2048 nhist=2 robc=10 robd=8 robw=64   0.8359   1.0162    62.05    44.18  Unsustainable
  bp=512 bpt=a53 l1da=8 l1d=32 l1ia=4 l1i=16 l2a=8 l2=512 l3a=8 l3=1024 nhist=2 robc=2 robd=4 robw=64   1.8109   1.0115    48.09    22.65  Strongly Sust.
  bpt=pentium_m l1da=4 l1d=16 l1ia=8 l1i=16 l2a=4 l2=256 l3a=4 l3=2048 robc=2 robd=2 robw=256   2.4282   0.9933    42.61    17.56  Strongly Sust.
  bpt=pentium_m l1da=4 l1d=16 l1ia=8 l1i=16 l2a=4 l2=256 l3a=4 l3=2048 robc=2 robd=2 robw=64   2.4777   0.9933    42.43    17.23  Strongly Sust.
  bpt=nn l1da=4 l1d=16 l1ia=8 l1i=16 l2a=4 l2=256 l3a=4 l3=2048 nnbl=64 nnlr=0.0005 robc=2 robd=2 robw=64   2.4801   0.9877    42.43    17.21  Strongly Sust.
  bpt=tage l1da=4 l1d=16 l1ia=8 l1i=16 l2a=4 l2=256 l3a=4 l3=2048 robc=2 robd=2 robw=32   2.5100   0.9862    42.37    17.01  Strongly Sust.
  bpt=pentium_m l1da=4 l1d=16 l1ia=8 l1i=16 l2a=4 l2=256 l3a=4 l3=2048 robc=2 robd=2 robw=32   2.5104   0.9857    42.37    17.01  Strongly Sust.
  bpt=nn l1da=4 l1d=16 l1ia=8 l1i=16 l2a=4 l2=256 l3a=4 l3=2048 nnbl=64 nnlr=0.005 robc=2 robd=2 robw=32   2.5235   0.9705    42.37    16.92  Strongly Sust.
  bp=1024 bpt=a53 l1da=4 l1d=16 l1ia=8 l1i=16 l2a=4 l2=256 l3a=4 l3=2048 nhist=4 robc=2 robd=2 robw=16   2.5507   0.9705    42.28    16.75  Strongly Sust.
  bp=512 bpt=a53 l1da=4 l1d=16 l1ia=8 l1i=16 l2a=4 l2=256 l3a=4 l3=2048 nhist=2 robc=8 robd=2 robw=16   2.5546   0.9649    42.28    16.73  Strongly Sust.
  bp=512 bpt=a53 l1da=4 l1d=16 l1ia=8 l1i=16 l2a=4 l2=256 l3a=4 l3=2048 nhist=2 robc=2 robd=2 robw=16   2.5546   0.9649    42.28    16.73  Strongly Sust.
  bpt=nn l1da=4 l1d=16 l1ia=8 l1i=16 l2a=4 l2=256 l3a=4 l3=2048 nnbl=64 nnlr=0.005 robc=2 robd=2 robw=16   2.5689   0.9508    42.28    16.63  Strongly Sust.
  bpt=nn l1da=4 l1d=16 l1ia=8 l1i=16 l2a=4 l2=256 l3a=4 l3=2048 nnbl=16 nnlr=0.0005 robc=10 robd=2 robw=16   2.5824   0.9403    42.28    16.55  Strongly Sust.
  bpt=nn l1da=4 l1d=16 l1ia=8 l1i=16 l2a=4 l2=256 l3a=4 l3=2048 nnbl=16 nnlr=0.0005 robc=2 robd=2 robw=16   2.5854   0.9363    42.28    16.53  Strongly Sust.
  Ran sniper 1 time this iteration (82 total).

=== Iteration 77 ===
  Evaluating 1 configuration(s) (top acquisition score of 400 candidates)...
  [mesmo] bp=512 bpt=a53 l1da=8 l1d=32 l1ia=8 l1i=16 l2a=4 l2=512 l3a=16 l3=8192 nhist=2 robc=2 robd=10 robw=64  ASI= 0.3143  S=1.0138  A= 116.35  P= 66.85  [Unsustainable]  [ML2=1.06x, CCl=1.00x, MIP=1.01x, EI=0.99x]
  Deleted 1 non-Pareto output directory.

  Pareto front after iteration 77 (21 points, HV=2.6028):
  Params                                  ASI  Speedup     Area  PeakPow  Region
  ──────────────────────────────────────────────────────────────────────────────
  bpt=tage l1da=4 l1d=64 l1ia=8 l1i=16 l2a=4 l2=512 l3a=16 l3=8192 robc=8 robd=10 robw=1024  -0.0112   1.0180   288.40  2638.40  Unsustainable
  bpt=pentium_m l1da=4 l1d=64 l1ia=4 l1i=64 l2a=8 l2=512 l3a=8 l3=1024 robc=10 robd=10 robw=512   0.0115   1.0180   131.82  1434.20  Unsustainable
  bpt=pentium_m l1da=8 l1d=64 l1ia=4 l1i=64 l2a=8 l2=512 l3a=16 l3=1024 robc=8 robd=10 robw=256   0.0256   1.0177   101.17   995.75  Unsustainable
  bpt=pentium_m l1da=8 l1d=64 l1ia=4 l1i=64 l2a=8 l2=512 l3a=16 l3=1024 robc=8 robd=10 robw=128   0.0690   1.0175    78.77   464.46  Unsustainable
  bpt=pentium_m l1da=8 l1d=32 l1ia=4 l1i=16 l2a=8 l2=512 l3a=4 l3=1024 robc=8 robd=10 robw=64   0.6048   1.0169    63.13    60.55  Unsustainable
  bp=512 bpt=a53 l1da=4 l1d=32 l1ia=8 l1i=64 l2a=8 l2=512 l3a=4 l3=2048 nhist=4 robc=10 robd=8 robw=64   0.8359   1.0163    62.05    44.18  Unsustainable
  bp=1024 bpt=a53 l1da=4 l1d=32 l1ia=8 l1i=64 l2a=8 l2=512 l3a=4 l3=2048 nhist=2 robc=8 robd=8 robw=64   0.8359   1.0162    62.05    44.18  Unsustainable
  bp=1024 bpt=a53 l1da=4 l1d=32 l1ia=8 l1i=64 l2a=8 l2=512 l3a=4 l3=2048 nhist=2 robc=10 robd=8 robw=64   0.8359   1.0162    62.05    44.18  Unsustainable
  bp=512 bpt=a53 l1da=8 l1d=32 l1ia=4 l1i=16 l2a=8 l2=512 l3a=8 l3=1024 nhist=2 robc=2 robd=4 robw=64   1.8109   1.0115    48.09    22.65  Strongly Sust.
  bpt=pentium_m l1da=4 l1d=16 l1ia=8 l1i=16 l2a=4 l2=256 l3a=4 l3=2048 robc=2 robd=2 robw=256   2.4282   0.9933    42.61    17.56  Strongly Sust.
  bpt=pentium_m l1da=4 l1d=16 l1ia=8 l1i=16 l2a=4 l2=256 l3a=4 l3=2048 robc=2 robd=2 robw=64   2.4777   0.9933    42.43    17.23  Strongly Sust.
  bpt=nn l1da=4 l1d=16 l1ia=8 l1i=16 l2a=4 l2=256 l3a=4 l3=2048 nnbl=64 nnlr=0.0005 robc=2 robd=2 robw=64   2.4801   0.9877    42.43    17.21  Strongly Sust.
  bpt=tage l1da=4 l1d=16 l1ia=8 l1i=16 l2a=4 l2=256 l3a=4 l3=2048 robc=2 robd=2 robw=32   2.5100   0.9862    42.37    17.01  Strongly Sust.
  bpt=pentium_m l1da=4 l1d=16 l1ia=8 l1i=16 l2a=4 l2=256 l3a=4 l3=2048 robc=2 robd=2 robw=32   2.5104   0.9857    42.37    17.01  Strongly Sust.
  bpt=nn l1da=4 l1d=16 l1ia=8 l1i=16 l2a=4 l2=256 l3a=4 l3=2048 nnbl=64 nnlr=0.005 robc=2 robd=2 robw=32   2.5235   0.9705    42.37    16.92  Strongly Sust.
  bp=1024 bpt=a53 l1da=4 l1d=16 l1ia=8 l1i=16 l2a=4 l2=256 l3a=4 l3=2048 nhist=4 robc=2 robd=2 robw=16   2.5507   0.9705    42.28    16.75  Strongly Sust.
  bp=512 bpt=a53 l1da=4 l1d=16 l1ia=8 l1i=16 l2a=4 l2=256 l3a=4 l3=2048 nhist=2 robc=8 robd=2 robw=16   2.5546   0.9649    42.28    16.73  Strongly Sust.
  bp=512 bpt=a53 l1da=4 l1d=16 l1ia=8 l1i=16 l2a=4 l2=256 l3a=4 l3=2048 nhist=2 robc=2 robd=2 robw=16   2.5546   0.9649    42.28    16.73  Strongly Sust.
  bpt=nn l1da=4 l1d=16 l1ia=8 l1i=16 l2a=4 l2=256 l3a=4 l3=2048 nnbl=64 nnlr=0.005 robc=2 robd=2 robw=16   2.5689   0.9508    42.28    16.63  Strongly Sust.
  bpt=nn l1da=4 l1d=16 l1ia=8 l1i=16 l2a=4 l2=256 l3a=4 l3=2048 nnbl=16 nnlr=0.0005 robc=10 robd=2 robw=16   2.5824   0.9403    42.28    16.55  Strongly Sust.
  bpt=nn l1da=4 l1d=16 l1ia=8 l1i=16 l2a=4 l2=256 l3a=4 l3=2048 nnbl=16 nnlr=0.0005 robc=2 robd=2 robw=16   2.5854   0.9363    42.28    16.53  Strongly Sust.
  Ran sniper 1 time this iteration (83 total).

=== Iteration 78 ===
  Evaluating 1 configuration(s) (top acquisition score of 400 candidates)...
  [mesmo] bpt=tage l1da=8 l1d=64 l1ia=8 l1i=64 l2a=8 l2=512 l3a=16 l3=8192 robc=8 robd=8 robw=1024  ASI=-0.0060  S=1.0174  A= 212.31  P=1195.80  [Unsustainable]  [ML2=1.06x, CCl=1.00x, MIP=1.01x, EI=1.00x]
  Deleted 1 non-Pareto output directory.

  Pareto front after iteration 78 (21 points, HV=2.6028):
  Params                                  ASI  Speedup     Area  PeakPow  Region
  ──────────────────────────────────────────────────────────────────────────────
  bpt=tage l1da=4 l1d=64 l1ia=8 l1i=16 l2a=4 l2=512 l3a=16 l3=8192 robc=8 robd=10 robw=1024  -0.0112   1.0180   288.40  2638.40  Unsustainable
  bpt=pentium_m l1da=4 l1d=64 l1ia=4 l1i=64 l2a=8 l2=512 l3a=8 l3=1024 robc=10 robd=10 robw=512   0.0115   1.0180   131.82  1434.20  Unsustainable
  bpt=pentium_m l1da=8 l1d=64 l1ia=4 l1i=64 l2a=8 l2=512 l3a=16 l3=1024 robc=8 robd=10 robw=256   0.0256   1.0177   101.17   995.75  Unsustainable
  bpt=pentium_m l1da=8 l1d=64 l1ia=4 l1i=64 l2a=8 l2=512 l3a=16 l3=1024 robc=8 robd=10 robw=128   0.0690   1.0175    78.77   464.46  Unsustainable
  bpt=pentium_m l1da=8 l1d=32 l1ia=4 l1i=16 l2a=8 l2=512 l3a=4 l3=1024 robc=8 robd=10 robw=64   0.6048   1.0169    63.13    60.55  Unsustainable
  bp=512 bpt=a53 l1da=4 l1d=32 l1ia=8 l1i=64 l2a=8 l2=512 l3a=4 l3=2048 nhist=4 robc=10 robd=8 robw=64   0.8359   1.0163    62.05    44.18  Unsustainable
  bp=1024 bpt=a53 l1da=4 l1d=32 l1ia=8 l1i=64 l2a=8 l2=512 l3a=4 l3=2048 nhist=2 robc=8 robd=8 robw=64   0.8359   1.0162    62.05    44.18  Unsustainable
  bp=1024 bpt=a53 l1da=4 l1d=32 l1ia=8 l1i=64 l2a=8 l2=512 l3a=4 l3=2048 nhist=2 robc=10 robd=8 robw=64   0.8359   1.0162    62.05    44.18  Unsustainable
  bp=512 bpt=a53 l1da=8 l1d=32 l1ia=4 l1i=16 l2a=8 l2=512 l3a=8 l3=1024 nhist=2 robc=2 robd=4 robw=64   1.8109   1.0115    48.09    22.65  Strongly Sust.
  bpt=pentium_m l1da=4 l1d=16 l1ia=8 l1i=16 l2a=4 l2=256 l3a=4 l3=2048 robc=2 robd=2 robw=256   2.4282   0.9933    42.61    17.56  Strongly Sust.
  bpt=pentium_m l1da=4 l1d=16 l1ia=8 l1i=16 l2a=4 l2=256 l3a=4 l3=2048 robc=2 robd=2 robw=64   2.4777   0.9933    42.43    17.23  Strongly Sust.
  bpt=nn l1da=4 l1d=16 l1ia=8 l1i=16 l2a=4 l2=256 l3a=4 l3=2048 nnbl=64 nnlr=0.0005 robc=2 robd=2 robw=64   2.4801   0.9877    42.43    17.21  Strongly Sust.
  bpt=tage l1da=4 l1d=16 l1ia=8 l1i=16 l2a=4 l2=256 l3a=4 l3=2048 robc=2 robd=2 robw=32   2.5100   0.9862    42.37    17.01  Strongly Sust.
  bpt=pentium_m l1da=4 l1d=16 l1ia=8 l1i=16 l2a=4 l2=256 l3a=4 l3=2048 robc=2 robd=2 robw=32   2.5104   0.9857    42.37    17.01  Strongly Sust.
  bpt=nn l1da=4 l1d=16 l1ia=8 l1i=16 l2a=4 l2=256 l3a=4 l3=2048 nnbl=64 nnlr=0.005 robc=2 robd=2 robw=32   2.5235   0.9705    42.37    16.92  Strongly Sust.
  bp=1024 bpt=a53 l1da=4 l1d=16 l1ia=8 l1i=16 l2a=4 l2=256 l3a=4 l3=2048 nhist=4 robc=2 robd=2 robw=16   2.5507   0.9705    42.28    16.75  Strongly Sust.
  bp=512 bpt=a53 l1da=4 l1d=16 l1ia=8 l1i=16 l2a=4 l2=256 l3a=4 l3=2048 nhist=2 robc=8 robd=2 robw=16   2.5546   0.9649    42.28    16.73  Strongly Sust.
  bp=512 bpt=a53 l1da=4 l1d=16 l1ia=8 l1i=16 l2a=4 l2=256 l3a=4 l3=2048 nhist=2 robc=2 robd=2 robw=16   2.5546   0.9649    42.28    16.73  Strongly Sust.
  bpt=nn l1da=4 l1d=16 l1ia=8 l1i=16 l2a=4 l2=256 l3a=4 l3=2048 nnbl=64 nnlr=0.005 robc=2 robd=2 robw=16   2.5689   0.9508    42.28    16.63  Strongly Sust.
  bpt=nn l1da=4 l1d=16 l1ia=8 l1i=16 l2a=4 l2=256 l3a=4 l3=2048 nnbl=16 nnlr=0.0005 robc=10 robd=2 robw=16   2.5824   0.9403    42.28    16.55  Strongly Sust.
  bpt=nn l1da=4 l1d=16 l1ia=8 l1i=16 l2a=4 l2=256 l3a=4 l3=2048 nnbl=16 nnlr=0.0005 robc=2 robd=2 robw=16   2.5854   0.9363    42.28    16.53  Strongly Sust.
  Ran sniper 1 time this iteration (84 total).

=== Iteration 79 ===
  Evaluating 1 configuration(s) (top acquisition score of 400 candidates)...
  [mesmo] bp=2048 bpt=a53 l1da=4 l1d=32 l1ia=8 l1i=32 l2a=4 l2=256 l3a=8 l3=4096 nhist=2 robc=10 robd=8 robw=1024  ASI= 0.0049  S=1.0026  A= 168.27  P=1190.78  [Unsustainable]  [ML2=1.00x, CCl=1.00x, MIP=1.01x, EI=1.00x]
  Deleted 1 non-Pareto output directory.

  Pareto front after iteration 79 (21 points, HV=2.6028):
  Params                                  ASI  Speedup     Area  PeakPow  Region
  ──────────────────────────────────────────────────────────────────────────────
  bpt=tage l1da=4 l1d=64 l1ia=8 l1i=16 l2a=4 l2=512 l3a=16 l3=8192 robc=8 robd=10 robw=1024  -0.0112   1.0180   288.40  2638.40  Unsustainable
  bpt=pentium_m l1da=4 l1d=64 l1ia=4 l1i=64 l2a=8 l2=512 l3a=8 l3=1024 robc=10 robd=10 robw=512   0.0115   1.0180   131.82  1434.20  Unsustainable
  bpt=pentium_m l1da=8 l1d=64 l1ia=4 l1i=64 l2a=8 l2=512 l3a=16 l3=1024 robc=8 robd=10 robw=256   0.0256   1.0177   101.17   995.75  Unsustainable
  bpt=pentium_m l1da=8 l1d=64 l1ia=4 l1i=64 l2a=8 l2=512 l3a=16 l3=1024 robc=8 robd=10 robw=128   0.0690   1.0175    78.77   464.46  Unsustainable
  bpt=pentium_m l1da=8 l1d=32 l1ia=4 l1i=16 l2a=8 l2=512 l3a=4 l3=1024 robc=8 robd=10 robw=64   0.6048   1.0169    63.13    60.55  Unsustainable
  bp=512 bpt=a53 l1da=4 l1d=32 l1ia=8 l1i=64 l2a=8 l2=512 l3a=4 l3=2048 nhist=4 robc=10 robd=8 robw=64   0.8359   1.0163    62.05    44.18  Unsustainable
  bp=1024 bpt=a53 l1da=4 l1d=32 l1ia=8 l1i=64 l2a=8 l2=512 l3a=4 l3=2048 nhist=2 robc=8 robd=8 robw=64   0.8359   1.0162    62.05    44.18  Unsustainable
  bp=1024 bpt=a53 l1da=4 l1d=32 l1ia=8 l1i=64 l2a=8 l2=512 l3a=4 l3=2048 nhist=2 robc=10 robd=8 robw=64   0.8359   1.0162    62.05    44.18  Unsustainable
  bp=512 bpt=a53 l1da=8 l1d=32 l1ia=4 l1i=16 l2a=8 l2=512 l3a=8 l3=1024 nhist=2 robc=2 robd=4 robw=64   1.8109   1.0115    48.09    22.65  Strongly Sust.
  bpt=pentium_m l1da=4 l1d=16 l1ia=8 l1i=16 l2a=4 l2=256 l3a=4 l3=2048 robc=2 robd=2 robw=256   2.4282   0.9933    42.61    17.56  Strongly Sust.
  bpt=pentium_m l1da=4 l1d=16 l1ia=8 l1i=16 l2a=4 l2=256 l3a=4 l3=2048 robc=2 robd=2 robw=64   2.4777   0.9933    42.43    17.23  Strongly Sust.
  bpt=nn l1da=4 l1d=16 l1ia=8 l1i=16 l2a=4 l2=256 l3a=4 l3=2048 nnbl=64 nnlr=0.0005 robc=2 robd=2 robw=64   2.4801   0.9877    42.43    17.21  Strongly Sust.
  bpt=tage l1da=4 l1d=16 l1ia=8 l1i=16 l2a=4 l2=256 l3a=4 l3=2048 robc=2 robd=2 robw=32   2.5100   0.9862    42.37    17.01  Strongly Sust.
  bpt=pentium_m l1da=4 l1d=16 l1ia=8 l1i=16 l2a=4 l2=256 l3a=4 l3=2048 robc=2 robd=2 robw=32   2.5104   0.9857    42.37    17.01  Strongly Sust.
  bpt=nn l1da=4 l1d=16 l1ia=8 l1i=16 l2a=4 l2=256 l3a=4 l3=2048 nnbl=64 nnlr=0.005 robc=2 robd=2 robw=32   2.5235   0.9705    42.37    16.92  Strongly Sust.
  bp=1024 bpt=a53 l1da=4 l1d=16 l1ia=8 l1i=16 l2a=4 l2=256 l3a=4 l3=2048 nhist=4 robc=2 robd=2 robw=16   2.5507   0.9705    42.28    16.75  Strongly Sust.
  bp=512 bpt=a53 l1da=4 l1d=16 l1ia=8 l1i=16 l2a=4 l2=256 l3a=4 l3=2048 nhist=2 robc=8 robd=2 robw=16   2.5546   0.9649    42.28    16.73  Strongly Sust.
  bp=512 bpt=a53 l1da=4 l1d=16 l1ia=8 l1i=16 l2a=4 l2=256 l3a=4 l3=2048 nhist=2 robc=2 robd=2 robw=16   2.5546   0.9649    42.28    16.73  Strongly Sust.
  bpt=nn l1da=4 l1d=16 l1ia=8 l1i=16 l2a=4 l2=256 l3a=4 l3=2048 nnbl=64 nnlr=0.005 robc=2 robd=2 robw=16   2.5689   0.9508    42.28    16.63  Strongly Sust.
  bpt=nn l1da=4 l1d=16 l1ia=8 l1i=16 l2a=4 l2=256 l3a=4 l3=2048 nnbl=16 nnlr=0.0005 robc=10 robd=2 robw=16   2.5824   0.9403    42.28    16.55  Strongly Sust.
  bpt=nn l1da=4 l1d=16 l1ia=8 l1i=16 l2a=4 l2=256 l3a=4 l3=2048 nnbl=16 nnlr=0.0005 robc=2 robd=2 robw=16   2.5854   0.9363    42.28    16.53  Strongly Sust.
  Ran sniper 1 time this iteration (85 total).

=== Iteration 80 ===
  Evaluating 1 configuration(s) (top acquisition score of 400 candidates)...
  [mesmo] bpt=nn l1da=8 l1d=16 l1ia=8 l1i=16 l2a=8 l2=128 l3a=4 l3=1024 nnbl=64 nnlr=0.005 robc=2 robd=4 robw=64  ASI= 1.9760  S=0.9541  A=  40.88  P= 21.83  [Strongly Sust.]  [ML2=0.96x, CCl=1.00x, MIP=1.00x, EI=0.86x]
  Deleted 1 non-Pareto output directory.

  Pareto front after iteration 80 (21 points, HV=2.6028):
  Params                                  ASI  Speedup     Area  PeakPow  Region
  ──────────────────────────────────────────────────────────────────────────────
  bpt=tage l1da=4 l1d=64 l1ia=8 l1i=16 l2a=4 l2=512 l3a=16 l3=8192 robc=8 robd=10 robw=1024  -0.0112   1.0180   288.40  2638.40  Unsustainable
  bpt=pentium_m l1da=4 l1d=64 l1ia=4 l1i=64 l2a=8 l2=512 l3a=8 l3=1024 robc=10 robd=10 robw=512   0.0115   1.0180   131.82  1434.20  Unsustainable
  bpt=pentium_m l1da=8 l1d=64 l1ia=4 l1i=64 l2a=8 l2=512 l3a=16 l3=1024 robc=8 robd=10 robw=256   0.0256   1.0177   101.17   995.75  Unsustainable
  bpt=pentium_m l1da=8 l1d=64 l1ia=4 l1i=64 l2a=8 l2=512 l3a=16 l3=1024 robc=8 robd=10 robw=128   0.0690   1.0175    78.77   464.46  Unsustainable
  bpt=pentium_m l1da=8 l1d=32 l1ia=4 l1i=16 l2a=8 l2=512 l3a=4 l3=1024 robc=8 robd=10 robw=64   0.6048   1.0169    63.13    60.55  Unsustainable
  bp=512 bpt=a53 l1da=4 l1d=32 l1ia=8 l1i=64 l2a=8 l2=512 l3a=4 l3=2048 nhist=4 robc=10 robd=8 robw=64   0.8359   1.0163    62.05    44.18  Unsustainable
  bp=1024 bpt=a53 l1da=4 l1d=32 l1ia=8 l1i=64 l2a=8 l2=512 l3a=4 l3=2048 nhist=2 robc=8 robd=8 robw=64   0.8359   1.0162    62.05    44.18  Unsustainable
  bp=1024 bpt=a53 l1da=4 l1d=32 l1ia=8 l1i=64 l2a=8 l2=512 l3a=4 l3=2048 nhist=2 robc=10 robd=8 robw=64   0.8359   1.0162    62.05    44.18  Unsustainable
  bp=512 bpt=a53 l1da=8 l1d=32 l1ia=4 l1i=16 l2a=8 l2=512 l3a=8 l3=1024 nhist=2 robc=2 robd=4 robw=64   1.8109   1.0115    48.09    22.65  Strongly Sust.
  bpt=pentium_m l1da=4 l1d=16 l1ia=8 l1i=16 l2a=4 l2=256 l3a=4 l3=2048 robc=2 robd=2 robw=256   2.4282   0.9933    42.61    17.56  Strongly Sust.
  bpt=pentium_m l1da=4 l1d=16 l1ia=8 l1i=16 l2a=4 l2=256 l3a=4 l3=2048 robc=2 robd=2 robw=64   2.4777   0.9933    42.43    17.23  Strongly Sust.
  bpt=nn l1da=4 l1d=16 l1ia=8 l1i=16 l2a=4 l2=256 l3a=4 l3=2048 nnbl=64 nnlr=0.0005 robc=2 robd=2 robw=64   2.4801   0.9877    42.43    17.21  Strongly Sust.
  bpt=tage l1da=4 l1d=16 l1ia=8 l1i=16 l2a=4 l2=256 l3a=4 l3=2048 robc=2 robd=2 robw=32   2.5100   0.9862    42.37    17.01  Strongly Sust.
  bpt=pentium_m l1da=4 l1d=16 l1ia=8 l1i=16 l2a=4 l2=256 l3a=4 l3=2048 robc=2 robd=2 robw=32   2.5104   0.9857    42.37    17.01  Strongly Sust.
  bpt=nn l1da=4 l1d=16 l1ia=8 l1i=16 l2a=4 l2=256 l3a=4 l3=2048 nnbl=64 nnlr=0.005 robc=2 robd=2 robw=32   2.5235   0.9705    42.37    16.92  Strongly Sust.
  bp=1024 bpt=a53 l1da=4 l1d=16 l1ia=8 l1i=16 l2a=4 l2=256 l3a=4 l3=2048 nhist=4 robc=2 robd=2 robw=16   2.5507   0.9705    42.28    16.75  Strongly Sust.
  bp=512 bpt=a53 l1da=4 l1d=16 l1ia=8 l1i=16 l2a=4 l2=256 l3a=4 l3=2048 nhist=2 robc=8 robd=2 robw=16   2.5546   0.9649    42.28    16.73  Strongly Sust.
  bp=512 bpt=a53 l1da=4 l1d=16 l1ia=8 l1i=16 l2a=4 l2=256 l3a=4 l3=2048 nhist=2 robc=2 robd=2 robw=16   2.5546   0.9649    42.28    16.73  Strongly Sust.
  bpt=nn l1da=4 l1d=16 l1ia=8 l1i=16 l2a=4 l2=256 l3a=4 l3=2048 nnbl=64 nnlr=0.005 robc=2 robd=2 robw=16   2.5689   0.9508    42.28    16.63  Strongly Sust.
  bpt=nn l1da=4 l1d=16 l1ia=8 l1i=16 l2a=4 l2=256 l3a=4 l3=2048 nnbl=16 nnlr=0.0005 robc=10 robd=2 robw=16   2.5824   0.9403    42.28    16.55  Strongly Sust.
  bpt=nn l1da=4 l1d=16 l1ia=8 l1i=16 l2a=4 l2=256 l3a=4 l3=2048 nnbl=16 nnlr=0.0005 robc=2 robd=2 robw=16   2.5854   0.9363    42.28    16.53  Strongly Sust.
  Ran sniper 1 time this iteration (86 total).

=== Iteration 81 ===
  Evaluating 1 configuration(s) (top acquisition score of 400 candidates)...
  [mesmo] bpt=tage l1da=4 l1d=16 l1ia=8 l1i=32 l2a=8 l2=512 l3a=16 l3=8192 robc=8 robd=10 robw=512  ASI= 0.0007  S=1.0172  A= 184.35  P=1440.39  [Unsustainable]  [ML2=1.06x, CCl=1.00x, MIP=1.01x, EI=1.00x]
  Deleted 1 non-Pareto output directory.

  Pareto front after iteration 81 (21 points, HV=2.6028):
  Params                                  ASI  Speedup     Area  PeakPow  Region
  ──────────────────────────────────────────────────────────────────────────────
  bpt=tage l1da=4 l1d=64 l1ia=8 l1i=16 l2a=4 l2=512 l3a=16 l3=8192 robc=8 robd=10 robw=1024  -0.0112   1.0180   288.40  2638.40  Unsustainable
  bpt=pentium_m l1da=4 l1d=64 l1ia=4 l1i=64 l2a=8 l2=512 l3a=8 l3=1024 robc=10 robd=10 robw=512   0.0115   1.0180   131.82  1434.20  Unsustainable
  bpt=pentium_m l1da=8 l1d=64 l1ia=4 l1i=64 l2a=8 l2=512 l3a=16 l3=1024 robc=8 robd=10 robw=256   0.0256   1.0177   101.17   995.75  Unsustainable
  bpt=pentium_m l1da=8 l1d=64 l1ia=4 l1i=64 l2a=8 l2=512 l3a=16 l3=1024 robc=8 robd=10 robw=128   0.0690   1.0175    78.77   464.46  Unsustainable
  bpt=pentium_m l1da=8 l1d=32 l1ia=4 l1i=16 l2a=8 l2=512 l3a=4 l3=1024 robc=8 robd=10 robw=64   0.6048   1.0169    63.13    60.55  Unsustainable
  bp=512 bpt=a53 l1da=4 l1d=32 l1ia=8 l1i=64 l2a=8 l2=512 l3a=4 l3=2048 nhist=4 robc=10 robd=8 robw=64   0.8359   1.0163    62.05    44.18  Unsustainable
  bp=1024 bpt=a53 l1da=4 l1d=32 l1ia=8 l1i=64 l2a=8 l2=512 l3a=4 l3=2048 nhist=2 robc=8 robd=8 robw=64   0.8359   1.0162    62.05    44.18  Unsustainable
  bp=1024 bpt=a53 l1da=4 l1d=32 l1ia=8 l1i=64 l2a=8 l2=512 l3a=4 l3=2048 nhist=2 robc=10 robd=8 robw=64   0.8359   1.0162    62.05    44.18  Unsustainable
  bp=512 bpt=a53 l1da=8 l1d=32 l1ia=4 l1i=16 l2a=8 l2=512 l3a=8 l3=1024 nhist=2 robc=2 robd=4 robw=64   1.8109   1.0115    48.09    22.65  Strongly Sust.
  bpt=pentium_m l1da=4 l1d=16 l1ia=8 l1i=16 l2a=4 l2=256 l3a=4 l3=2048 robc=2 robd=2 robw=256   2.4282   0.9933    42.61    17.56  Strongly Sust.
  bpt=pentium_m l1da=4 l1d=16 l1ia=8 l1i=16 l2a=4 l2=256 l3a=4 l3=2048 robc=2 robd=2 robw=64   2.4777   0.9933    42.43    17.23  Strongly Sust.
  bpt=nn l1da=4 l1d=16 l1ia=8 l1i=16 l2a=4 l2=256 l3a=4 l3=2048 nnbl=64 nnlr=0.0005 robc=2 robd=2 robw=64   2.4801   0.9877    42.43    17.21  Strongly Sust.
  bpt=tage l1da=4 l1d=16 l1ia=8 l1i=16 l2a=4 l2=256 l3a=4 l3=2048 robc=2 robd=2 robw=32   2.5100   0.9862    42.37    17.01  Strongly Sust.
  bpt=pentium_m l1da=4 l1d=16 l1ia=8 l1i=16 l2a=4 l2=256 l3a=4 l3=2048 robc=2 robd=2 robw=32   2.5104   0.9857    42.37    17.01  Strongly Sust.
  bpt=nn l1da=4 l1d=16 l1ia=8 l1i=16 l2a=4 l2=256 l3a=4 l3=2048 nnbl=64 nnlr=0.005 robc=2 robd=2 robw=32   2.5235   0.9705    42.37    16.92  Strongly Sust.
  bp=1024 bpt=a53 l1da=4 l1d=16 l1ia=8 l1i=16 l2a=4 l2=256 l3a=4 l3=2048 nhist=4 robc=2 robd=2 robw=16   2.5507   0.9705    42.28    16.75  Strongly Sust.
  bp=512 bpt=a53 l1da=4 l1d=16 l1ia=8 l1i=16 l2a=4 l2=256 l3a=4 l3=2048 nhist=2 robc=8 robd=2 robw=16   2.5546   0.9649    42.28    16.73  Strongly Sust.
  bp=512 bpt=a53 l1da=4 l1d=16 l1ia=8 l1i=16 l2a=4 l2=256 l3a=4 l3=2048 nhist=2 robc=2 robd=2 robw=16   2.5546   0.9649    42.28    16.73  Strongly Sust.
  bpt=nn l1da=4 l1d=16 l1ia=8 l1i=16 l2a=4 l2=256 l3a=4 l3=2048 nnbl=64 nnlr=0.005 robc=2 robd=2 robw=16   2.5689   0.9508    42.28    16.63  Strongly Sust.
  bpt=nn l1da=4 l1d=16 l1ia=8 l1i=16 l2a=4 l2=256 l3a=4 l3=2048 nnbl=16 nnlr=0.0005 robc=10 robd=2 robw=16   2.5824   0.9403    42.28    16.55  Strongly Sust.
  bpt=nn l1da=4 l1d=16 l1ia=8 l1i=16 l2a=4 l2=256 l3a=4 l3=2048 nnbl=16 nnlr=0.0005 robc=2 robd=2 robw=16   2.5854   0.9363    42.28    16.53  Strongly Sust.
  Ran sniper 1 time this iteration (87 total).

=== Iteration 82 ===
  Evaluating 1 configuration(s) (top acquisition score of 400 candidates)...
  [mesmo] bpt=nn l1da=8 l1d=32 l1ia=4 l1i=16 l2a=4 l2=128 l3a=4 l3=4096 nnbl=16 nnlr=0.0005 robc=8 robd=2 robw=32  ASI= 2.1127  S=0.9647  A=  56.67  P= 18.23  [Strongly Sust.]  [ML2=0.97x, CCl=0.98x, MIP=0.97x, EI=0.94x]
  Deleted 1 non-Pareto output directory.

  Pareto front after iteration 82 (21 points, HV=2.6028):
  Params                                  ASI  Speedup     Area  PeakPow  Region
  ──────────────────────────────────────────────────────────────────────────────
  bpt=tage l1da=4 l1d=64 l1ia=8 l1i=16 l2a=4 l2=512 l3a=16 l3=8192 robc=8 robd=10 robw=1024  -0.0112   1.0180   288.40  2638.40  Unsustainable
  bpt=pentium_m l1da=4 l1d=64 l1ia=4 l1i=64 l2a=8 l2=512 l3a=8 l3=1024 robc=10 robd=10 robw=512   0.0115   1.0180   131.82  1434.20  Unsustainable
  bpt=pentium_m l1da=8 l1d=64 l1ia=4 l1i=64 l2a=8 l2=512 l3a=16 l3=1024 robc=8 robd=10 robw=256   0.0256   1.0177   101.17   995.75  Unsustainable
  bpt=pentium_m l1da=8 l1d=64 l1ia=4 l1i=64 l2a=8 l2=512 l3a=16 l3=1024 robc=8 robd=10 robw=128   0.0690   1.0175    78.77   464.46  Unsustainable
  bpt=pentium_m l1da=8 l1d=32 l1ia=4 l1i=16 l2a=8 l2=512 l3a=4 l3=1024 robc=8 robd=10 robw=64   0.6048   1.0169    63.13    60.55  Unsustainable
  bp=512 bpt=a53 l1da=4 l1d=32 l1ia=8 l1i=64 l2a=8 l2=512 l3a=4 l3=2048 nhist=4 robc=10 robd=8 robw=64   0.8359   1.0163    62.05    44.18  Unsustainable
  bp=1024 bpt=a53 l1da=4 l1d=32 l1ia=8 l1i=64 l2a=8 l2=512 l3a=4 l3=2048 nhist=2 robc=8 robd=8 robw=64   0.8359   1.0162    62.05    44.18  Unsustainable
  bp=1024 bpt=a53 l1da=4 l1d=32 l1ia=8 l1i=64 l2a=8 l2=512 l3a=4 l3=2048 nhist=2 robc=10 robd=8 robw=64   0.8359   1.0162    62.05    44.18  Unsustainable
  bp=512 bpt=a53 l1da=8 l1d=32 l1ia=4 l1i=16 l2a=8 l2=512 l3a=8 l3=1024 nhist=2 robc=2 robd=4 robw=64   1.8109   1.0115    48.09    22.65  Strongly Sust.
  bpt=pentium_m l1da=4 l1d=16 l1ia=8 l1i=16 l2a=4 l2=256 l3a=4 l3=2048 robc=2 robd=2 robw=256   2.4282   0.9933    42.61    17.56  Strongly Sust.
  bpt=pentium_m l1da=4 l1d=16 l1ia=8 l1i=16 l2a=4 l2=256 l3a=4 l3=2048 robc=2 robd=2 robw=64   2.4777   0.9933    42.43    17.23  Strongly Sust.
  bpt=nn l1da=4 l1d=16 l1ia=8 l1i=16 l2a=4 l2=256 l3a=4 l3=2048 nnbl=64 nnlr=0.0005 robc=2 robd=2 robw=64   2.4801   0.9877    42.43    17.21  Strongly Sust.
  bpt=tage l1da=4 l1d=16 l1ia=8 l1i=16 l2a=4 l2=256 l3a=4 l3=2048 robc=2 robd=2 robw=32   2.5100   0.9862    42.37    17.01  Strongly Sust.
  bpt=pentium_m l1da=4 l1d=16 l1ia=8 l1i=16 l2a=4 l2=256 l3a=4 l3=2048 robc=2 robd=2 robw=32   2.5104   0.9857    42.37    17.01  Strongly Sust.
  bpt=nn l1da=4 l1d=16 l1ia=8 l1i=16 l2a=4 l2=256 l3a=4 l3=2048 nnbl=64 nnlr=0.005 robc=2 robd=2 robw=32   2.5235   0.9705    42.37    16.92  Strongly Sust.
  bp=1024 bpt=a53 l1da=4 l1d=16 l1ia=8 l1i=16 l2a=4 l2=256 l3a=4 l3=2048 nhist=4 robc=2 robd=2 robw=16   2.5507   0.9705    42.28    16.75  Strongly Sust.
  bp=512 bpt=a53 l1da=4 l1d=16 l1ia=8 l1i=16 l2a=4 l2=256 l3a=4 l3=2048 nhist=2 robc=8 robd=2 robw=16   2.5546   0.9649    42.28    16.73  Strongly Sust.
  bp=512 bpt=a53 l1da=4 l1d=16 l1ia=8 l1i=16 l2a=4 l2=256 l3a=4 l3=2048 nhist=2 robc=2 robd=2 robw=16   2.5546   0.9649    42.28    16.73  Strongly Sust.
  bpt=nn l1da=4 l1d=16 l1ia=8 l1i=16 l2a=4 l2=256 l3a=4 l3=2048 nnbl=64 nnlr=0.005 robc=2 robd=2 robw=16   2.5689   0.9508    42.28    16.63  Strongly Sust.
  bpt=nn l1da=4 l1d=16 l1ia=8 l1i=16 l2a=4 l2=256 l3a=4 l3=2048 nnbl=16 nnlr=0.0005 robc=10 robd=2 robw=16   2.5824   0.9403    42.28    16.55  Strongly Sust.
  bpt=nn l1da=4 l1d=16 l1ia=8 l1i=16 l2a=4 l2=256 l3a=4 l3=2048 nnbl=16 nnlr=0.0005 robc=2 robd=2 robw=16   2.5854   0.9363    42.28    16.53  Strongly Sust.
  Ran sniper 1 time this iteration (88 total).

=== Iteration 83 ===
  Evaluating 1 configuration(s) (top acquisition score of 400 candidates)...
  [mesmo] bpt=tage l1da=4 l1d=32 l1ia=4 l1i=64 l2a=8 l2=512 l3a=16 l3=1024 robc=4 robd=8 robw=512  ASI= 0.0332  S=1.0167  A= 101.83  P=761.58  [Unsustainable]  [ML2=1.06x, CCl=1.00x, MIP=1.01x, EI=1.00x]
  Deleted 1 non-Pareto output directory.

  Pareto front after iteration 83 (21 points, HV=2.6028):
  Params                                  ASI  Speedup     Area  PeakPow  Region
  ──────────────────────────────────────────────────────────────────────────────
  bpt=tage l1da=4 l1d=64 l1ia=8 l1i=16 l2a=4 l2=512 l3a=16 l3=8192 robc=8 robd=10 robw=1024  -0.0112   1.0180   288.40  2638.40  Unsustainable
  bpt=pentium_m l1da=4 l1d=64 l1ia=4 l1i=64 l2a=8 l2=512 l3a=8 l3=1024 robc=10 robd=10 robw=512   0.0115   1.0180   131.82  1434.20  Unsustainable
  bpt=pentium_m l1da=8 l1d=64 l1ia=4 l1i=64 l2a=8 l2=512 l3a=16 l3=1024 robc=8 robd=10 robw=256   0.0256   1.0177   101.17   995.75  Unsustainable
  bpt=pentium_m l1da=8 l1d=64 l1ia=4 l1i=64 l2a=8 l2=512 l3a=16 l3=1024 robc=8 robd=10 robw=128   0.0690   1.0175    78.77   464.46  Unsustainable
  bpt=pentium_m l1da=8 l1d=32 l1ia=4 l1i=16 l2a=8 l2=512 l3a=4 l3=1024 robc=8 robd=10 robw=64   0.6048   1.0169    63.13    60.55  Unsustainable
  bp=512 bpt=a53 l1da=4 l1d=32 l1ia=8 l1i=64 l2a=8 l2=512 l3a=4 l3=2048 nhist=4 robc=10 robd=8 robw=64   0.8359   1.0163    62.05    44.18  Unsustainable
  bp=1024 bpt=a53 l1da=4 l1d=32 l1ia=8 l1i=64 l2a=8 l2=512 l3a=4 l3=2048 nhist=2 robc=8 robd=8 robw=64   0.8359   1.0162    62.05    44.18  Unsustainable
  bp=1024 bpt=a53 l1da=4 l1d=32 l1ia=8 l1i=64 l2a=8 l2=512 l3a=4 l3=2048 nhist=2 robc=10 robd=8 robw=64   0.8359   1.0162    62.05    44.18  Unsustainable
  bp=512 bpt=a53 l1da=8 l1d=32 l1ia=4 l1i=16 l2a=8 l2=512 l3a=8 l3=1024 nhist=2 robc=2 robd=4 robw=64   1.8109   1.0115    48.09    22.65  Strongly Sust.
  bpt=pentium_m l1da=4 l1d=16 l1ia=8 l1i=16 l2a=4 l2=256 l3a=4 l3=2048 robc=2 robd=2 robw=256   2.4282   0.9933    42.61    17.56  Strongly Sust.
  bpt=pentium_m l1da=4 l1d=16 l1ia=8 l1i=16 l2a=4 l2=256 l3a=4 l3=2048 robc=2 robd=2 robw=64   2.4777   0.9933    42.43    17.23  Strongly Sust.
  bpt=nn l1da=4 l1d=16 l1ia=8 l1i=16 l2a=4 l2=256 l3a=4 l3=2048 nnbl=64 nnlr=0.0005 robc=2 robd=2 robw=64   2.4801   0.9877    42.43    17.21  Strongly Sust.
  bpt=tage l1da=4 l1d=16 l1ia=8 l1i=16 l2a=4 l2=256 l3a=4 l3=2048 robc=2 robd=2 robw=32   2.5100   0.9862    42.37    17.01  Strongly Sust.
  bpt=pentium_m l1da=4 l1d=16 l1ia=8 l1i=16 l2a=4 l2=256 l3a=4 l3=2048 robc=2 robd=2 robw=32   2.5104   0.9857    42.37    17.01  Strongly Sust.
  bpt=nn l1da=4 l1d=16 l1ia=8 l1i=16 l2a=4 l2=256 l3a=4 l3=2048 nnbl=64 nnlr=0.005 robc=2 robd=2 robw=32   2.5235   0.9705    42.37    16.92  Strongly Sust.
  bp=1024 bpt=a53 l1da=4 l1d=16 l1ia=8 l1i=16 l2a=4 l2=256 l3a=4 l3=2048 nhist=4 robc=2 robd=2 robw=16   2.5507   0.9705    42.28    16.75  Strongly Sust.
  bp=512 bpt=a53 l1da=4 l1d=16 l1ia=8 l1i=16 l2a=4 l2=256 l3a=4 l3=2048 nhist=2 robc=8 robd=2 robw=16   2.5546   0.9649    42.28    16.73  Strongly Sust.
  bp=512 bpt=a53 l1da=4 l1d=16 l1ia=8 l1i=16 l2a=4 l2=256 l3a=4 l3=2048 nhist=2 robc=2 robd=2 robw=16   2.5546   0.9649    42.28    16.73  Strongly Sust.
  bpt=nn l1da=4 l1d=16 l1ia=8 l1i=16 l2a=4 l2=256 l3a=4 l3=2048 nnbl=64 nnlr=0.005 robc=2 robd=2 robw=16   2.5689   0.9508    42.28    16.63  Strongly Sust.
  bpt=nn l1da=4 l1d=16 l1ia=8 l1i=16 l2a=4 l2=256 l3a=4 l3=2048 nnbl=16 nnlr=0.0005 robc=10 robd=2 robw=16   2.5824   0.9403    42.28    16.55  Strongly Sust.
  bpt=nn l1da=4 l1d=16 l1ia=8 l1i=16 l2a=4 l2=256 l3a=4 l3=2048 nnbl=16 nnlr=0.0005 robc=2 robd=2 robw=16   2.5854   0.9363    42.28    16.53  Strongly Sust.
  Ran sniper 1 time this iteration (89 total).

=== Iteration 84 ===
  Evaluating 1 configuration(s) (top acquisition score of 400 candidates)...
  [mesmo] bpt=nn l1da=4 l1d=32 l1ia=4 l1i=64 l2a=8 l2=512 l3a=8 l3=8192 nnbl=32 nnlr=0.0005 robc=10 robd=10 robw=1024  ASI=-0.0111  S=0.9895  A= 287.56  P=2637.35  [Unsustainable]  [ML2=1.06x, CCl=1.00x, MIP=1.01x, EI=0.89x]
  Deleted 1 non-Pareto output directory.

  Pareto front after iteration 84 (21 points, HV=2.6028):
  Params                                  ASI  Speedup     Area  PeakPow  Region
  ──────────────────────────────────────────────────────────────────────────────
  bpt=tage l1da=4 l1d=64 l1ia=8 l1i=16 l2a=4 l2=512 l3a=16 l3=8192 robc=8 robd=10 robw=1024  -0.0112   1.0180   288.40  2638.40  Unsustainable
  bpt=pentium_m l1da=4 l1d=64 l1ia=4 l1i=64 l2a=8 l2=512 l3a=8 l3=1024 robc=10 robd=10 robw=512   0.0115   1.0180   131.82  1434.20  Unsustainable
  bpt=pentium_m l1da=8 l1d=64 l1ia=4 l1i=64 l2a=8 l2=512 l3a=16 l3=1024 robc=8 robd=10 robw=256   0.0256   1.0177   101.17   995.75  Unsustainable
  bpt=pentium_m l1da=8 l1d=64 l1ia=4 l1i=64 l2a=8 l2=512 l3a=16 l3=1024 robc=8 robd=10 robw=128   0.0690   1.0175    78.77   464.46  Unsustainable
  bpt=pentium_m l1da=8 l1d=32 l1ia=4 l1i=16 l2a=8 l2=512 l3a=4 l3=1024 robc=8 robd=10 robw=64   0.6048   1.0169    63.13    60.55  Unsustainable
  bp=512 bpt=a53 l1da=4 l1d=32 l1ia=8 l1i=64 l2a=8 l2=512 l3a=4 l3=2048 nhist=4 robc=10 robd=8 robw=64   0.8359   1.0163    62.05    44.18  Unsustainable
  bp=1024 bpt=a53 l1da=4 l1d=32 l1ia=8 l1i=64 l2a=8 l2=512 l3a=4 l3=2048 nhist=2 robc=8 robd=8 robw=64   0.8359   1.0162    62.05    44.18  Unsustainable
  bp=1024 bpt=a53 l1da=4 l1d=32 l1ia=8 l1i=64 l2a=8 l2=512 l3a=4 l3=2048 nhist=2 robc=10 robd=8 robw=64   0.8359   1.0162    62.05    44.18  Unsustainable
  bp=512 bpt=a53 l1da=8 l1d=32 l1ia=4 l1i=16 l2a=8 l2=512 l3a=8 l3=1024 nhist=2 robc=2 robd=4 robw=64   1.8109   1.0115    48.09    22.65  Strongly Sust.
  bpt=pentium_m l1da=4 l1d=16 l1ia=8 l1i=16 l2a=4 l2=256 l3a=4 l3=2048 robc=2 robd=2 robw=256   2.4282   0.9933    42.61    17.56  Strongly Sust.
  bpt=pentium_m l1da=4 l1d=16 l1ia=8 l1i=16 l2a=4 l2=256 l3a=4 l3=2048 robc=2 robd=2 robw=64   2.4777   0.9933    42.43    17.23  Strongly Sust.
  bpt=nn l1da=4 l1d=16 l1ia=8 l1i=16 l2a=4 l2=256 l3a=4 l3=2048 nnbl=64 nnlr=0.0005 robc=2 robd=2 robw=64   2.4801   0.9877    42.43    17.21  Strongly Sust.
  bpt=tage l1da=4 l1d=16 l1ia=8 l1i=16 l2a=4 l2=256 l3a=4 l3=2048 robc=2 robd=2 robw=32   2.5100   0.9862    42.37    17.01  Strongly Sust.
  bpt=pentium_m l1da=4 l1d=16 l1ia=8 l1i=16 l2a=4 l2=256 l3a=4 l3=2048 robc=2 robd=2 robw=32   2.5104   0.9857    42.37    17.01  Strongly Sust.
  bpt=nn l1da=4 l1d=16 l1ia=8 l1i=16 l2a=4 l2=256 l3a=4 l3=2048 nnbl=64 nnlr=0.005 robc=2 robd=2 robw=32   2.5235   0.9705    42.37    16.92  Strongly Sust.
  bp=1024 bpt=a53 l1da=4 l1d=16 l1ia=8 l1i=16 l2a=4 l2=256 l3a=4 l3=2048 nhist=4 robc=2 robd=2 robw=16   2.5507   0.9705    42.28    16.75  Strongly Sust.
  bp=512 bpt=a53 l1da=4 l1d=16 l1ia=8 l1i=16 l2a=4 l2=256 l3a=4 l3=2048 nhist=2 robc=8 robd=2 robw=16   2.5546   0.9649    42.28    16.73  Strongly Sust.
  bp=512 bpt=a53 l1da=4 l1d=16 l1ia=8 l1i=16 l2a=4 l2=256 l3a=4 l3=2048 nhist=2 robc=2 robd=2 robw=16   2.5546   0.9649    42.28    16.73  Strongly Sust.
  bpt=nn l1da=4 l1d=16 l1ia=8 l1i=16 l2a=4 l2=256 l3a=4 l3=2048 nnbl=64 nnlr=0.005 robc=2 robd=2 robw=16   2.5689   0.9508    42.28    16.63  Strongly Sust.
  bpt=nn l1da=4 l1d=16 l1ia=8 l1i=16 l2a=4 l2=256 l3a=4 l3=2048 nnbl=16 nnlr=0.0005 robc=10 robd=2 robw=16   2.5824   0.9403    42.28    16.55  Strongly Sust.
  bpt=nn l1da=4 l1d=16 l1ia=8 l1i=16 l2a=4 l2=256 l3a=4 l3=2048 nnbl=16 nnlr=0.0005 robc=2 robd=2 robw=16   2.5854   0.9363    42.28    16.53  Strongly Sust.
  Ran sniper 1 time this iteration (90 total).

=== Iteration 85 ===
  Evaluating 1 configuration(s) (top acquisition score of 400 candidates)...
  [mesmo] bpt=pentium_m l1da=4 l1d=32 l1ia=4 l1i=32 l2a=8 l2=512 l3a=8 l3=4096 robc=2 robd=8 robw=32  ASI= 0.7791  S=1.0030  A=  71.86  P= 43.71  [Unsustainable]  [ML2=1.06x, CCl=0.99x, MIP=0.97x, EI=0.99x]
  Deleted 1 non-Pareto output directory.

  Pareto front after iteration 85 (21 points, HV=2.6028):
  Params                                  ASI  Speedup     Area  PeakPow  Region
  ──────────────────────────────────────────────────────────────────────────────
  bpt=tage l1da=4 l1d=64 l1ia=8 l1i=16 l2a=4 l2=512 l3a=16 l3=8192 robc=8 robd=10 robw=1024  -0.0112   1.0180   288.40  2638.40  Unsustainable
  bpt=pentium_m l1da=4 l1d=64 l1ia=4 l1i=64 l2a=8 l2=512 l3a=8 l3=1024 robc=10 robd=10 robw=512   0.0115   1.0180   131.82  1434.20  Unsustainable
  bpt=pentium_m l1da=8 l1d=64 l1ia=4 l1i=64 l2a=8 l2=512 l3a=16 l3=1024 robc=8 robd=10 robw=256   0.0256   1.0177   101.17   995.75  Unsustainable
  bpt=pentium_m l1da=8 l1d=64 l1ia=4 l1i=64 l2a=8 l2=512 l3a=16 l3=1024 robc=8 robd=10 robw=128   0.0690   1.0175    78.77   464.46  Unsustainable
  bpt=pentium_m l1da=8 l1d=32 l1ia=4 l1i=16 l2a=8 l2=512 l3a=4 l3=1024 robc=8 robd=10 robw=64   0.6048   1.0169    63.13    60.55  Unsustainable
  bp=512 bpt=a53 l1da=4 l1d=32 l1ia=8 l1i=64 l2a=8 l2=512 l3a=4 l3=2048 nhist=4 robc=10 robd=8 robw=64   0.8359   1.0163    62.05    44.18  Unsustainable
  bp=1024 bpt=a53 l1da=4 l1d=32 l1ia=8 l1i=64 l2a=8 l2=512 l3a=4 l3=2048 nhist=2 robc=8 robd=8 robw=64   0.8359   1.0162    62.05    44.18  Unsustainable
  bp=1024 bpt=a53 l1da=4 l1d=32 l1ia=8 l1i=64 l2a=8 l2=512 l3a=4 l3=2048 nhist=2 robc=10 robd=8 robw=64   0.8359   1.0162    62.05    44.18  Unsustainable
  bp=512 bpt=a53 l1da=8 l1d=32 l1ia=4 l1i=16 l2a=8 l2=512 l3a=8 l3=1024 nhist=2 robc=2 robd=4 robw=64   1.8109   1.0115    48.09    22.65  Strongly Sust.
  bpt=pentium_m l1da=4 l1d=16 l1ia=8 l1i=16 l2a=4 l2=256 l3a=4 l3=2048 robc=2 robd=2 robw=256   2.4282   0.9933    42.61    17.56  Strongly Sust.
  bpt=pentium_m l1da=4 l1d=16 l1ia=8 l1i=16 l2a=4 l2=256 l3a=4 l3=2048 robc=2 robd=2 robw=64   2.4777   0.9933    42.43    17.23  Strongly Sust.
  bpt=nn l1da=4 l1d=16 l1ia=8 l1i=16 l2a=4 l2=256 l3a=4 l3=2048 nnbl=64 nnlr=0.0005 robc=2 robd=2 robw=64   2.4801   0.9877    42.43    17.21  Strongly Sust.
  bpt=tage l1da=4 l1d=16 l1ia=8 l1i=16 l2a=4 l2=256 l3a=4 l3=2048 robc=2 robd=2 robw=32   2.5100   0.9862    42.37    17.01  Strongly Sust.
  bpt=pentium_m l1da=4 l1d=16 l1ia=8 l1i=16 l2a=4 l2=256 l3a=4 l3=2048 robc=2 robd=2 robw=32   2.5104   0.9857    42.37    17.01  Strongly Sust.
  bpt=nn l1da=4 l1d=16 l1ia=8 l1i=16 l2a=4 l2=256 l3a=4 l3=2048 nnbl=64 nnlr=0.005 robc=2 robd=2 robw=32   2.5235   0.9705    42.37    16.92  Strongly Sust.
  bp=1024 bpt=a53 l1da=4 l1d=16 l1ia=8 l1i=16 l2a=4 l2=256 l3a=4 l3=2048 nhist=4 robc=2 robd=2 robw=16   2.5507   0.9705    42.28    16.75  Strongly Sust.
  bp=512 bpt=a53 l1da=4 l1d=16 l1ia=8 l1i=16 l2a=4 l2=256 l3a=4 l3=2048 nhist=2 robc=8 robd=2 robw=16   2.5546   0.9649    42.28    16.73  Strongly Sust.
  bp=512 bpt=a53 l1da=4 l1d=16 l1ia=8 l1i=16 l2a=4 l2=256 l3a=4 l3=2048 nhist=2 robc=2 robd=2 robw=16   2.5546   0.9649    42.28    16.73  Strongly Sust.
  bpt=nn l1da=4 l1d=16 l1ia=8 l1i=16 l2a=4 l2=256 l3a=4 l3=2048 nnbl=64 nnlr=0.005 robc=2 robd=2 robw=16   2.5689   0.9508    42.28    16.63  Strongly Sust.
  bpt=nn l1da=4 l1d=16 l1ia=8 l1i=16 l2a=4 l2=256 l3a=4 l3=2048 nnbl=16 nnlr=0.0005 robc=10 robd=2 robw=16   2.5824   0.9403    42.28    16.55  Strongly Sust.
  bpt=nn l1da=4 l1d=16 l1ia=8 l1i=16 l2a=4 l2=256 l3a=4 l3=2048 nnbl=16 nnlr=0.0005 robc=2 robd=2 robw=16   2.5854   0.9363    42.28    16.53  Strongly Sust.
  Ran sniper 1 time this iteration (91 total).

=== Iteration 86 ===
  Evaluating 1 configuration(s) (top acquisition score of 400 candidates)...
  [mesmo] bp=2048 bpt=a53 l1da=4 l1d=64 l1ia=8 l1i=32 l2a=8 l2=512 l3a=16 l3=1024 nhist=4 robc=8 robd=10 robw=64  ASI= 0.6029  S=1.0171  A=  63.08  P= 60.76  [Unsustainable]  [ML2=1.06x, CCl=1.00x, MIP=1.01x, EI=1.00x]

  Pareto front after iteration 86 (22 points, HV=2.6029):
  Params                                  ASI  Speedup     Area  PeakPow  Region
  ──────────────────────────────────────────────────────────────────────────────
  bpt=tage l1da=4 l1d=64 l1ia=8 l1i=16 l2a=4 l2=512 l3a=16 l3=8192 robc=8 robd=10 robw=1024  -0.0112   1.0180   288.40  2638.40  Unsustainable
  bpt=pentium_m l1da=4 l1d=64 l1ia=4 l1i=64 l2a=8 l2=512 l3a=8 l3=1024 robc=10 robd=10 robw=512   0.0115   1.0180   131.82  1434.20  Unsustainable
  bpt=pentium_m l1da=8 l1d=64 l1ia=4 l1i=64 l2a=8 l2=512 l3a=16 l3=1024 robc=8 robd=10 robw=256   0.0256   1.0177   101.17   995.75  Unsustainable
  bpt=pentium_m l1da=8 l1d=64 l1ia=4 l1i=64 l2a=8 l2=512 l3a=16 l3=1024 robc=8 robd=10 robw=128   0.0690   1.0175    78.77   464.46  Unsustainable
  bp=2048 bpt=a53 l1da=4 l1d=64 l1ia=8 l1i=32 l2a=8 l2=512 l3a=16 l3=1024 nhist=4 robc=8 robd=10 robw=64   0.6029   1.0171    63.08    60.76  Unsustainable
  bpt=pentium_m l1da=8 l1d=32 l1ia=4 l1i=16 l2a=8 l2=512 l3a=4 l3=1024 robc=8 robd=10 robw=64   0.6048   1.0169    63.13    60.55  Unsustainable
  bp=512 bpt=a53 l1da=4 l1d=32 l1ia=8 l1i=64 l2a=8 l2=512 l3a=4 l3=2048 nhist=4 robc=10 robd=8 robw=64   0.8359   1.0163    62.05    44.18  Unsustainable
  bp=1024 bpt=a53 l1da=4 l1d=32 l1ia=8 l1i=64 l2a=8 l2=512 l3a=4 l3=2048 nhist=2 robc=8 robd=8 robw=64   0.8359   1.0162    62.05    44.18  Unsustainable
  bp=1024 bpt=a53 l1da=4 l1d=32 l1ia=8 l1i=64 l2a=8 l2=512 l3a=4 l3=2048 nhist=2 robc=10 robd=8 robw=64   0.8359   1.0162    62.05    44.18  Unsustainable
  bp=512 bpt=a53 l1da=8 l1d=32 l1ia=4 l1i=16 l2a=8 l2=512 l3a=8 l3=1024 nhist=2 robc=2 robd=4 robw=64   1.8109   1.0115    48.09    22.65  Strongly Sust.
  bpt=pentium_m l1da=4 l1d=16 l1ia=8 l1i=16 l2a=4 l2=256 l3a=4 l3=2048 robc=2 robd=2 robw=256   2.4282   0.9933    42.61    17.56  Strongly Sust.
  bpt=pentium_m l1da=4 l1d=16 l1ia=8 l1i=16 l2a=4 l2=256 l3a=4 l3=2048 robc=2 robd=2 robw=64   2.4777   0.9933    42.43    17.23  Strongly Sust.
  bpt=nn l1da=4 l1d=16 l1ia=8 l1i=16 l2a=4 l2=256 l3a=4 l3=2048 nnbl=64 nnlr=0.0005 robc=2 robd=2 robw=64   2.4801   0.9877    42.43    17.21  Strongly Sust.
  bpt=tage l1da=4 l1d=16 l1ia=8 l1i=16 l2a=4 l2=256 l3a=4 l3=2048 robc=2 robd=2 robw=32   2.5100   0.9862    42.37    17.01  Strongly Sust.
  bpt=pentium_m l1da=4 l1d=16 l1ia=8 l1i=16 l2a=4 l2=256 l3a=4 l3=2048 robc=2 robd=2 robw=32   2.5104   0.9857    42.37    17.01  Strongly Sust.
  bpt=nn l1da=4 l1d=16 l1ia=8 l1i=16 l2a=4 l2=256 l3a=4 l3=2048 nnbl=64 nnlr=0.005 robc=2 robd=2 robw=32   2.5235   0.9705    42.37    16.92  Strongly Sust.
  bp=1024 bpt=a53 l1da=4 l1d=16 l1ia=8 l1i=16 l2a=4 l2=256 l3a=4 l3=2048 nhist=4 robc=2 robd=2 robw=16   2.5507   0.9705    42.28    16.75  Strongly Sust.
  bp=512 bpt=a53 l1da=4 l1d=16 l1ia=8 l1i=16 l2a=4 l2=256 l3a=4 l3=2048 nhist=2 robc=8 robd=2 robw=16   2.5546   0.9649    42.28    16.73  Strongly Sust.
  bp=512 bpt=a53 l1da=4 l1d=16 l1ia=8 l1i=16 l2a=4 l2=256 l3a=4 l3=2048 nhist=2 robc=2 robd=2 robw=16   2.5546   0.9649    42.28    16.73  Strongly Sust.
  bpt=nn l1da=4 l1d=16 l1ia=8 l1i=16 l2a=4 l2=256 l3a=4 l3=2048 nnbl=64 nnlr=0.005 robc=2 robd=2 robw=16   2.5689   0.9508    42.28    16.63  Strongly Sust.
  bpt=nn l1da=4 l1d=16 l1ia=8 l1i=16 l2a=4 l2=256 l3a=4 l3=2048 nnbl=16 nnlr=0.0005 robc=10 robd=2 robw=16   2.5824   0.9403    42.28    16.55  Strongly Sust.
  bpt=nn l1da=4 l1d=16 l1ia=8 l1i=16 l2a=4 l2=256 l3a=4 l3=2048 nnbl=16 nnlr=0.0005 robc=2 robd=2 robw=16   2.5854   0.9363    42.28    16.53  Strongly Sust.
  Ran sniper 1 time this iteration (92 total).

=== Iteration 87 ===
  Evaluating 1 configuration(s) (top acquisition score of 400 candidates)...
  [mesmo] bp=512 bpt=a53 l1da=4 l1d=32 l1ia=4 l1i=64 l2a=4 l2=512 l3a=8 l3=1024 nhist=3 robc=2 robd=4 robw=512  ASI= 0.4151  S=1.0120  A=  51.79  P= 96.23  [Unsustainable]  [ML2=1.06x, CCl=1.00x, MIP=1.00x, EI=0.99x]
  Deleted 1 non-Pareto output directory.

  Pareto front after iteration 87 (22 points, HV=2.6029):
  Params                                  ASI  Speedup     Area  PeakPow  Region
  ──────────────────────────────────────────────────────────────────────────────
  bpt=tage l1da=4 l1d=64 l1ia=8 l1i=16 l2a=4 l2=512 l3a=16 l3=8192 robc=8 robd=10 robw=1024  -0.0112   1.0180   288.40  2638.40  Unsustainable
  bpt=pentium_m l1da=4 l1d=64 l1ia=4 l1i=64 l2a=8 l2=512 l3a=8 l3=1024 robc=10 robd=10 robw=512   0.0115   1.0180   131.82  1434.20  Unsustainable
  bpt=pentium_m l1da=8 l1d=64 l1ia=4 l1i=64 l2a=8 l2=512 l3a=16 l3=1024 robc=8 robd=10 robw=256   0.0256   1.0177   101.17   995.75  Unsustainable
  bpt=pentium_m l1da=8 l1d=64 l1ia=4 l1i=64 l2a=8 l2=512 l3a=16 l3=1024 robc=8 robd=10 robw=128   0.0690   1.0175    78.77   464.46  Unsustainable
  bp=2048 bpt=a53 l1da=4 l1d=64 l1ia=8 l1i=32 l2a=8 l2=512 l3a=16 l3=1024 nhist=4 robc=8 robd=10 robw=64   0.6029   1.0171    63.08    60.76  Unsustainable
  bpt=pentium_m l1da=8 l1d=32 l1ia=4 l1i=16 l2a=8 l2=512 l3a=4 l3=1024 robc=8 robd=10 robw=64   0.6048   1.0169    63.13    60.55  Unsustainable
  bp=512 bpt=a53 l1da=4 l1d=32 l1ia=8 l1i=64 l2a=8 l2=512 l3a=4 l3=2048 nhist=4 robc=10 robd=8 robw=64   0.8359   1.0163    62.05    44.18  Unsustainable
  bp=1024 bpt=a53 l1da=4 l1d=32 l1ia=8 l1i=64 l2a=8 l2=512 l3a=4 l3=2048 nhist=2 robc=8 robd=8 robw=64   0.8359   1.0162    62.05    44.18  Unsustainable
  bp=1024 bpt=a53 l1da=4 l1d=32 l1ia=8 l1i=64 l2a=8 l2=512 l3a=4 l3=2048 nhist=2 robc=10 robd=8 robw=64   0.8359   1.0162    62.05    44.18  Unsustainable
  bp=512 bpt=a53 l1da=8 l1d=32 l1ia=4 l1i=16 l2a=8 l2=512 l3a=8 l3=1024 nhist=2 robc=2 robd=4 robw=64   1.8109   1.0115    48.09    22.65  Strongly Sust.
  bpt=pentium_m l1da=4 l1d=16 l1ia=8 l1i=16 l2a=4 l2=256 l3a=4 l3=2048 robc=2 robd=2 robw=256   2.4282   0.9933    42.61    17.56  Strongly Sust.
  bpt=pentium_m l1da=4 l1d=16 l1ia=8 l1i=16 l2a=4 l2=256 l3a=4 l3=2048 robc=2 robd=2 robw=64   2.4777   0.9933    42.43    17.23  Strongly Sust.
  bpt=nn l1da=4 l1d=16 l1ia=8 l1i=16 l2a=4 l2=256 l3a=4 l3=2048 nnbl=64 nnlr=0.0005 robc=2 robd=2 robw=64   2.4801   0.9877    42.43    17.21  Strongly Sust.
  bpt=tage l1da=4 l1d=16 l1ia=8 l1i=16 l2a=4 l2=256 l3a=4 l3=2048 robc=2 robd=2 robw=32   2.5100   0.9862    42.37    17.01  Strongly Sust.
  bpt=pentium_m l1da=4 l1d=16 l1ia=8 l1i=16 l2a=4 l2=256 l3a=4 l3=2048 robc=2 robd=2 robw=32   2.5104   0.9857    42.37    17.01  Strongly Sust.
  bpt=nn l1da=4 l1d=16 l1ia=8 l1i=16 l2a=4 l2=256 l3a=4 l3=2048 nnbl=64 nnlr=0.005 robc=2 robd=2 robw=32   2.5235   0.9705    42.37    16.92  Strongly Sust.
  bp=1024 bpt=a53 l1da=4 l1d=16 l1ia=8 l1i=16 l2a=4 l2=256 l3a=4 l3=2048 nhist=4 robc=2 robd=2 robw=16   2.5507   0.9705    42.28    16.75  Strongly Sust.
  bp=512 bpt=a53 l1da=4 l1d=16 l1ia=8 l1i=16 l2a=4 l2=256 l3a=4 l3=2048 nhist=2 robc=8 robd=2 robw=16   2.5546   0.9649    42.28    16.73  Strongly Sust.
  bp=512 bpt=a53 l1da=4 l1d=16 l1ia=8 l1i=16 l2a=4 l2=256 l3a=4 l3=2048 nhist=2 robc=2 robd=2 robw=16   2.5546   0.9649    42.28    16.73  Strongly Sust.
  bpt=nn l1da=4 l1d=16 l1ia=8 l1i=16 l2a=4 l2=256 l3a=4 l3=2048 nnbl=64 nnlr=0.005 robc=2 robd=2 robw=16   2.5689   0.9508    42.28    16.63  Strongly Sust.
  bpt=nn l1da=4 l1d=16 l1ia=8 l1i=16 l2a=4 l2=256 l3a=4 l3=2048 nnbl=16 nnlr=0.0005 robc=10 robd=2 robw=16   2.5824   0.9403    42.28    16.55  Strongly Sust.
  bpt=nn l1da=4 l1d=16 l1ia=8 l1i=16 l2a=4 l2=256 l3a=4 l3=2048 nnbl=16 nnlr=0.0005 robc=2 robd=2 robw=16   2.5854   0.9363    42.28    16.53  Strongly Sust.
  Ran sniper 1 time this iteration (93 total).

=== Iteration 88 ===
  Evaluating 1 configuration(s) (top acquisition score of 400 candidates)...
  [mesmo] bpt=tage l1da=8 l1d=64 l1ia=4 l1i=64 l2a=8 l2=512 l3a=4 l3=8192 robc=8 robd=10 robw=32  ASI= 0.3392  S=1.0039  A= 113.81  P= 64.15  [Unsustainable]  [ML2=1.06x, CCl=1.00x, MIP=0.97x, EI=0.99x]
  Deleted 1 non-Pareto output directory.

  Pareto front after iteration 88 (22 points, HV=2.6029):
  Params                                  ASI  Speedup     Area  PeakPow  Region
  ──────────────────────────────────────────────────────────────────────────────
  bpt=tage l1da=4 l1d=64 l1ia=8 l1i=16 l2a=4 l2=512 l3a=16 l3=8192 robc=8 robd=10 robw=1024  -0.0112   1.0180   288.40  2638.40  Unsustainable
  bpt=pentium_m l1da=4 l1d=64 l1ia=4 l1i=64 l2a=8 l2=512 l3a=8 l3=1024 robc=10 robd=10 robw=512   0.0115   1.0180   131.82  1434.20  Unsustainable
  bpt=pentium_m l1da=8 l1d=64 l1ia=4 l1i=64 l2a=8 l2=512 l3a=16 l3=1024 robc=8 robd=10 robw=256   0.0256   1.0177   101.17   995.75  Unsustainable
  bpt=pentium_m l1da=8 l1d=64 l1ia=4 l1i=64 l2a=8 l2=512 l3a=16 l3=1024 robc=8 robd=10 robw=128   0.0690   1.0175    78.77   464.46  Unsustainable
  bp=2048 bpt=a53 l1da=4 l1d=64 l1ia=8 l1i=32 l2a=8 l2=512 l3a=16 l3=1024 nhist=4 robc=8 robd=10 robw=64   0.6029   1.0171    63.08    60.76  Unsustainable
  bpt=pentium_m l1da=8 l1d=32 l1ia=4 l1i=16 l2a=8 l2=512 l3a=4 l3=1024 robc=8 robd=10 robw=64   0.6048   1.0169    63.13    60.55  Unsustainable
  bp=512 bpt=a53 l1da=4 l1d=32 l1ia=8 l1i=64 l2a=8 l2=512 l3a=4 l3=2048 nhist=4 robc=10 robd=8 robw=64   0.8359   1.0163    62.05    44.18  Unsustainable
  bp=1024 bpt=a53 l1da=4 l1d=32 l1ia=8 l1i=64 l2a=8 l2=512 l3a=4 l3=2048 nhist=2 robc=8 robd=8 robw=64   0.8359   1.0162    62.05    44.18  Unsustainable
  bp=1024 bpt=a53 l1da=4 l1d=32 l1ia=8 l1i=64 l2a=8 l2=512 l3a=4 l3=2048 nhist=2 robc=10 robd=8 robw=64   0.8359   1.0162    62.05    44.18  Unsustainable
  bp=512 bpt=a53 l1da=8 l1d=32 l1ia=4 l1i=16 l2a=8 l2=512 l3a=8 l3=1024 nhist=2 robc=2 robd=4 robw=64   1.8109   1.0115    48.09    22.65  Strongly Sust.
  bpt=pentium_m l1da=4 l1d=16 l1ia=8 l1i=16 l2a=4 l2=256 l3a=4 l3=2048 robc=2 robd=2 robw=256   2.4282   0.9933    42.61    17.56  Strongly Sust.
  bpt=pentium_m l1da=4 l1d=16 l1ia=8 l1i=16 l2a=4 l2=256 l3a=4 l3=2048 robc=2 robd=2 robw=64   2.4777   0.9933    42.43    17.23  Strongly Sust.
  bpt=nn l1da=4 l1d=16 l1ia=8 l1i=16 l2a=4 l2=256 l3a=4 l3=2048 nnbl=64 nnlr=0.0005 robc=2 robd=2 robw=64   2.4801   0.9877    42.43    17.21  Strongly Sust.
  bpt=tage l1da=4 l1d=16 l1ia=8 l1i=16 l2a=4 l2=256 l3a=4 l3=2048 robc=2 robd=2 robw=32   2.5100   0.9862    42.37    17.01  Strongly Sust.
  bpt=pentium_m l1da=4 l1d=16 l1ia=8 l1i=16 l2a=4 l2=256 l3a=4 l3=2048 robc=2 robd=2 robw=32   2.5104   0.9857    42.37    17.01  Strongly Sust.
  bpt=nn l1da=4 l1d=16 l1ia=8 l1i=16 l2a=4 l2=256 l3a=4 l3=2048 nnbl=64 nnlr=0.005 robc=2 robd=2 robw=32   2.5235   0.9705    42.37    16.92  Strongly Sust.
  bp=1024 bpt=a53 l1da=4 l1d=16 l1ia=8 l1i=16 l2a=4 l2=256 l3a=4 l3=2048 nhist=4 robc=2 robd=2 robw=16   2.5507   0.9705    42.28    16.75  Strongly Sust.
  bp=512 bpt=a53 l1da=4 l1d=16 l1ia=8 l1i=16 l2a=4 l2=256 l3a=4 l3=2048 nhist=2 robc=8 robd=2 robw=16   2.5546   0.9649    42.28    16.73  Strongly Sust.
  bp=512 bpt=a53 l1da=4 l1d=16 l1ia=8 l1i=16 l2a=4 l2=256 l3a=4 l3=2048 nhist=2 robc=2 robd=2 robw=16   2.5546   0.9649    42.28    16.73  Strongly Sust.
  bpt=nn l1da=4 l1d=16 l1ia=8 l1i=16 l2a=4 l2=256 l3a=4 l3=2048 nnbl=64 nnlr=0.005 robc=2 robd=2 robw=16   2.5689   0.9508    42.28    16.63  Strongly Sust.
  bpt=nn l1da=4 l1d=16 l1ia=8 l1i=16 l2a=4 l2=256 l3a=4 l3=2048 nnbl=16 nnlr=0.0005 robc=10 robd=2 robw=16   2.5824   0.9403    42.28    16.55  Strongly Sust.
  bpt=nn l1da=4 l1d=16 l1ia=8 l1i=16 l2a=4 l2=256 l3a=4 l3=2048 nnbl=16 nnlr=0.0005 robc=2 robd=2 robw=16   2.5854   0.9363    42.28    16.53  Strongly Sust.
  Ran sniper 1 time this iteration (94 total).

=== Iteration 89 ===
  Evaluating 1 configuration(s) (top acquisition score of 400 candidates)...
  [mesmo] bp=512 bpt=a53 l1da=4 l1d=16 l1ia=8 l1i=16 l2a=4 l2=256 l3a=4 l3=1024 nhist=2 robc=2 robd=2 robw=16  ASI= 2.7952  S=0.9649  A=  35.33  P= 16.02  [Strongly Sust.]  [ML2=1.00x, CCl=0.96x, MIP=0.95x, EI=0.96x]
  Deleted 4 non-Pareto output directories.

  Pareto front after iteration 89 (19 points, HV=2.8059):
  Params                                  ASI  Speedup     Area  PeakPow  Region
  ──────────────────────────────────────────────────────────────────────────────
  bpt=tage l1da=4 l1d=64 l1ia=8 l1i=16 l2a=4 l2=512 l3a=16 l3=8192 robc=8 robd=10 robw=1024  -0.0112   1.0180   288.40  2638.40  Unsustainable
  bpt=pentium_m l1da=4 l1d=64 l1ia=4 l1i=64 l2a=8 l2=512 l3a=8 l3=1024 robc=10 robd=10 robw=512   0.0115   1.0180   131.82  1434.20  Unsustainable
  bpt=pentium_m l1da=8 l1d=64 l1ia=4 l1i=64 l2a=8 l2=512 l3a=16 l3=1024 robc=8 robd=10 robw=256   0.0256   1.0177   101.17   995.75  Unsustainable
  bpt=pentium_m l1da=8 l1d=64 l1ia=4 l1i=64 l2a=8 l2=512 l3a=16 l3=1024 robc=8 robd=10 robw=128   0.0690   1.0175    78.77   464.46  Unsustainable
  bp=2048 bpt=a53 l1da=4 l1d=64 l1ia=8 l1i=32 l2a=8 l2=512 l3a=16 l3=1024 nhist=4 robc=8 robd=10 robw=64   0.6029   1.0171    63.08    60.76  Unsustainable
  bpt=pentium_m l1da=8 l1d=32 l1ia=4 l1i=16 l2a=8 l2=512 l3a=4 l3=1024 robc=8 robd=10 robw=64   0.6048   1.0169    63.13    60.55  Unsustainable
  bp=512 bpt=a53 l1da=4 l1d=32 l1ia=8 l1i=64 l2a=8 l2=512 l3a=4 l3=2048 nhist=4 robc=10 robd=8 robw=64   0.8359   1.0163    62.05    44.18  Unsustainable
  bp=1024 bpt=a53 l1da=4 l1d=32 l1ia=8 l1i=64 l2a=8 l2=512 l3a=4 l3=2048 nhist=2 robc=8 robd=8 robw=64   0.8359   1.0162    62.05    44.18  Unsustainable
  bp=1024 bpt=a53 l1da=4 l1d=32 l1ia=8 l1i=64 l2a=8 l2=512 l3a=4 l3=2048 nhist=2 robc=10 robd=8 robw=64   0.8359   1.0162    62.05    44.18  Unsustainable
  bp=512 bpt=a53 l1da=8 l1d=32 l1ia=4 l1i=16 l2a=8 l2=512 l3a=8 l3=1024 nhist=2 robc=2 robd=4 robw=64   1.8109   1.0115    48.09    22.65  Strongly Sust.
  bpt=pentium_m l1da=4 l1d=16 l1ia=8 l1i=16 l2a=4 l2=256 l3a=4 l3=2048 robc=2 robd=2 robw=256   2.4282   0.9933    42.61    17.56  Strongly Sust.
  bpt=pentium_m l1da=4 l1d=16 l1ia=8 l1i=16 l2a=4 l2=256 l3a=4 l3=2048 robc=2 robd=2 robw=64   2.4777   0.9933    42.43    17.23  Strongly Sust.
  bpt=nn l1da=4 l1d=16 l1ia=8 l1i=16 l2a=4 l2=256 l3a=4 l3=2048 nnbl=64 nnlr=0.0005 robc=2 robd=2 robw=64   2.4801   0.9877    42.43    17.21  Strongly Sust.
  bpt=tage l1da=4 l1d=16 l1ia=8 l1i=16 l2a=4 l2=256 l3a=4 l3=2048 robc=2 robd=2 robw=32   2.5100   0.9862    42.37    17.01  Strongly Sust.
  bpt=pentium_m l1da=4 l1d=16 l1ia=8 l1i=16 l2a=4 l2=256 l3a=4 l3=2048 robc=2 robd=2 robw=32   2.5104   0.9857    42.37    17.01  Strongly Sust.
  bpt=nn l1da=4 l1d=16 l1ia=8 l1i=16 l2a=4 l2=256 l3a=4 l3=2048 nnbl=64 nnlr=0.005 robc=2 robd=2 robw=32   2.5235   0.9705    42.37    16.92  Strongly Sust.
  bp=1024 bpt=a53 l1da=4 l1d=16 l1ia=8 l1i=16 l2a=4 l2=256 l3a=4 l3=2048 nhist=4 robc=2 robd=2 robw=16   2.5507   0.9705    42.28    16.75  Strongly Sust.
  bp=512 bpt=a53 l1da=4 l1d=16 l1ia=8 l1i=16 l2a=4 l2=256 l3a=4 l3=2048 nhist=2 robc=8 robd=2 robw=16   2.5546   0.9649    42.28    16.73  Strongly Sust.
  bp=512 bpt=a53 l1da=4 l1d=16 l1ia=8 l1i=16 l2a=4 l2=256 l3a=4 l3=1024 nhist=2 robc=2 robd=2 robw=16   2.7952   0.9649    35.33    16.02  Strongly Sust.
  Ran sniper 1 time this iteration (95 total).

=== Iteration 90 ===
  Evaluating 1 configuration(s) (top acquisition score of 400 candidates)...
  [mesmo] bpt=nn l1da=8 l1d=64 l1ia=8 l1i=16 l2a=4 l2=128 l3a=4 l3=8192 nnbl=64 nnlr=0.005 robc=2 robd=2 robw=32  ASI= 1.2977  S=0.9669  A=  89.70  P= 22.21  [Strongly Sust.]  [ML2=0.96x, CCl=0.98x, MIP=0.97x, EI=0.95x]
  Deleted 1 non-Pareto output directory.

  Pareto front after iteration 90 (19 points, HV=2.8059):
  Params                                  ASI  Speedup     Area  PeakPow  Region
  ──────────────────────────────────────────────────────────────────────────────
  bpt=tage l1da=4 l1d=64 l1ia=8 l1i=16 l2a=4 l2=512 l3a=16 l3=8192 robc=8 robd=10 robw=1024  -0.0112   1.0180   288.40  2638.40  Unsustainable
  bpt=pentium_m l1da=4 l1d=64 l1ia=4 l1i=64 l2a=8 l2=512 l3a=8 l3=1024 robc=10 robd=10 robw=512   0.0115   1.0180   131.82  1434.20  Unsustainable
  bpt=pentium_m l1da=8 l1d=64 l1ia=4 l1i=64 l2a=8 l2=512 l3a=16 l3=1024 robc=8 robd=10 robw=256   0.0256   1.0177   101.17   995.75  Unsustainable
  bpt=pentium_m l1da=8 l1d=64 l1ia=4 l1i=64 l2a=8 l2=512 l3a=16 l3=1024 robc=8 robd=10 robw=128   0.0690   1.0175    78.77   464.46  Unsustainable
  bp=2048 bpt=a53 l1da=4 l1d=64 l1ia=8 l1i=32 l2a=8 l2=512 l3a=16 l3=1024 nhist=4 robc=8 robd=10 robw=64   0.6029   1.0171    63.08    60.76  Unsustainable
  bpt=pentium_m l1da=8 l1d=32 l1ia=4 l1i=16 l2a=8 l2=512 l3a=4 l3=1024 robc=8 robd=10 robw=64   0.6048   1.0169    63.13    60.55  Unsustainable
  bp=512 bpt=a53 l1da=4 l1d=32 l1ia=8 l1i=64 l2a=8 l2=512 l3a=4 l3=2048 nhist=4 robc=10 robd=8 robw=64   0.8359   1.0163    62.05    44.18  Unsustainable
  bp=1024 bpt=a53 l1da=4 l1d=32 l1ia=8 l1i=64 l2a=8 l2=512 l3a=4 l3=2048 nhist=2 robc=8 robd=8 robw=64   0.8359   1.0162    62.05    44.18  Unsustainable
  bp=1024 bpt=a53 l1da=4 l1d=32 l1ia=8 l1i=64 l2a=8 l2=512 l3a=4 l3=2048 nhist=2 robc=10 robd=8 robw=64   0.8359   1.0162    62.05    44.18  Unsustainable
  bp=512 bpt=a53 l1da=8 l1d=32 l1ia=4 l1i=16 l2a=8 l2=512 l3a=8 l3=1024 nhist=2 robc=2 robd=4 robw=64   1.8109   1.0115    48.09    22.65  Strongly Sust.
  bpt=pentium_m l1da=4 l1d=16 l1ia=8 l1i=16 l2a=4 l2=256 l3a=4 l3=2048 robc=2 robd=2 robw=256   2.4282   0.9933    42.61    17.56  Strongly Sust.
  bpt=pentium_m l1da=4 l1d=16 l1ia=8 l1i=16 l2a=4 l2=256 l3a=4 l3=2048 robc=2 robd=2 robw=64   2.4777   0.9933    42.43    17.23  Strongly Sust.
  bpt=nn l1da=4 l1d=16 l1ia=8 l1i=16 l2a=4 l2=256 l3a=4 l3=2048 nnbl=64 nnlr=0.0005 robc=2 robd=2 robw=64   2.4801   0.9877    42.43    17.21  Strongly Sust.
  bpt=tage l1da=4 l1d=16 l1ia=8 l1i=16 l2a=4 l2=256 l3a=4 l3=2048 robc=2 robd=2 robw=32   2.5100   0.9862    42.37    17.01  Strongly Sust.
  bpt=pentium_m l1da=4 l1d=16 l1ia=8 l1i=16 l2a=4 l2=256 l3a=4 l3=2048 robc=2 robd=2 robw=32   2.5104   0.9857    42.37    17.01  Strongly Sust.
  bpt=nn l1da=4 l1d=16 l1ia=8 l1i=16 l2a=4 l2=256 l3a=4 l3=2048 nnbl=64 nnlr=0.005 robc=2 robd=2 robw=32   2.5235   0.9705    42.37    16.92  Strongly Sust.
  bp=1024 bpt=a53 l1da=4 l1d=16 l1ia=8 l1i=16 l2a=4 l2=256 l3a=4 l3=2048 nhist=4 robc=2 robd=2 robw=16   2.5507   0.9705    42.28    16.75  Strongly Sust.
  bp=512 bpt=a53 l1da=4 l1d=16 l1ia=8 l1i=16 l2a=4 l2=256 l3a=4 l3=2048 nhist=2 robc=8 robd=2 robw=16   2.5546   0.9649    42.28    16.73  Strongly Sust.
  bp=512 bpt=a53 l1da=4 l1d=16 l1ia=8 l1i=16 l2a=4 l2=256 l3a=4 l3=1024 nhist=2 robc=2 robd=2 robw=16   2.7952   0.9649    35.33    16.02  Strongly Sust.
  Ran sniper 1 time this iteration (96 total).

=== Iteration 91 ===
  Evaluating 1 configuration(s) (top acquisition score of 400 candidates)...
  [mesmo] bp=512 bpt=a53 l1da=4 l1d=32 l1ia=8 l1i=16 l2a=4 l2=256 l3a=4 l3=1024 nhist=2 robc=2 robd=2 robw=16  ASI= 2.7833  S=0.9650  A=  35.52  P= 16.06  [Strongly Sust.]  [ML2=1.00x, CCl=0.96x, MIP=0.95x, EI=0.96x]
  Deleted 1 non-Pareto output directory.

  Pareto front after iteration 91 (19 points, HV=2.8060):
  Params                                  ASI  Speedup     Area  PeakPow  Region
  ──────────────────────────────────────────────────────────────────────────────
  bpt=tage l1da=4 l1d=64 l1ia=8 l1i=16 l2a=4 l2=512 l3a=16 l3=8192 robc=8 robd=10 robw=1024  -0.0112   1.0180   288.40  2638.40  Unsustainable
  bpt=pentium_m l1da=4 l1d=64 l1ia=4 l1i=64 l2a=8 l2=512 l3a=8 l3=1024 robc=10 robd=10 robw=512   0.0115   1.0180   131.82  1434.20  Unsustainable
  bpt=pentium_m l1da=8 l1d=64 l1ia=4 l1i=64 l2a=8 l2=512 l3a=16 l3=1024 robc=8 robd=10 robw=256   0.0256   1.0177   101.17   995.75  Unsustainable
  bpt=pentium_m l1da=8 l1d=64 l1ia=4 l1i=64 l2a=8 l2=512 l3a=16 l3=1024 robc=8 robd=10 robw=128   0.0690   1.0175    78.77   464.46  Unsustainable
  bp=2048 bpt=a53 l1da=4 l1d=64 l1ia=8 l1i=32 l2a=8 l2=512 l3a=16 l3=1024 nhist=4 robc=8 robd=10 robw=64   0.6029   1.0171    63.08    60.76  Unsustainable
  bpt=pentium_m l1da=8 l1d=32 l1ia=4 l1i=16 l2a=8 l2=512 l3a=4 l3=1024 robc=8 robd=10 robw=64   0.6048   1.0169    63.13    60.55  Unsustainable
  bp=512 bpt=a53 l1da=4 l1d=32 l1ia=8 l1i=64 l2a=8 l2=512 l3a=4 l3=2048 nhist=4 robc=10 robd=8 robw=64   0.8359   1.0163    62.05    44.18  Unsustainable
  bp=1024 bpt=a53 l1da=4 l1d=32 l1ia=8 l1i=64 l2a=8 l2=512 l3a=4 l3=2048 nhist=2 robc=8 robd=8 robw=64   0.8359   1.0162    62.05    44.18  Unsustainable
  bp=1024 bpt=a53 l1da=4 l1d=32 l1ia=8 l1i=64 l2a=8 l2=512 l3a=4 l3=2048 nhist=2 robc=10 robd=8 robw=64   0.8359   1.0162    62.05    44.18  Unsustainable
  bp=512 bpt=a53 l1da=8 l1d=32 l1ia=4 l1i=16 l2a=8 l2=512 l3a=8 l3=1024 nhist=2 robc=2 robd=4 robw=64   1.8109   1.0115    48.09    22.65  Strongly Sust.
  bpt=pentium_m l1da=4 l1d=16 l1ia=8 l1i=16 l2a=4 l2=256 l3a=4 l3=2048 robc=2 robd=2 robw=256   2.4282   0.9933    42.61    17.56  Strongly Sust.
  bpt=pentium_m l1da=4 l1d=16 l1ia=8 l1i=16 l2a=4 l2=256 l3a=4 l3=2048 robc=2 robd=2 robw=64   2.4777   0.9933    42.43    17.23  Strongly Sust.
  bpt=nn l1da=4 l1d=16 l1ia=8 l1i=16 l2a=4 l2=256 l3a=4 l3=2048 nnbl=64 nnlr=0.0005 robc=2 robd=2 robw=64   2.4801   0.9877    42.43    17.21  Strongly Sust.
  bpt=tage l1da=4 l1d=16 l1ia=8 l1i=16 l2a=4 l2=256 l3a=4 l3=2048 robc=2 robd=2 robw=32   2.5100   0.9862    42.37    17.01  Strongly Sust.
  bpt=pentium_m l1da=4 l1d=16 l1ia=8 l1i=16 l2a=4 l2=256 l3a=4 l3=2048 robc=2 robd=2 robw=32   2.5104   0.9857    42.37    17.01  Strongly Sust.
  bpt=nn l1da=4 l1d=16 l1ia=8 l1i=16 l2a=4 l2=256 l3a=4 l3=2048 nnbl=64 nnlr=0.005 robc=2 robd=2 robw=32   2.5235   0.9705    42.37    16.92  Strongly Sust.
  bp=1024 bpt=a53 l1da=4 l1d=16 l1ia=8 l1i=16 l2a=4 l2=256 l3a=4 l3=2048 nhist=4 robc=2 robd=2 robw=16   2.5507   0.9705    42.28    16.75  Strongly Sust.
  bp=512 bpt=a53 l1da=4 l1d=32 l1ia=8 l1i=16 l2a=4 l2=256 l3a=4 l3=1024 nhist=2 robc=2 robd=2 robw=16   2.7833   0.9650    35.52    16.06  Strongly Sust.
  bp=512 bpt=a53 l1da=4 l1d=16 l1ia=8 l1i=16 l2a=4 l2=256 l3a=4 l3=1024 nhist=2 robc=2 robd=2 robw=16   2.7952   0.9649    35.33    16.02  Strongly Sust.
  Ran sniper 1 time this iteration (97 total).

=== Iteration 92 ===
  Evaluating 1 configuration(s) (top acquisition score of 400 candidates)...
  [mesmo] bpt=pentium_m l1da=4 l1d=16 l1ia=8 l1i=16 l2a=4 l2=256 l3a=4 l3=1024 robc=2 robd=2 robw=64  ASI= 2.7079  S=0.9931  A=  35.48  P= 16.52  [Strongly Sust.]  [ML2=1.00x, CCl=1.00x, MIP=0.98x, EI=0.99x]
  Deleted 5 non-Pareto output directories.

  Pareto front after iteration 92 (15 points, HV=2.8115):
  Params                                  ASI  Speedup     Area  PeakPow  Region
  ──────────────────────────────────────────────────────────────────────────────
  bpt=tage l1da=4 l1d=64 l1ia=8 l1i=16 l2a=4 l2=512 l3a=16 l3=8192 robc=8 robd=10 robw=1024  -0.0112   1.0180   288.40  2638.40  Unsustainable
  bpt=pentium_m l1da=4 l1d=64 l1ia=4 l1i=64 l2a=8 l2=512 l3a=8 l3=1024 robc=10 robd=10 robw=512   0.0115   1.0180   131.82  1434.20  Unsustainable
  bpt=pentium_m l1da=8 l1d=64 l1ia=4 l1i=64 l2a=8 l2=512 l3a=16 l3=1024 robc=8 robd=10 robw=256   0.0256   1.0177   101.17   995.75  Unsustainable
  bpt=pentium_m l1da=8 l1d=64 l1ia=4 l1i=64 l2a=8 l2=512 l3a=16 l3=1024 robc=8 robd=10 robw=128   0.0690   1.0175    78.77   464.46  Unsustainable
  bp=2048 bpt=a53 l1da=4 l1d=64 l1ia=8 l1i=32 l2a=8 l2=512 l3a=16 l3=1024 nhist=4 robc=8 robd=10 robw=64   0.6029   1.0171    63.08    60.76  Unsustainable
  bpt=pentium_m l1da=8 l1d=32 l1ia=4 l1i=16 l2a=8 l2=512 l3a=4 l3=1024 robc=8 robd=10 robw=64   0.6048   1.0169    63.13    60.55  Unsustainable
  bp=512 bpt=a53 l1da=4 l1d=32 l1ia=8 l1i=64 l2a=8 l2=512 l3a=4 l3=2048 nhist=4 robc=10 robd=8 robw=64   0.8359   1.0163    62.05    44.18  Unsustainable
  bp=1024 bpt=a53 l1da=4 l1d=32 l1ia=8 l1i=64 l2a=8 l2=512 l3a=4 l3=2048 nhist=2 robc=8 robd=8 robw=64   0.8359   1.0162    62.05    44.18  Unsustainable
  bp=1024 bpt=a53 l1da=4 l1d=32 l1ia=8 l1i=64 l2a=8 l2=512 l3a=4 l3=2048 nhist=2 robc=10 robd=8 robw=64   0.8359   1.0162    62.05    44.18  Unsustainable
  bp=512 bpt=a53 l1da=8 l1d=32 l1ia=4 l1i=16 l2a=8 l2=512 l3a=8 l3=1024 nhist=2 robc=2 robd=4 robw=64   1.8109   1.0115    48.09    22.65  Strongly Sust.
  bpt=pentium_m l1da=4 l1d=16 l1ia=8 l1i=16 l2a=4 l2=256 l3a=4 l3=2048 robc=2 robd=2 robw=256   2.4282   0.9933    42.61    17.56  Strongly Sust.
  bpt=pentium_m l1da=4 l1d=16 l1ia=8 l1i=16 l2a=4 l2=256 l3a=4 l3=2048 robc=2 robd=2 robw=64   2.4777   0.9933    42.43    17.23  Strongly Sust.
  bpt=pentium_m l1da=4 l1d=16 l1ia=8 l1i=16 l2a=4 l2=256 l3a=4 l3=1024 robc=2 robd=2 robw=64   2.7079   0.9931    35.48    16.52  Strongly Sust.
  bp=512 bpt=a53 l1da=4 l1d=32 l1ia=8 l1i=16 l2a=4 l2=256 l3a=4 l3=1024 nhist=2 robc=2 robd=2 robw=16   2.7833   0.9650    35.52    16.06  Strongly Sust.
  bp=512 bpt=a53 l1da=4 l1d=16 l1ia=8 l1i=16 l2a=4 l2=256 l3a=4 l3=1024 nhist=2 robc=2 robd=2 robw=16   2.7952   0.9649    35.33    16.02  Strongly Sust.
  Ran sniper 1 time this iteration (98 total).

=== Iteration 93 ===
  Evaluating 1 configuration(s) (top acquisition score of 400 candidates)...
  [mesmo] bp=512 bpt=a53 l1da=8 l1d=64 l1ia=4 l1i=16 l2a=8 l2=512 l3a=8 l3=2048 nhist=2 robc=8 robd=10 robw=512  ASI= 0.0097  S=1.0175  A= 140.62  P=1435.61  [Unsustainable]  [ML2=1.06x, CCl=1.00x, MIP=1.01x, EI=1.00x]
  Deleted 1 non-Pareto output directory.

  Pareto front after iteration 93 (15 points, HV=2.8115):
  Params                                  ASI  Speedup     Area  PeakPow  Region
  ──────────────────────────────────────────────────────────────────────────────
  bpt=tage l1da=4 l1d=64 l1ia=8 l1i=16 l2a=4 l2=512 l3a=16 l3=8192 robc=8 robd=10 robw=1024  -0.0112   1.0180   288.40  2638.40  Unsustainable
  bpt=pentium_m l1da=4 l1d=64 l1ia=4 l1i=64 l2a=8 l2=512 l3a=8 l3=1024 robc=10 robd=10 robw=512   0.0115   1.0180   131.82  1434.20  Unsustainable
  bpt=pentium_m l1da=8 l1d=64 l1ia=4 l1i=64 l2a=8 l2=512 l3a=16 l3=1024 robc=8 robd=10 robw=256   0.0256   1.0177   101.17   995.75  Unsustainable
  bpt=pentium_m l1da=8 l1d=64 l1ia=4 l1i=64 l2a=8 l2=512 l3a=16 l3=1024 robc=8 robd=10 robw=128   0.0690   1.0175    78.77   464.46  Unsustainable
  bp=2048 bpt=a53 l1da=4 l1d=64 l1ia=8 l1i=32 l2a=8 l2=512 l3a=16 l3=1024 nhist=4 robc=8 robd=10 robw=64   0.6029   1.0171    63.08    60.76  Unsustainable
  bpt=pentium_m l1da=8 l1d=32 l1ia=4 l1i=16 l2a=8 l2=512 l3a=4 l3=1024 robc=8 robd=10 robw=64   0.6048   1.0169    63.13    60.55  Unsustainable
  bp=512 bpt=a53 l1da=4 l1d=32 l1ia=8 l1i=64 l2a=8 l2=512 l3a=4 l3=2048 nhist=4 robc=10 robd=8 robw=64   0.8359   1.0163    62.05    44.18  Unsustainable
  bp=1024 bpt=a53 l1da=4 l1d=32 l1ia=8 l1i=64 l2a=8 l2=512 l3a=4 l3=2048 nhist=2 robc=8 robd=8 robw=64   0.8359   1.0162    62.05    44.18  Unsustainable
  bp=1024 bpt=a53 l1da=4 l1d=32 l1ia=8 l1i=64 l2a=8 l2=512 l3a=4 l3=2048 nhist=2 robc=10 robd=8 robw=64   0.8359   1.0162    62.05    44.18  Unsustainable
  bp=512 bpt=a53 l1da=8 l1d=32 l1ia=4 l1i=16 l2a=8 l2=512 l3a=8 l3=1024 nhist=2 robc=2 robd=4 robw=64   1.8109   1.0115    48.09    22.65  Strongly Sust.
  bpt=pentium_m l1da=4 l1d=16 l1ia=8 l1i=16 l2a=4 l2=256 l3a=4 l3=2048 robc=2 robd=2 robw=256   2.4282   0.9933    42.61    17.56  Strongly Sust.
  bpt=pentium_m l1da=4 l1d=16 l1ia=8 l1i=16 l2a=4 l2=256 l3a=4 l3=2048 robc=2 robd=2 robw=64   2.4777   0.9933    42.43    17.23  Strongly Sust.
  bpt=pentium_m l1da=4 l1d=16 l1ia=8 l1i=16 l2a=4 l2=256 l3a=4 l3=1024 robc=2 robd=2 robw=64   2.7079   0.9931    35.48    16.52  Strongly Sust.
  bp=512 bpt=a53 l1da=4 l1d=32 l1ia=8 l1i=16 l2a=4 l2=256 l3a=4 l3=1024 nhist=2 robc=2 robd=2 robw=16   2.7833   0.9650    35.52    16.06  Strongly Sust.
  bp=512 bpt=a53 l1da=4 l1d=16 l1ia=8 l1i=16 l2a=4 l2=256 l3a=4 l3=1024 nhist=2 robc=2 robd=2 robw=16   2.7952   0.9649    35.33    16.02  Strongly Sust.
  Ran sniper 1 time this iteration (99 total).

=== Iteration 94 ===
  Evaluating 1 configuration(s) (top acquisition score of 400 candidates)...
  [mesmo] bp=512 bpt=a53 l1da=4 l1d=32 l1ia=4 l1i=16 l2a=4 l2=256 l3a=4 l3=1024 nhist=2 robc=2 robd=2 robw=16  ASI= 2.9642  S=0.9651  A=  33.91  P= 15.24  [Strongly Sust.]  [ML2=1.00x, CCl=0.96x, MIP=0.95x, EI=0.96x]
  Deleted 2 non-Pareto output directories.

  Pareto front after iteration 94 (14 points, HV=2.9746):
  Params                                  ASI  Speedup     Area  PeakPow  Region
  ──────────────────────────────────────────────────────────────────────────────
  bpt=tage l1da=4 l1d=64 l1ia=8 l1i=16 l2a=4 l2=512 l3a=16 l3=8192 robc=8 robd=10 robw=1024  -0.0112   1.0180   288.40  2638.40  Unsustainable
  bpt=pentium_m l1da=4 l1d=64 l1ia=4 l1i=64 l2a=8 l2=512 l3a=8 l3=1024 robc=10 robd=10 robw=512   0.0115   1.0180   131.82  1434.20  Unsustainable
  bpt=pentium_m l1da=8 l1d=64 l1ia=4 l1i=64 l2a=8 l2=512 l3a=16 l3=1024 robc=8 robd=10 robw=256   0.0256   1.0177   101.17   995.75  Unsustainable
  bpt=pentium_m l1da=8 l1d=64 l1ia=4 l1i=64 l2a=8 l2=512 l3a=16 l3=1024 robc=8 robd=10 robw=128   0.0690   1.0175    78.77   464.46  Unsustainable
  bp=2048 bpt=a53 l1da=4 l1d=64 l1ia=8 l1i=32 l2a=8 l2=512 l3a=16 l3=1024 nhist=4 robc=8 robd=10 robw=64   0.6029   1.0171    63.08    60.76  Unsustainable
  bpt=pentium_m l1da=8 l1d=32 l1ia=4 l1i=16 l2a=8 l2=512 l3a=4 l3=1024 robc=8 robd=10 robw=64   0.6048   1.0169    63.13    60.55  Unsustainable
  bp=512 bpt=a53 l1da=4 l1d=32 l1ia=8 l1i=64 l2a=8 l2=512 l3a=4 l3=2048 nhist=4 robc=10 robd=8 robw=64   0.8359   1.0163    62.05    44.18  Unsustainable
  bp=1024 bpt=a53 l1da=4 l1d=32 l1ia=8 l1i=64 l2a=8 l2=512 l3a=4 l3=2048 nhist=2 robc=8 robd=8 robw=64   0.8359   1.0162    62.05    44.18  Unsustainable
  bp=1024 bpt=a53 l1da=4 l1d=32 l1ia=8 l1i=64 l2a=8 l2=512 l3a=4 l3=2048 nhist=2 robc=10 robd=8 robw=64   0.8359   1.0162    62.05    44.18  Unsustainable
  bp=512 bpt=a53 l1da=8 l1d=32 l1ia=4 l1i=16 l2a=8 l2=512 l3a=8 l3=1024 nhist=2 robc=2 robd=4 robw=64   1.8109   1.0115    48.09    22.65  Strongly Sust.
  bpt=pentium_m l1da=4 l1d=16 l1ia=8 l1i=16 l2a=4 l2=256 l3a=4 l3=2048 robc=2 robd=2 robw=256   2.4282   0.9933    42.61    17.56  Strongly Sust.
  bpt=pentium_m l1da=4 l1d=16 l1ia=8 l1i=16 l2a=4 l2=256 l3a=4 l3=2048 robc=2 robd=2 robw=64   2.4777   0.9933    42.43    17.23  Strongly Sust.
  bpt=pentium_m l1da=4 l1d=16 l1ia=8 l1i=16 l2a=4 l2=256 l3a=4 l3=1024 robc=2 robd=2 robw=64   2.7079   0.9931    35.48    16.52  Strongly Sust.
  bp=512 bpt=a53 l1da=4 l1d=32 l1ia=4 l1i=16 l2a=4 l2=256 l3a=4 l3=1024 nhist=2 robc=2 robd=2 robw=16   2.9642   0.9651    33.91    15.24  Strongly Sust.
  Ran sniper 1 time this iteration (100 total).

=== Iteration 95 ===
  Evaluating 1 configuration(s) (top acquisition score of 400 candidates)...
  [mesmo] bp=512 bpt=a53 l1da=4 l1d=64 l1ia=4 l1i=16 l2a=4 l2=256 l3a=4 l3=1024 nhist=2 robc=2 robd=2 robw=16  ASI= 2.9494  S=0.9654  A=  34.08  P= 15.30  [Strongly Sust.]  [ML2=1.00x, CCl=0.96x, MIP=0.95x, EI=0.96x]

  Pareto front after iteration 95 (15 points, HV=2.9747):
  Params                                  ASI  Speedup     Area  PeakPow  Region
  ──────────────────────────────────────────────────────────────────────────────
  bpt=tage l1da=4 l1d=64 l1ia=8 l1i=16 l2a=4 l2=512 l3a=16 l3=8192 robc=8 robd=10 robw=1024  -0.0112   1.0180   288.40  2638.40  Unsustainable
  bpt=pentium_m l1da=4 l1d=64 l1ia=4 l1i=64 l2a=8 l2=512 l3a=8 l3=1024 robc=10 robd=10 robw=512   0.0115   1.0180   131.82  1434.20  Unsustainable
  bpt=pentium_m l1da=8 l1d=64 l1ia=4 l1i=64 l2a=8 l2=512 l3a=16 l3=1024 robc=8 robd=10 robw=256   0.0256   1.0177   101.17   995.75  Unsustainable
  bpt=pentium_m l1da=8 l1d=64 l1ia=4 l1i=64 l2a=8 l2=512 l3a=16 l3=1024 robc=8 robd=10 robw=128   0.0690   1.0175    78.77   464.46  Unsustainable
  bp=2048 bpt=a53 l1da=4 l1d=64 l1ia=8 l1i=32 l2a=8 l2=512 l3a=16 l3=1024 nhist=4 robc=8 robd=10 robw=64   0.6029   1.0171    63.08    60.76  Unsustainable
  bpt=pentium_m l1da=8 l1d=32 l1ia=4 l1i=16 l2a=8 l2=512 l3a=4 l3=1024 robc=8 robd=10 robw=64   0.6048   1.0169    63.13    60.55  Unsustainable
  bp=512 bpt=a53 l1da=4 l1d=32 l1ia=8 l1i=64 l2a=8 l2=512 l3a=4 l3=2048 nhist=4 robc=10 robd=8 robw=64   0.8359   1.0163    62.05    44.18  Unsustainable
  bp=1024 bpt=a53 l1da=4 l1d=32 l1ia=8 l1i=64 l2a=8 l2=512 l3a=4 l3=2048 nhist=2 robc=8 robd=8 robw=64   0.8359   1.0162    62.05    44.18  Unsustainable
  bp=1024 bpt=a53 l1da=4 l1d=32 l1ia=8 l1i=64 l2a=8 l2=512 l3a=4 l3=2048 nhist=2 robc=10 robd=8 robw=64   0.8359   1.0162    62.05    44.18  Unsustainable
  bp=512 bpt=a53 l1da=8 l1d=32 l1ia=4 l1i=16 l2a=8 l2=512 l3a=8 l3=1024 nhist=2 robc=2 robd=4 robw=64   1.8109   1.0115    48.09    22.65  Strongly Sust.
  bpt=pentium_m l1da=4 l1d=16 l1ia=8 l1i=16 l2a=4 l2=256 l3a=4 l3=2048 robc=2 robd=2 robw=256   2.4282   0.9933    42.61    17.56  Strongly Sust.
  bpt=pentium_m l1da=4 l1d=16 l1ia=8 l1i=16 l2a=4 l2=256 l3a=4 l3=2048 robc=2 robd=2 robw=64   2.4777   0.9933    42.43    17.23  Strongly Sust.
  bpt=pentium_m l1da=4 l1d=16 l1ia=8 l1i=16 l2a=4 l2=256 l3a=4 l3=1024 robc=2 robd=2 robw=64   2.7079   0.9931    35.48    16.52  Strongly Sust.
  bp=512 bpt=a53 l1da=4 l1d=64 l1ia=4 l1i=16 l2a=4 l2=256 l3a=4 l3=1024 nhist=2 robc=2 robd=2 robw=16   2.9494   0.9654    34.08    15.30  Strongly Sust.
  bp=512 bpt=a53 l1da=4 l1d=32 l1ia=4 l1i=16 l2a=4 l2=256 l3a=4 l3=1024 nhist=2 robc=2 robd=2 robw=16   2.9642   0.9651    33.91    15.24  Strongly Sust.
  Ran sniper 1 time this iteration (101 total).

=== Iteration 96 ===
  Evaluating 1 configuration(s) (top acquisition score of 400 candidates)...
  [mesmo] bpt=pentium_m l1da=8 l1d=64 l1ia=4 l1i=64 l2a=8 l2=512 l3a=16 l3=4096 robc=8 robd=8 robw=64  ASI= 0.7077  S=1.0167  A=  77.22  P= 45.90  [Unsustainable]  [ML2=1.06x, CCl=1.00x, MIP=1.01x, EI=1.00x]

  Pareto front after iteration 96 (16 points, HV=2.9747):
  Params                                  ASI  Speedup     Area  PeakPow  Region
  ──────────────────────────────────────────────────────────────────────────────
  bpt=tage l1da=4 l1d=64 l1ia=8 l1i=16 l2a=4 l2=512 l3a=16 l3=8192 robc=8 robd=10 robw=1024  -0.0112   1.0180   288.40  2638.40  Unsustainable
  bpt=pentium_m l1da=4 l1d=64 l1ia=4 l1i=64 l2a=8 l2=512 l3a=8 l3=1024 robc=10 robd=10 robw=512   0.0115   1.0180   131.82  1434.20  Unsustainable
  bpt=pentium_m l1da=8 l1d=64 l1ia=4 l1i=64 l2a=8 l2=512 l3a=16 l3=1024 robc=8 robd=10 robw=256   0.0256   1.0177   101.17   995.75  Unsustainable
  bpt=pentium_m l1da=8 l1d=64 l1ia=4 l1i=64 l2a=8 l2=512 l3a=16 l3=1024 robc=8 robd=10 robw=128   0.0690   1.0175    78.77   464.46  Unsustainable
  bp=2048 bpt=a53 l1da=4 l1d=64 l1ia=8 l1i=32 l2a=8 l2=512 l3a=16 l3=1024 nhist=4 robc=8 robd=10 robw=64   0.6029   1.0171    63.08    60.76  Unsustainable
  bpt=pentium_m l1da=8 l1d=32 l1ia=4 l1i=16 l2a=8 l2=512 l3a=4 l3=1024 robc=8 robd=10 robw=64   0.6048   1.0169    63.13    60.55  Unsustainable
  bpt=pentium_m l1da=8 l1d=64 l1ia=4 l1i=64 l2a=8 l2=512 l3a=16 l3=4096 robc=8 robd=8 robw=64   0.7077   1.0167    77.22    45.90  Unsustainable
  bp=512 bpt=a53 l1da=4 l1d=32 l1ia=8 l1i=64 l2a=8 l2=512 l3a=4 l3=2048 nhist=4 robc=10 robd=8 robw=64   0.8359   1.0163    62.05    44.18  Unsustainable
  bp=1024 bpt=a53 l1da=4 l1d=32 l1ia=8 l1i=64 l2a=8 l2=512 l3a=4 l3=2048 nhist=2 robc=8 robd=8 robw=64   0.8359   1.0162    62.05    44.18  Unsustainable
  bp=1024 bpt=a53 l1da=4 l1d=32 l1ia=8 l1i=64 l2a=8 l2=512 l3a=4 l3=2048 nhist=2 robc=10 robd=8 robw=64   0.8359   1.0162    62.05    44.18  Unsustainable
  bp=512 bpt=a53 l1da=8 l1d=32 l1ia=4 l1i=16 l2a=8 l2=512 l3a=8 l3=1024 nhist=2 robc=2 robd=4 robw=64   1.8109   1.0115    48.09    22.65  Strongly Sust.
  bpt=pentium_m l1da=4 l1d=16 l1ia=8 l1i=16 l2a=4 l2=256 l3a=4 l3=2048 robc=2 robd=2 robw=256   2.4282   0.9933    42.61    17.56  Strongly Sust.
  bpt=pentium_m l1da=4 l1d=16 l1ia=8 l1i=16 l2a=4 l2=256 l3a=4 l3=2048 robc=2 robd=2 robw=64   2.4777   0.9933    42.43    17.23  Strongly Sust.
  bpt=pentium_m l1da=4 l1d=16 l1ia=8 l1i=16 l2a=4 l2=256 l3a=4 l3=1024 robc=2 robd=2 robw=64   2.7079   0.9931    35.48    16.52  Strongly Sust.
  bp=512 bpt=a53 l1da=4 l1d=64 l1ia=4 l1i=16 l2a=4 l2=256 l3a=4 l3=1024 nhist=2 robc=2 robd=2 robw=16   2.9494   0.9654    34.08    15.30  Strongly Sust.
  bp=512 bpt=a53 l1da=4 l1d=32 l1ia=4 l1i=16 l2a=4 l2=256 l3a=4 l3=1024 nhist=2 robc=2 robd=2 robw=16   2.9642   0.9651    33.91    15.24  Strongly Sust.
  Ran sniper 1 time this iteration (102 total).

=== Iteration 97 ===
  Evaluating 1 configuration(s) (top acquisition score of 400 candidates)...
  [mesmo] bp=1024 bpt=a53 l1da=4 l1d=32 l1ia=4 l1i=16 l2a=4 l2=256 l3a=4 l3=1024 nhist=2 robc=2 robd=2 robw=16  ASI= 2.9640  S=0.9653  A=  33.91  P= 15.24  [Strongly Sust.]  [ML2=1.00x, CCl=0.96x, MIP=0.95x, EI=0.96x]

  Pareto front after iteration 97 (17 points, HV=2.9747):
  Params                                  ASI  Speedup     Area  PeakPow  Region
  ──────────────────────────────────────────────────────────────────────────────
  bpt=tage l1da=4 l1d=64 l1ia=8 l1i=16 l2a=4 l2=512 l3a=16 l3=8192 robc=8 robd=10 robw=1024  -0.0112   1.0180   288.40  2638.40  Unsustainable
  bpt=pentium_m l1da=4 l1d=64 l1ia=4 l1i=64 l2a=8 l2=512 l3a=8 l3=1024 robc=10 robd=10 robw=512   0.0115   1.0180   131.82  1434.20  Unsustainable
  bpt=pentium_m l1da=8 l1d=64 l1ia=4 l1i=64 l2a=8 l2=512 l3a=16 l3=1024 robc=8 robd=10 robw=256   0.0256   1.0177   101.17   995.75  Unsustainable
  bpt=pentium_m l1da=8 l1d=64 l1ia=4 l1i=64 l2a=8 l2=512 l3a=16 l3=1024 robc=8 robd=10 robw=128   0.0690   1.0175    78.77   464.46  Unsustainable
  bp=2048 bpt=a53 l1da=4 l1d=64 l1ia=8 l1i=32 l2a=8 l2=512 l3a=16 l3=1024 nhist=4 robc=8 robd=10 robw=64   0.6029   1.0171    63.08    60.76  Unsustainable
  bpt=pentium_m l1da=8 l1d=32 l1ia=4 l1i=16 l2a=8 l2=512 l3a=4 l3=1024 robc=8 robd=10 robw=64   0.6048   1.0169    63.13    60.55  Unsustainable
  bpt=pentium_m l1da=8 l1d=64 l1ia=4 l1i=64 l2a=8 l2=512 l3a=16 l3=4096 robc=8 robd=8 robw=64   0.7077   1.0167    77.22    45.90  Unsustainable
  bp=512 bpt=a53 l1da=4 l1d=32 l1ia=8 l1i=64 l2a=8 l2=512 l3a=4 l3=2048 nhist=4 robc=10 robd=8 robw=64   0.8359   1.0163    62.05    44.18  Unsustainable
  bp=1024 bpt=a53 l1da=4 l1d=32 l1ia=8 l1i=64 l2a=8 l2=512 l3a=4 l3=2048 nhist=2 robc=8 robd=8 robw=64   0.8359   1.0162    62.05    44.18  Unsustainable
  bp=1024 bpt=a53 l1da=4 l1d=32 l1ia=8 l1i=64 l2a=8 l2=512 l3a=4 l3=2048 nhist=2 robc=10 robd=8 robw=64   0.8359   1.0162    62.05    44.18  Unsustainable
  bp=512 bpt=a53 l1da=8 l1d=32 l1ia=4 l1i=16 l2a=8 l2=512 l3a=8 l3=1024 nhist=2 robc=2 robd=4 robw=64   1.8109   1.0115    48.09    22.65  Strongly Sust.
  bpt=pentium_m l1da=4 l1d=16 l1ia=8 l1i=16 l2a=4 l2=256 l3a=4 l3=2048 robc=2 robd=2 robw=256   2.4282   0.9933    42.61    17.56  Strongly Sust.
  bpt=pentium_m l1da=4 l1d=16 l1ia=8 l1i=16 l2a=4 l2=256 l3a=4 l3=2048 robc=2 robd=2 robw=64   2.4777   0.9933    42.43    17.23  Strongly Sust.
  bpt=pentium_m l1da=4 l1d=16 l1ia=8 l1i=16 l2a=4 l2=256 l3a=4 l3=1024 robc=2 robd=2 robw=64   2.7079   0.9931    35.48    16.52  Strongly Sust.
  bp=512 bpt=a53 l1da=4 l1d=64 l1ia=4 l1i=16 l2a=4 l2=256 l3a=4 l3=1024 nhist=2 robc=2 robd=2 robw=16   2.9494   0.9654    34.08    15.30  Strongly Sust.
  bp=1024 bpt=a53 l1da=4 l1d=32 l1ia=4 l1i=16 l2a=4 l2=256 l3a=4 l3=1024 nhist=2 robc=2 robd=2 robw=16   2.9640   0.9653    33.91    15.24  Strongly Sust.
  bp=512 bpt=a53 l1da=4 l1d=32 l1ia=4 l1i=16 l2a=4 l2=256 l3a=4 l3=1024 nhist=2 robc=2 robd=2 robw=16   2.9642   0.9651    33.91    15.24  Strongly Sust.
  Ran sniper 1 time this iteration (103 total).

=== Iteration 98 ===
  Evaluating 1 configuration(s) (top acquisition score of 400 candidates)...
  [mesmo] bp=2048 bpt=a53 l1da=8 l1d=64 l1ia=4 l1i=64 l2a=4 l2=512 l3a=16 l3=8192 nhist=3 robc=2 robd=10 robw=256  ASI= 0.0108  S=1.0147  A= 151.24  P=1001.13  [Unsustainable]  [ML2=1.06x, CCl=1.00x, MIP=1.01x, EI=0.99x]
  Deleted 1 non-Pareto output directory.

  Pareto front after iteration 98 (17 points, HV=2.9747):
  Params                                  ASI  Speedup     Area  PeakPow  Region
  ──────────────────────────────────────────────────────────────────────────────
  bpt=tage l1da=4 l1d=64 l1ia=8 l1i=16 l2a=4 l2=512 l3a=16 l3=8192 robc=8 robd=10 robw=1024  -0.0112   1.0180   288.40  2638.40  Unsustainable
  bpt=pentium_m l1da=4 l1d=64 l1ia=4 l1i=64 l2a=8 l2=512 l3a=8 l3=1024 robc=10 robd=10 robw=512   0.0115   1.0180   131.82  1434.20  Unsustainable
  bpt=pentium_m l1da=8 l1d=64 l1ia=4 l1i=64 l2a=8 l2=512 l3a=16 l3=1024 robc=8 robd=10 robw=256   0.0256   1.0177   101.17   995.75  Unsustainable
  bpt=pentium_m l1da=8 l1d=64 l1ia=4 l1i=64 l2a=8 l2=512 l3a=16 l3=1024 robc=8 robd=10 robw=128   0.0690   1.0175    78.77   464.46  Unsustainable
  bp=2048 bpt=a53 l1da=4 l1d=64 l1ia=8 l1i=32 l2a=8 l2=512 l3a=16 l3=1024 nhist=4 robc=8 robd=10 robw=64   0.6029   1.0171    63.08    60.76  Unsustainable
  bpt=pentium_m l1da=8 l1d=32 l1ia=4 l1i=16 l2a=8 l2=512 l3a=4 l3=1024 robc=8 robd=10 robw=64   0.6048   1.0169    63.13    60.55  Unsustainable
  bpt=pentium_m l1da=8 l1d=64 l1ia=4 l1i=64 l2a=8 l2=512 l3a=16 l3=4096 robc=8 robd=8 robw=64   0.7077   1.0167    77.22    45.90  Unsustainable
  bp=512 bpt=a53 l1da=4 l1d=32 l1ia=8 l1i=64 l2a=8 l2=512 l3a=4 l3=2048 nhist=4 robc=10 robd=8 robw=64   0.8359   1.0163    62.05    44.18  Unsustainable
  bp=1024 bpt=a53 l1da=4 l1d=32 l1ia=8 l1i=64 l2a=8 l2=512 l3a=4 l3=2048 nhist=2 robc=8 robd=8 robw=64   0.8359   1.0162    62.05    44.18  Unsustainable
  bp=1024 bpt=a53 l1da=4 l1d=32 l1ia=8 l1i=64 l2a=8 l2=512 l3a=4 l3=2048 nhist=2 robc=10 robd=8 robw=64   0.8359   1.0162    62.05    44.18  Unsustainable
  bp=512 bpt=a53 l1da=8 l1d=32 l1ia=4 l1i=16 l2a=8 l2=512 l3a=8 l3=1024 nhist=2 robc=2 robd=4 robw=64   1.8109   1.0115    48.09    22.65  Strongly Sust.
  bpt=pentium_m l1da=4 l1d=16 l1ia=8 l1i=16 l2a=4 l2=256 l3a=4 l3=2048 robc=2 robd=2 robw=256   2.4282   0.9933    42.61    17.56  Strongly Sust.
  bpt=pentium_m l1da=4 l1d=16 l1ia=8 l1i=16 l2a=4 l2=256 l3a=4 l3=2048 robc=2 robd=2 robw=64   2.4777   0.9933    42.43    17.23  Strongly Sust.
  bpt=pentium_m l1da=4 l1d=16 l1ia=8 l1i=16 l2a=4 l2=256 l3a=4 l3=1024 robc=2 robd=2 robw=64   2.7079   0.9931    35.48    16.52  Strongly Sust.
  bp=512 bpt=a53 l1da=4 l1d=64 l1ia=4 l1i=16 l2a=4 l2=256 l3a=4 l3=1024 nhist=2 robc=2 robd=2 robw=16   2.9494   0.9654    34.08    15.30  Strongly Sust.
  bp=1024 bpt=a53 l1da=4 l1d=32 l1ia=4 l1i=16 l2a=4 l2=256 l3a=4 l3=1024 nhist=2 robc=2 robd=2 robw=16   2.9640   0.9653    33.91    15.24  Strongly Sust.
  bp=512 bpt=a53 l1da=4 l1d=32 l1ia=4 l1i=16 l2a=4 l2=256 l3a=4 l3=1024 nhist=2 robc=2 robd=2 robw=16   2.9642   0.9651    33.91    15.24  Strongly Sust.
  Ran sniper 1 time this iteration (104 total).

=== Iteration 99 ===
  Evaluating 1 configuration(s) (top acquisition score of 400 candidates)...
  [mesmo] bp=1024 bpt=a53 l1da=4 l1d=32 l1ia=4 l1i=32 l2a=4 l2=512 l3a=16 l3=2048 nhist=4 robc=10 robd=8 robw=64  ASI= 0.8658  S=1.0163  A=  59.92  P= 43.38  [Unsustainable]  [ML2=1.06x, CCl=1.00x, MIP=1.01x, EI=1.00x]
  Deleted 2 non-Pareto output directories.

  Pareto front after iteration 99 (16 points, HV=2.9749):
  Params                                  ASI  Speedup     Area  PeakPow  Region
  ──────────────────────────────────────────────────────────────────────────────
  bpt=tage l1da=4 l1d=64 l1ia=8 l1i=16 l2a=4 l2=512 l3a=16 l3=8192 robc=8 robd=10 robw=1024  -0.0112   1.0180   288.40  2638.40  Unsustainable
  bpt=pentium_m l1da=4 l1d=64 l1ia=4 l1i=64 l2a=8 l2=512 l3a=8 l3=1024 robc=10 robd=10 robw=512   0.0115   1.0180   131.82  1434.20  Unsustainable
  bpt=pentium_m l1da=8 l1d=64 l1ia=4 l1i=64 l2a=8 l2=512 l3a=16 l3=1024 robc=8 robd=10 robw=256   0.0256   1.0177   101.17   995.75  Unsustainable
  bpt=pentium_m l1da=8 l1d=64 l1ia=4 l1i=64 l2a=8 l2=512 l3a=16 l3=1024 robc=8 robd=10 robw=128   0.0690   1.0175    78.77   464.46  Unsustainable
  bp=2048 bpt=a53 l1da=4 l1d=64 l1ia=8 l1i=32 l2a=8 l2=512 l3a=16 l3=1024 nhist=4 robc=8 robd=10 robw=64   0.6029   1.0171    63.08    60.76  Unsustainable
  bpt=pentium_m l1da=8 l1d=32 l1ia=4 l1i=16 l2a=8 l2=512 l3a=4 l3=1024 robc=8 robd=10 robw=64   0.6048   1.0169    63.13    60.55  Unsustainable
  bpt=pentium_m l1da=8 l1d=64 l1ia=4 l1i=64 l2a=8 l2=512 l3a=16 l3=4096 robc=8 robd=8 robw=64   0.7077   1.0167    77.22    45.90  Unsustainable
  bp=512 bpt=a53 l1da=4 l1d=32 l1ia=8 l1i=64 l2a=8 l2=512 l3a=4 l3=2048 nhist=4 robc=10 robd=8 robw=64   0.8359   1.0163    62.05    44.18  Unsustainable
  bp=1024 bpt=a53 l1da=4 l1d=32 l1ia=4 l1i=32 l2a=4 l2=512 l3a=16 l3=2048 nhist=4 robc=10 robd=8 robw=64   0.8658   1.0163    59.92    43.38  Unsustainable
  bp=512 bpt=a53 l1da=8 l1d=32 l1ia=4 l1i=16 l2a=8 l2=512 l3a=8 l3=1024 nhist=2 robc=2 robd=4 robw=64   1.8109   1.0115    48.09    22.65  Strongly Sust.
  bpt=pentium_m l1da=4 l1d=16 l1ia=8 l1i=16 l2a=4 l2=256 l3a=4 l3=2048 robc=2 robd=2 robw=256   2.4282   0.9933    42.61    17.56  Strongly Sust.
  bpt=pentium_m l1da=4 l1d=16 l1ia=8 l1i=16 l2a=4 l2=256 l3a=4 l3=2048 robc=2 robd=2 robw=64   2.4777   0.9933    42.43    17.23  Strongly Sust.
  bpt=pentium_m l1da=4 l1d=16 l1ia=8 l1i=16 l2a=4 l2=256 l3a=4 l3=1024 robc=2 robd=2 robw=64   2.7079   0.9931    35.48    16.52  Strongly Sust.
  bp=512 bpt=a53 l1da=4 l1d=64 l1ia=4 l1i=16 l2a=4 l2=256 l3a=4 l3=1024 nhist=2 robc=2 robd=2 robw=16   2.9494   0.9654    34.08    15.30  Strongly Sust.
  bp=1024 bpt=a53 l1da=4 l1d=32 l1ia=4 l1i=16 l2a=4 l2=256 l3a=4 l3=1024 nhist=2 robc=2 robd=2 robw=16   2.9640   0.9653    33.91    15.24  Strongly Sust.
  bp=512 bpt=a53 l1da=4 l1d=32 l1ia=4 l1i=16 l2a=4 l2=256 l3a=4 l3=1024 nhist=2 robc=2 robd=2 robw=16   2.9642   0.9651    33.91    15.24  Strongly Sust.
  Ran sniper 1 time this iteration (105 total).

=== Iteration 100 ===
  Evaluating 1 configuration(s) (top acquisition score of 400 candidates)...
  [mesmo] bp=1024 bpt=a53 l1da=4 l1d=32 l1ia=4 l1i=16 l2a=4 l2=256 l3a=4 l3=1024 nhist=2 robc=2 robd=2 robw=64  ASI= 2.8713  S=0.9929  A=  34.06  P= 15.72  [Strongly Sust.]  [ML2=1.00x, CCl=1.00x, MIP=0.98x, EI=0.99x]

  Pareto front after iteration 100 (17 points, HV=2.9794):
  Params                                  ASI  Speedup     Area  PeakPow  Region
  ──────────────────────────────────────────────────────────────────────────────
  bpt=tage l1da=4 l1d=64 l1ia=8 l1i=16 l2a=4 l2=512 l3a=16 l3=8192 robc=8 robd=10 robw=1024  -0.0112   1.0180   288.40  2638.40  Unsustainable
  bpt=pentium_m l1da=4 l1d=64 l1ia=4 l1i=64 l2a=8 l2=512 l3a=8 l3=1024 robc=10 robd=10 robw=512   0.0115   1.0180   131.82  1434.20  Unsustainable
  bpt=pentium_m l1da=8 l1d=64 l1ia=4 l1i=64 l2a=8 l2=512 l3a=16 l3=1024 robc=8 robd=10 robw=256   0.0256   1.0177   101.17   995.75  Unsustainable
  bpt=pentium_m l1da=8 l1d=64 l1ia=4 l1i=64 l2a=8 l2=512 l3a=16 l3=1024 robc=8 robd=10 robw=128   0.0690   1.0175    78.77   464.46  Unsustainable
  bp=2048 bpt=a53 l1da=4 l1d=64 l1ia=8 l1i=32 l2a=8 l2=512 l3a=16 l3=1024 nhist=4 robc=8 robd=10 robw=64   0.6029   1.0171    63.08    60.76  Unsustainable
  bpt=pentium_m l1da=8 l1d=32 l1ia=4 l1i=16 l2a=8 l2=512 l3a=4 l3=1024 robc=8 robd=10 robw=64   0.6048   1.0169    63.13    60.55  Unsustainable
  bpt=pentium_m l1da=8 l1d=64 l1ia=4 l1i=64 l2a=8 l2=512 l3a=16 l3=4096 robc=8 robd=8 robw=64   0.7077   1.0167    77.22    45.90  Unsustainable
  bp=512 bpt=a53 l1da=4 l1d=32 l1ia=8 l1i=64 l2a=8 l2=512 l3a=4 l3=2048 nhist=4 robc=10 robd=8 robw=64   0.8359   1.0163    62.05    44.18  Unsustainable
  bp=1024 bpt=a53 l1da=4 l1d=32 l1ia=4 l1i=32 l2a=4 l2=512 l3a=16 l3=2048 nhist=4 robc=10 robd=8 robw=64   0.8658   1.0163    59.92    43.38  Unsustainable
  bp=512 bpt=a53 l1da=8 l1d=32 l1ia=4 l1i=16 l2a=8 l2=512 l3a=8 l3=1024 nhist=2 robc=2 robd=4 robw=64   1.8109   1.0115    48.09    22.65  Strongly Sust.
  bpt=pentium_m l1da=4 l1d=16 l1ia=8 l1i=16 l2a=4 l2=256 l3a=4 l3=2048 robc=2 robd=2 robw=256   2.4282   0.9933    42.61    17.56  Strongly Sust.
  bpt=pentium_m l1da=4 l1d=16 l1ia=8 l1i=16 l2a=4 l2=256 l3a=4 l3=2048 robc=2 robd=2 robw=64   2.4777   0.9933    42.43    17.23  Strongly Sust.
  bpt=pentium_m l1da=4 l1d=16 l1ia=8 l1i=16 l2a=4 l2=256 l3a=4 l3=1024 robc=2 robd=2 robw=64   2.7079   0.9931    35.48    16.52  Strongly Sust.
  bp=1024 bpt=a53 l1da=4 l1d=32 l1ia=4 l1i=16 l2a=4 l2=256 l3a=4 l3=1024 nhist=2 robc=2 robd=2 robw=64   2.8713   0.9929    34.06    15.72  Strongly Sust.
  bp=512 bpt=a53 l1da=4 l1d=64 l1ia=4 l1i=16 l2a=4 l2=256 l3a=4 l3=1024 nhist=2 robc=2 robd=2 robw=16   2.9494   0.9654    34.08    15.30  Strongly Sust.
  bp=1024 bpt=a53 l1da=4 l1d=32 l1ia=4 l1i=16 l2a=4 l2=256 l3a=4 l3=1024 nhist=2 robc=2 robd=2 robw=16   2.9640   0.9653    33.91    15.24  Strongly Sust.
  bp=512 bpt=a53 l1da=4 l1d=32 l1ia=4 l1i=16 l2a=4 l2=256 l3a=4 l3=1024 nhist=2 robc=2 robd=2 robw=16   2.9642   0.9651    33.91    15.24  Strongly Sust.
  Ran sniper 1 time this iteration (106 total).

Total sniper runs: 106
Final hypervolume: 2.9794

Plot saved → /home/jaco/school/stage/asi/asi-output/pareto_history.png
Plot saved → /home/jaco/school/stage/asi/asi-output/pareto_final.png
=== Final Pareto Front ===
  Params                                  ASI  Speedup     Area  PeakPow  Region
  ──────────────────────────────────────────────────────────────────────────────
  bpt=tage l1da=4 l1d=64 l1ia=8 l1i=16 l2a=4 l2=512 l3a=16 l3=8192 robc=8 robd=10 robw=1024  -0.0112   1.0180   288.40  2638.40  Unsustainable
  bpt=pentium_m l1da=4 l1d=64 l1ia=4 l1i=64 l2a=8 l2=512 l3a=8 l3=1024 robc=10 robd=10 robw=512   0.0115   1.0180   131.82  1434.20  Unsustainable
  bpt=pentium_m l1da=8 l1d=64 l1ia=4 l1i=64 l2a=8 l2=512 l3a=16 l3=1024 robc=8 robd=10 robw=256   0.0256   1.0177   101.17   995.75  Unsustainable
  bpt=pentium_m l1da=8 l1d=64 l1ia=4 l1i=64 l2a=8 l2=512 l3a=16 l3=1024 robc=8 robd=10 robw=128   0.0690   1.0175    78.77   464.46  Unsustainable
  bp=2048 bpt=a53 l1da=4 l1d=64 l1ia=8 l1i=32 l2a=8 l2=512 l3a=16 l3=1024 nhist=4 robc=8 robd=10 robw=64   0.6029   1.0171    63.08    60.76  Unsustainable
  bpt=pentium_m l1da=8 l1d=32 l1ia=4 l1i=16 l2a=8 l2=512 l3a=4 l3=1024 robc=8 robd=10 robw=64   0.6048   1.0169    63.13    60.55  Unsustainable
  bpt=pentium_m l1da=8 l1d=64 l1ia=4 l1i=64 l2a=8 l2=512 l3a=16 l3=4096 robc=8 robd=8 robw=64   0.7077   1.0167    77.22    45.90  Unsustainable
  bp=512 bpt=a53 l1da=4 l1d=32 l1ia=8 l1i=64 l2a=8 l2=512 l3a=4 l3=2048 nhist=4 robc=10 robd=8 robw=64   0.8359   1.0163    62.05    44.18  Unsustainable
  bp=1024 bpt=a53 l1da=4 l1d=32 l1ia=4 l1i=32 l2a=4 l2=512 l3a=16 l3=2048 nhist=4 robc=10 robd=8 robw=64   0.8658   1.0163    59.92    43.38  Unsustainable
  bp=512 bpt=a53 l1da=8 l1d=32 l1ia=4 l1i=16 l2a=8 l2=512 l3a=8 l3=1024 nhist=2 robc=2 robd=4 robw=64   1.8109   1.0115    48.09    22.65  Strongly Sust.
  bpt=pentium_m l1da=4 l1d=16 l1ia=8 l1i=16 l2a=4 l2=256 l3a=4 l3=2048 robc=2 robd=2 robw=256   2.4282   0.9933    42.61    17.56  Strongly Sust.
  bpt=pentium_m l1da=4 l1d=16 l1ia=8 l1i=16 l2a=4 l2=256 l3a=4 l3=2048 robc=2 robd=2 robw=64   2.4777   0.9933    42.43    17.23  Strongly Sust.
  bpt=pentium_m l1da=4 l1d=16 l1ia=8 l1i=16 l2a=4 l2=256 l3a=4 l3=1024 robc=2 robd=2 robw=64   2.7079   0.9931    35.48    16.52  Strongly Sust.
  bp=1024 bpt=a53 l1da=4 l1d=32 l1ia=4 l1i=16 l2a=4 l2=256 l3a=4 l3=1024 nhist=2 robc=2 robd=2 robw=64   2.8713   0.9929    34.06    15.72  Strongly Sust.
  bp=512 bpt=a53 l1da=4 l1d=64 l1ia=4 l1i=16 l2a=4 l2=256 l3a=4 l3=1024 nhist=2 robc=2 robd=2 robw=16   2.9494   0.9654    34.08    15.30  Strongly Sust.
  bp=1024 bpt=a53 l1da=4 l1d=32 l1ia=4 l1i=16 l2a=4 l2=256 l3a=4 l3=1024 nhist=2 robc=2 robd=2 robw=16   2.9640   0.9653    33.91    15.24  Strongly Sust.
  bp=512 bpt=a53 l1da=4 l1d=32 l1ia=4 l1i=16 l2a=4 l2=256 l3a=4 l3=1024 nhist=2 robc=2 robd=2 robw=16   2.9642   0.9651    33.91    15.24  Strongly Sust.
