Logging to /home/jaco/school/stage/asi/asi-output/run.log

Benchmarks: ML2 (./libs/benchmarks/ML2/bench)

Resuming MESMO search from iteration 60 (found /home/jaco/school/stage/asi/asi-output/search_state.json)

=== Iteration 61 ===
  Evaluating 1 configuration(s) (top acquisition score of 400 candidates)...
  [mesmo] bpt=nn l1da=4 l1d=32 l1ia=4 l1i=64 l2a=4 l2=256 l3a=8 l3=1024 nnbl=16 nnlr=0.005 robc=10 robd=2 robw=16  ASI= 2.9873  S=1.0000  A=  34.73  P= 14.09  [Strongly Sust.]
  Deleted 3 non-Pareto output directories.

  Pareto front after iteration 61 (22 points, HV=3.2148):
  Params                                  ASI  Speedup     Area  PeakPow  Region
  ──────────────────────────────────────────────────────────────────────────────
  bpt=pentium_m l1da=8 l1d=64 l1ia=8 l1i=16 l2a=4 l2=512 l3a=8 l3=4096 robc=10 robd=2 robw=1024   0.8626   1.0609    70.94    37.26  Unsustainable
  bpt=pentium_m l1da=8 l1d=64 l1ia=8 l1i=16 l2a=8 l2=512 l3a=16 l3=1024 robc=10 robd=2 robw=512   1.5034   1.0608    50.78    25.06  Strongly Sust.
  bpt=pentium_m l1da=4 l1d=64 l1ia=8 l1i=64 l2a=8 l2=512 l3a=16 l3=2048 robc=10 robd=4 robw=128   1.6488   1.0608    53.40    22.41  Strongly Sust.
  bpt=pentium_m l1da=4 l1d=64 l1ia=8 l1i=64 l2a=8 l2=512 l3a=16 l3=2048 robc=8 robd=4 robw=128   1.6488   1.0607    53.40    22.41  Strongly Sust.
  bp=512 bpt=a53 l1da=8 l1d=64 l1ia=8 l1i=16 l2a=8 l2=512 l3a=16 l3=4096 nhist=2 robc=10 robd=2 robw=256   1.7280   1.0606    66.19    19.35  Strongly Sust.
  bp=512 bpt=a53 l1da=8 l1d=64 l1ia=8 l1i=16 l2a=8 l2=512 l3a=16 l3=1024 nhist=2 robc=10 robd=2 robw=256   2.2291   1.0606    49.29    17.09  Strongly Sust.
  bpt=pentium_m l1da=8 l1d=64 l1ia=8 l1i=16 l2a=8 l2=512 l3a=16 l3=1024 robc=10 robd=2 robw=256   2.2292   1.0605    49.29    17.08  Strongly Sust.
  bpt=nn l1da=8 l1d=64 l1ia=8 l1i=16 l2a=8 l2=512 l3a=16 l3=1024 nnbl=16 nnlr=0.005 robc=10 robd=2 robw=256   2.2293   1.0602    49.29    17.08  Strongly Sust.
  bp=512 bpt=a53 l1da=4 l1d=64 l1ia=4 l1i=16 l2a=4 l2=256 l3a=4 l3=2048 nhist=4 robc=2 robd=2 robw=256   2.6064   1.0018    41.36    15.45  Strongly Sust.
  bpt=nn l1da=4 l1d=64 l1ia=4 l1i=16 l2a=4 l2=256 l3a=4 l3=2048 nnbl=16 nnlr=0.0005 robc=2 robd=2 robw=256   2.6071   1.0001    41.36    15.44  Strongly Sust.
  bpt=nn l1da=4 l1d=32 l1ia=4 l1i=64 l2a=4 l2=256 l3a=8 l3=1024 nnbl=16 nnlr=0.005 robc=10 robd=2 robw=16   2.9873   1.0000    34.73    14.09  Strongly Sust.
  bpt=nn l1da=4 l1d=64 l1ia=4 l1i=32 l2a=8 l2=128 l3a=4 l3=1024 nnbl=64 nnlr=0.0005 robc=8 robd=2 robw=32   3.0414   0.9746    33.46    13.95  Strongly Sust.
  bp=512 bpt=a53 l1da=4 l1d=16 l1ia=4 l1i=32 l2a=8 l2=128 l3a=4 l3=1024 nhist=3 robc=8 robd=2 robw=32   3.0671   0.9725    33.09    13.87  Strongly Sust.
  bp=512 bpt=a53 l1da=4 l1d=16 l1ia=4 l1i=32 l2a=8 l2=128 l3a=4 l3=1024 nhist=4 robc=10 robd=2 robw=32   3.0671   0.9724    33.09    13.87  Strongly Sust.
  bpt=tage l1da=4 l1d=16 l1ia=4 l1i=32 l2a=8 l2=128 l3a=4 l3=1024 robc=2 robd=2 robw=32   3.0672   0.9723    33.09    13.87  Strongly Sust.
  bp=512 bpt=a53 l1da=4 l1d=16 l1ia=4 l1i=32 l2a=8 l2=128 l3a=4 l3=1024 nhist=4 robc=8 robd=2 robw=32   3.0672   0.9723    33.09    13.87  Strongly Sust.
  bpt=nn l1da=4 l1d=16 l1ia=4 l1i=32 l2a=8 l2=128 l3a=4 l3=1024 nnbl=16 nnlr=0.0005 robc=10 robd=2 robw=32   3.0675   0.9717    33.09    13.87  Strongly Sust.
  bpt=nn l1da=4 l1d=16 l1ia=4 l1i=32 l2a=8 l2=128 l3a=4 l3=1024 nnbl=64 nnlr=0.005 robc=2 robd=2 robw=32   3.0681   0.9706    33.09    13.86  Strongly Sust.
  bpt=nn l1da=4 l1d=16 l1ia=4 l1i=32 l2a=8 l2=128 l3a=4 l3=1024 nnbl=64 nnlr=0.005 robc=10 robd=2 robw=32   3.0682   0.9703    33.09    13.86  Strongly Sust.
  bpt=nn l1da=4 l1d=16 l1ia=4 l1i=32 l2a=8 l2=128 l3a=4 l3=1024 nnbl=32 nnlr=0.0005 robc=10 robd=2 robw=32   3.0684   0.9700    33.09    13.86  Strongly Sust.
  bpt=nn l1da=4 l1d=16 l1ia=4 l1i=32 l2a=8 l2=128 l3a=4 l3=1024 nnbl=32 nnlr=0.0005 robc=8 robd=2 robw=32   3.0688   0.9692    33.09    13.86  Strongly Sust.
  bpt=nn l1da=4 l1d=16 l1ia=4 l1i=32 l2a=8 l2=128 l3a=4 l3=1024 nnbl=64 nnlr=0.0005 robc=8 robd=2 robw=32   3.0814   0.9447    33.09    13.80  Strongly Sust.
  Ran sniper 1 time this iteration (67 total).

=== Iteration 62 ===
  Evaluating 1 configuration(s) (top acquisition score of 400 candidates)...
  [mesmo] bp=1024 bpt=a53 l1da=8 l1d=32 l1ia=8 l1i=32 l2a=4 l2=512 l3a=16 l3=4096 nhist=2 robc=10 robd=2 robw=512  ASI= 1.2124  S=1.0589  A=  67.61  P= 27.26  [Strongly Sust.]
  Deleted 1 non-Pareto output directory.

  Pareto front after iteration 62 (22 points, HV=3.2148):
  Params                                  ASI  Speedup     Area  PeakPow  Region
  ──────────────────────────────────────────────────────────────────────────────
  bpt=pentium_m l1da=8 l1d=64 l1ia=8 l1i=16 l2a=4 l2=512 l3a=8 l3=4096 robc=10 robd=2 robw=1024   0.8626   1.0609    70.94    37.26  Unsustainable
  bpt=pentium_m l1da=8 l1d=64 l1ia=8 l1i=16 l2a=8 l2=512 l3a=16 l3=1024 robc=10 robd=2 robw=512   1.5034   1.0608    50.78    25.06  Strongly Sust.
  bpt=pentium_m l1da=4 l1d=64 l1ia=8 l1i=64 l2a=8 l2=512 l3a=16 l3=2048 robc=10 robd=4 robw=128   1.6488   1.0608    53.40    22.41  Strongly Sust.
  bpt=pentium_m l1da=4 l1d=64 l1ia=8 l1i=64 l2a=8 l2=512 l3a=16 l3=2048 robc=8 robd=4 robw=128   1.6488   1.0607    53.40    22.41  Strongly Sust.
  bp=512 bpt=a53 l1da=8 l1d=64 l1ia=8 l1i=16 l2a=8 l2=512 l3a=16 l3=4096 nhist=2 robc=10 robd=2 robw=256   1.7280   1.0606    66.19    19.35  Strongly Sust.
  bp=512 bpt=a53 l1da=8 l1d=64 l1ia=8 l1i=16 l2a=8 l2=512 l3a=16 l3=1024 nhist=2 robc=10 robd=2 robw=256   2.2291   1.0606    49.29    17.09  Strongly Sust.
  bpt=pentium_m l1da=8 l1d=64 l1ia=8 l1i=16 l2a=8 l2=512 l3a=16 l3=1024 robc=10 robd=2 robw=256   2.2292   1.0605    49.29    17.08  Strongly Sust.
  bpt=nn l1da=8 l1d=64 l1ia=8 l1i=16 l2a=8 l2=512 l3a=16 l3=1024 nnbl=16 nnlr=0.005 robc=10 robd=2 robw=256   2.2293   1.0602    49.29    17.08  Strongly Sust.
  bp=512 bpt=a53 l1da=4 l1d=64 l1ia=4 l1i=16 l2a=4 l2=256 l3a=4 l3=2048 nhist=4 robc=2 robd=2 robw=256   2.6064   1.0018    41.36    15.45  Strongly Sust.
  bpt=nn l1da=4 l1d=64 l1ia=4 l1i=16 l2a=4 l2=256 l3a=4 l3=2048 nnbl=16 nnlr=0.0005 robc=2 robd=2 robw=256   2.6071   1.0001    41.36    15.44  Strongly Sust.
  bpt=nn l1da=4 l1d=32 l1ia=4 l1i=64 l2a=4 l2=256 l3a=8 l3=1024 nnbl=16 nnlr=0.005 robc=10 robd=2 robw=16   2.9873   1.0000    34.73    14.09  Strongly Sust.
  bpt=nn l1da=4 l1d=64 l1ia=4 l1i=32 l2a=8 l2=128 l3a=4 l3=1024 nnbl=64 nnlr=0.0005 robc=8 robd=2 robw=32   3.0414   0.9746    33.46    13.95  Strongly Sust.
  bp=512 bpt=a53 l1da=4 l1d=16 l1ia=4 l1i=32 l2a=8 l2=128 l3a=4 l3=1024 nhist=3 robc=8 robd=2 robw=32   3.0671   0.9725    33.09    13.87  Strongly Sust.
  bp=512 bpt=a53 l1da=4 l1d=16 l1ia=4 l1i=32 l2a=8 l2=128 l3a=4 l3=1024 nhist=4 robc=10 robd=2 robw=32   3.0671   0.9724    33.09    13.87  Strongly Sust.
  bpt=tage l1da=4 l1d=16 l1ia=4 l1i=32 l2a=8 l2=128 l3a=4 l3=1024 robc=2 robd=2 robw=32   3.0672   0.9723    33.09    13.87  Strongly Sust.
  bp=512 bpt=a53 l1da=4 l1d=16 l1ia=4 l1i=32 l2a=8 l2=128 l3a=4 l3=1024 nhist=4 robc=8 robd=2 robw=32   3.0672   0.9723    33.09    13.87  Strongly Sust.
  bpt=nn l1da=4 l1d=16 l1ia=4 l1i=32 l2a=8 l2=128 l3a=4 l3=1024 nnbl=16 nnlr=0.0005 robc=10 robd=2 robw=32   3.0675   0.9717    33.09    13.87  Strongly Sust.
  bpt=nn l1da=4 l1d=16 l1ia=4 l1i=32 l2a=8 l2=128 l3a=4 l3=1024 nnbl=64 nnlr=0.005 robc=2 robd=2 robw=32   3.0681   0.9706    33.09    13.86  Strongly Sust.
  bpt=nn l1da=4 l1d=16 l1ia=4 l1i=32 l2a=8 l2=128 l3a=4 l3=1024 nnbl=64 nnlr=0.005 robc=10 robd=2 robw=32   3.0682   0.9703    33.09    13.86  Strongly Sust.
  bpt=nn l1da=4 l1d=16 l1ia=4 l1i=32 l2a=8 l2=128 l3a=4 l3=1024 nnbl=32 nnlr=0.0005 robc=10 robd=2 robw=32   3.0684   0.9700    33.09    13.86  Strongly Sust.
  bpt=nn l1da=4 l1d=16 l1ia=4 l1i=32 l2a=8 l2=128 l3a=4 l3=1024 nnbl=32 nnlr=0.0005 robc=8 robd=2 robw=32   3.0688   0.9692    33.09    13.86  Strongly Sust.
  bpt=nn l1da=4 l1d=16 l1ia=4 l1i=32 l2a=8 l2=128 l3a=4 l3=1024 nnbl=64 nnlr=0.0005 robc=8 robd=2 robw=32   3.0814   0.9447    33.09    13.80  Strongly Sust.
  Ran sniper 1 time this iteration (68 total).

=== Iteration 63 ===
  Evaluating 1 configuration(s) (top acquisition score of 400 candidates)...
  [mesmo] bpt=pentium_m l1da=4 l1d=64 l1ia=4 l1i=16 l2a=8 l2=512 l3a=8 l3=1024 robc=10 robd=2 robw=64  ASI= 2.5978  S=1.0606  A=  41.00  P= 15.54  [Strongly Sust.]
  Deleted 4 non-Pareto output directories.

  Pareto front after iteration 63 (19 points, HV=3.2364):
  Params                                  ASI  Speedup     Area  PeakPow  Region
  ──────────────────────────────────────────────────────────────────────────────
  bpt=pentium_m l1da=8 l1d=64 l1ia=8 l1i=16 l2a=4 l2=512 l3a=8 l3=4096 robc=10 robd=2 robw=1024   0.8626   1.0609    70.94    37.26  Unsustainable
  bpt=pentium_m l1da=8 l1d=64 l1ia=8 l1i=16 l2a=8 l2=512 l3a=16 l3=1024 robc=10 robd=2 robw=512   1.5034   1.0608    50.78    25.06  Strongly Sust.
  bpt=pentium_m l1da=4 l1d=64 l1ia=8 l1i=64 l2a=8 l2=512 l3a=16 l3=2048 robc=10 robd=4 robw=128   1.6488   1.0608    53.40    22.41  Strongly Sust.
  bpt=pentium_m l1da=4 l1d=64 l1ia=8 l1i=64 l2a=8 l2=512 l3a=16 l3=2048 robc=8 robd=4 robw=128   1.6488   1.0607    53.40    22.41  Strongly Sust.
  bpt=pentium_m l1da=4 l1d=64 l1ia=4 l1i=16 l2a=8 l2=512 l3a=8 l3=1024 robc=10 robd=2 robw=64   2.5978   1.0606    41.00    15.54  Strongly Sust.
  bp=512 bpt=a53 l1da=4 l1d=64 l1ia=4 l1i=16 l2a=4 l2=256 l3a=4 l3=2048 nhist=4 robc=2 robd=2 robw=256   2.6064   1.0018    41.36    15.45  Strongly Sust.
  bpt=nn l1da=4 l1d=64 l1ia=4 l1i=16 l2a=4 l2=256 l3a=4 l3=2048 nnbl=16 nnlr=0.0005 robc=2 robd=2 robw=256   2.6071   1.0001    41.36    15.44  Strongly Sust.
  bpt=nn l1da=4 l1d=32 l1ia=4 l1i=64 l2a=4 l2=256 l3a=8 l3=1024 nnbl=16 nnlr=0.005 robc=10 robd=2 robw=16   2.9873   1.0000    34.73    14.09  Strongly Sust.
  bpt=nn l1da=4 l1d=64 l1ia=4 l1i=32 l2a=8 l2=128 l3a=4 l3=1024 nnbl=64 nnlr=0.0005 robc=8 robd=2 robw=32   3.0414   0.9746    33.46    13.95  Strongly Sust.
  bp=512 bpt=a53 l1da=4 l1d=16 l1ia=4 l1i=32 l2a=8 l2=128 l3a=4 l3=1024 nhist=3 robc=8 robd=2 robw=32   3.0671   0.9725    33.09    13.87  Strongly Sust.
  bp=512 bpt=a53 l1da=4 l1d=16 l1ia=4 l1i=32 l2a=8 l2=128 l3a=4 l3=1024 nhist=4 robc=10 robd=2 robw=32   3.0671   0.9724    33.09    13.87  Strongly Sust.
  bpt=tage l1da=4 l1d=16 l1ia=4 l1i=32 l2a=8 l2=128 l3a=4 l3=1024 robc=2 robd=2 robw=32   3.0672   0.9723    33.09    13.87  Strongly Sust.
  bp=512 bpt=a53 l1da=4 l1d=16 l1ia=4 l1i=32 l2a=8 l2=128 l3a=4 l3=1024 nhist=4 robc=8 robd=2 robw=32   3.0672   0.9723    33.09    13.87  Strongly Sust.
  bpt=nn l1da=4 l1d=16 l1ia=4 l1i=32 l2a=8 l2=128 l3a=4 l3=1024 nnbl=16 nnlr=0.0005 robc=10 robd=2 robw=32   3.0675   0.9717    33.09    13.87  Strongly Sust.
  bpt=nn l1da=4 l1d=16 l1ia=4 l1i=32 l2a=8 l2=128 l3a=4 l3=1024 nnbl=64 nnlr=0.005 robc=2 robd=2 robw=32   3.0681   0.9706    33.09    13.86  Strongly Sust.
  bpt=nn l1da=4 l1d=16 l1ia=4 l1i=32 l2a=8 l2=128 l3a=4 l3=1024 nnbl=64 nnlr=0.005 robc=10 robd=2 robw=32   3.0682   0.9703    33.09    13.86  Strongly Sust.
  bpt=nn l1da=4 l1d=16 l1ia=4 l1i=32 l2a=8 l2=128 l3a=4 l3=1024 nnbl=32 nnlr=0.0005 robc=10 robd=2 robw=32   3.0684   0.9700    33.09    13.86  Strongly Sust.
  bpt=nn l1da=4 l1d=16 l1ia=4 l1i=32 l2a=8 l2=128 l3a=4 l3=1024 nnbl=32 nnlr=0.0005 robc=8 robd=2 robw=32   3.0688   0.9692    33.09    13.86  Strongly Sust.
  bpt=nn l1da=4 l1d=16 l1ia=4 l1i=32 l2a=8 l2=128 l3a=4 l3=1024 nnbl=64 nnlr=0.0005 robc=8 robd=2 robw=32   3.0814   0.9447    33.09    13.80  Strongly Sust.
  Ran sniper 1 time this iteration (69 total).

=== Iteration 64 ===
  Evaluating 1 configuration(s) (top acquisition score of 400 candidates)...
  [mesmo] bpt=nn l1da=4 l1d=64 l1ia=8 l1i=64 l2a=8 l2=128 l3a=4 l3=2048 nnbl=16 nnlr=0.005 robc=4 robd=2 robw=32  ASI= 2.6113  S=0.9744  A=  42.45  P= 15.30  [Strongly Sust.]
  Deleted 1 non-Pareto output directory.

  Pareto front after iteration 64 (19 points, HV=3.2364):
  Params                                  ASI  Speedup     Area  PeakPow  Region
  ──────────────────────────────────────────────────────────────────────────────
  bpt=pentium_m l1da=8 l1d=64 l1ia=8 l1i=16 l2a=4 l2=512 l3a=8 l3=4096 robc=10 robd=2 robw=1024   0.8626   1.0609    70.94    37.26  Unsustainable
  bpt=pentium_m l1da=8 l1d=64 l1ia=8 l1i=16 l2a=8 l2=512 l3a=16 l3=1024 robc=10 robd=2 robw=512   1.5034   1.0608    50.78    25.06  Strongly Sust.
  bpt=pentium_m l1da=4 l1d=64 l1ia=8 l1i=64 l2a=8 l2=512 l3a=16 l3=2048 robc=10 robd=4 robw=128   1.6488   1.0608    53.40    22.41  Strongly Sust.
  bpt=pentium_m l1da=4 l1d=64 l1ia=8 l1i=64 l2a=8 l2=512 l3a=16 l3=2048 robc=8 robd=4 robw=128   1.6488   1.0607    53.40    22.41  Strongly Sust.
  bpt=pentium_m l1da=4 l1d=64 l1ia=4 l1i=16 l2a=8 l2=512 l3a=8 l3=1024 robc=10 robd=2 robw=64   2.5978   1.0606    41.00    15.54  Strongly Sust.
  bp=512 bpt=a53 l1da=4 l1d=64 l1ia=4 l1i=16 l2a=4 l2=256 l3a=4 l3=2048 nhist=4 robc=2 robd=2 robw=256   2.6064   1.0018    41.36    15.45  Strongly Sust.
  bpt=nn l1da=4 l1d=64 l1ia=4 l1i=16 l2a=4 l2=256 l3a=4 l3=2048 nnbl=16 nnlr=0.0005 robc=2 robd=2 robw=256   2.6071   1.0001    41.36    15.44  Strongly Sust.
  bpt=nn l1da=4 l1d=32 l1ia=4 l1i=64 l2a=4 l2=256 l3a=8 l3=1024 nnbl=16 nnlr=0.005 robc=10 robd=2 robw=16   2.9873   1.0000    34.73    14.09  Strongly Sust.
  bpt=nn l1da=4 l1d=64 l1ia=4 l1i=32 l2a=8 l2=128 l3a=4 l3=1024 nnbl=64 nnlr=0.0005 robc=8 robd=2 robw=32   3.0414   0.9746    33.46    13.95  Strongly Sust.
  bp=512 bpt=a53 l1da=4 l1d=16 l1ia=4 l1i=32 l2a=8 l2=128 l3a=4 l3=1024 nhist=3 robc=8 robd=2 robw=32   3.0671   0.9725    33.09    13.87  Strongly Sust.
  bp=512 bpt=a53 l1da=4 l1d=16 l1ia=4 l1i=32 l2a=8 l2=128 l3a=4 l3=1024 nhist=4 robc=10 robd=2 robw=32   3.0671   0.9724    33.09    13.87  Strongly Sust.
  bpt=tage l1da=4 l1d=16 l1ia=4 l1i=32 l2a=8 l2=128 l3a=4 l3=1024 robc=2 robd=2 robw=32   3.0672   0.9723    33.09    13.87  Strongly Sust.
  bp=512 bpt=a53 l1da=4 l1d=16 l1ia=4 l1i=32 l2a=8 l2=128 l3a=4 l3=1024 nhist=4 robc=8 robd=2 robw=32   3.0672   0.9723    33.09    13.87  Strongly Sust.
  bpt=nn l1da=4 l1d=16 l1ia=4 l1i=32 l2a=8 l2=128 l3a=4 l3=1024 nnbl=16 nnlr=0.0005 robc=10 robd=2 robw=32   3.0675   0.9717    33.09    13.87  Strongly Sust.
  bpt=nn l1da=4 l1d=16 l1ia=4 l1i=32 l2a=8 l2=128 l3a=4 l3=1024 nnbl=64 nnlr=0.005 robc=2 robd=2 robw=32   3.0681   0.9706    33.09    13.86  Strongly Sust.
  bpt=nn l1da=4 l1d=16 l1ia=4 l1i=32 l2a=8 l2=128 l3a=4 l3=1024 nnbl=64 nnlr=0.005 robc=10 robd=2 robw=32   3.0682   0.9703    33.09    13.86  Strongly Sust.
  bpt=nn l1da=4 l1d=16 l1ia=4 l1i=32 l2a=8 l2=128 l3a=4 l3=1024 nnbl=32 nnlr=0.0005 robc=10 robd=2 robw=32   3.0684   0.9700    33.09    13.86  Strongly Sust.
  bpt=nn l1da=4 l1d=16 l1ia=4 l1i=32 l2a=8 l2=128 l3a=4 l3=1024 nnbl=32 nnlr=0.0005 robc=8 robd=2 robw=32   3.0688   0.9692    33.09    13.86  Strongly Sust.
  bpt=nn l1da=4 l1d=16 l1ia=4 l1i=32 l2a=8 l2=128 l3a=4 l3=1024 nnbl=64 nnlr=0.0005 robc=8 robd=2 robw=32   3.0814   0.9447    33.09    13.80  Strongly Sust.
  Ran sniper 1 time this iteration (70 total).

=== Iteration 65 ===
  Evaluating 1 configuration(s) (top acquisition score of 400 candidates)...
  [mesmo] bpt=nn l1da=4 l1d=64 l1ia=4 l1i=32 l2a=8 l2=128 l3a=8 l3=1024 nnbl=64 nnlr=0.0005 robc=8 robd=2 robw=32  ASI= 3.0485  S=0.9568  A=  33.45  P= 13.92  [Strongly Sust.]
  Deleted 1 non-Pareto output directory.

  Pareto front after iteration 65 (19 points, HV=3.2364):
  Params                                  ASI  Speedup     Area  PeakPow  Region
  ──────────────────────────────────────────────────────────────────────────────
  bpt=pentium_m l1da=8 l1d=64 l1ia=8 l1i=16 l2a=4 l2=512 l3a=8 l3=4096 robc=10 robd=2 robw=1024   0.8626   1.0609    70.94    37.26  Unsustainable
  bpt=pentium_m l1da=8 l1d=64 l1ia=8 l1i=16 l2a=8 l2=512 l3a=16 l3=1024 robc=10 robd=2 robw=512   1.5034   1.0608    50.78    25.06  Strongly Sust.
  bpt=pentium_m l1da=4 l1d=64 l1ia=8 l1i=64 l2a=8 l2=512 l3a=16 l3=2048 robc=10 robd=4 robw=128   1.6488   1.0608    53.40    22.41  Strongly Sust.
  bpt=pentium_m l1da=4 l1d=64 l1ia=8 l1i=64 l2a=8 l2=512 l3a=16 l3=2048 robc=8 robd=4 robw=128   1.6488   1.0607    53.40    22.41  Strongly Sust.
  bpt=pentium_m l1da=4 l1d=64 l1ia=4 l1i=16 l2a=8 l2=512 l3a=8 l3=1024 robc=10 robd=2 robw=64   2.5978   1.0606    41.00    15.54  Strongly Sust.
  bp=512 bpt=a53 l1da=4 l1d=64 l1ia=4 l1i=16 l2a=4 l2=256 l3a=4 l3=2048 nhist=4 robc=2 robd=2 robw=256   2.6064   1.0018    41.36    15.45  Strongly Sust.
  bpt=nn l1da=4 l1d=64 l1ia=4 l1i=16 l2a=4 l2=256 l3a=4 l3=2048 nnbl=16 nnlr=0.0005 robc=2 robd=2 robw=256   2.6071   1.0001    41.36    15.44  Strongly Sust.
  bpt=nn l1da=4 l1d=32 l1ia=4 l1i=64 l2a=4 l2=256 l3a=8 l3=1024 nnbl=16 nnlr=0.005 robc=10 robd=2 robw=16   2.9873   1.0000    34.73    14.09  Strongly Sust.
  bpt=nn l1da=4 l1d=64 l1ia=4 l1i=32 l2a=8 l2=128 l3a=4 l3=1024 nnbl=64 nnlr=0.0005 robc=8 robd=2 robw=32   3.0414   0.9746    33.46    13.95  Strongly Sust.
  bp=512 bpt=a53 l1da=4 l1d=16 l1ia=4 l1i=32 l2a=8 l2=128 l3a=4 l3=1024 nhist=3 robc=8 robd=2 robw=32   3.0671   0.9725    33.09    13.87  Strongly Sust.
  bp=512 bpt=a53 l1da=4 l1d=16 l1ia=4 l1i=32 l2a=8 l2=128 l3a=4 l3=1024 nhist=4 robc=10 robd=2 robw=32   3.0671   0.9724    33.09    13.87  Strongly Sust.
  bpt=tage l1da=4 l1d=16 l1ia=4 l1i=32 l2a=8 l2=128 l3a=4 l3=1024 robc=2 robd=2 robw=32   3.0672   0.9723    33.09    13.87  Strongly Sust.
  bp=512 bpt=a53 l1da=4 l1d=16 l1ia=4 l1i=32 l2a=8 l2=128 l3a=4 l3=1024 nhist=4 robc=8 robd=2 robw=32   3.0672   0.9723    33.09    13.87  Strongly Sust.
  bpt=nn l1da=4 l1d=16 l1ia=4 l1i=32 l2a=8 l2=128 l3a=4 l3=1024 nnbl=16 nnlr=0.0005 robc=10 robd=2 robw=32   3.0675   0.9717    33.09    13.87  Strongly Sust.
  bpt=nn l1da=4 l1d=16 l1ia=4 l1i=32 l2a=8 l2=128 l3a=4 l3=1024 nnbl=64 nnlr=0.005 robc=2 robd=2 robw=32   3.0681   0.9706    33.09    13.86  Strongly Sust.
  bpt=nn l1da=4 l1d=16 l1ia=4 l1i=32 l2a=8 l2=128 l3a=4 l3=1024 nnbl=64 nnlr=0.005 robc=10 robd=2 robw=32   3.0682   0.9703    33.09    13.86  Strongly Sust.
  bpt=nn l1da=4 l1d=16 l1ia=4 l1i=32 l2a=8 l2=128 l3a=4 l3=1024 nnbl=32 nnlr=0.0005 robc=10 robd=2 robw=32   3.0684   0.9700    33.09    13.86  Strongly Sust.
  bpt=nn l1da=4 l1d=16 l1ia=4 l1i=32 l2a=8 l2=128 l3a=4 l3=1024 nnbl=32 nnlr=0.0005 robc=8 robd=2 robw=32   3.0688   0.9692    33.09    13.86  Strongly Sust.
  bpt=nn l1da=4 l1d=16 l1ia=4 l1i=32 l2a=8 l2=128 l3a=4 l3=1024 nnbl=64 nnlr=0.0005 robc=8 robd=2 robw=32   3.0814   0.9447    33.09    13.80  Strongly Sust.
  Ran sniper 1 time this iteration (71 total).

=== Iteration 66 ===
  Evaluating 1 configuration(s) (top acquisition score of 400 candidates)...
  [mesmo] bpt=tage l1da=4 l1d=64 l1ia=8 l1i=64 l2a=8 l2=512 l3a=4 l3=2048 robc=4 robd=10 robw=1024  ASI=-0.0059  S=1.0608  A= 244.38  P=2632.00  [Unsustainable]
  Deleted 1 non-Pareto output directory.

  Pareto front after iteration 66 (19 points, HV=3.2364):
  Params                                  ASI  Speedup     Area  PeakPow  Region
  ──────────────────────────────────────────────────────────────────────────────
  bpt=pentium_m l1da=8 l1d=64 l1ia=8 l1i=16 l2a=4 l2=512 l3a=8 l3=4096 robc=10 robd=2 robw=1024   0.8626   1.0609    70.94    37.26  Unsustainable
  bpt=pentium_m l1da=8 l1d=64 l1ia=8 l1i=16 l2a=8 l2=512 l3a=16 l3=1024 robc=10 robd=2 robw=512   1.5034   1.0608    50.78    25.06  Strongly Sust.
  bpt=pentium_m l1da=4 l1d=64 l1ia=8 l1i=64 l2a=8 l2=512 l3a=16 l3=2048 robc=10 robd=4 robw=128   1.6488   1.0608    53.40    22.41  Strongly Sust.
  bpt=pentium_m l1da=4 l1d=64 l1ia=8 l1i=64 l2a=8 l2=512 l3a=16 l3=2048 robc=8 robd=4 robw=128   1.6488   1.0607    53.40    22.41  Strongly Sust.
  bpt=pentium_m l1da=4 l1d=64 l1ia=4 l1i=16 l2a=8 l2=512 l3a=8 l3=1024 robc=10 robd=2 robw=64   2.5978   1.0606    41.00    15.54  Strongly Sust.
  bp=512 bpt=a53 l1da=4 l1d=64 l1ia=4 l1i=16 l2a=4 l2=256 l3a=4 l3=2048 nhist=4 robc=2 robd=2 robw=256   2.6064   1.0018    41.36    15.45  Strongly Sust.
  bpt=nn l1da=4 l1d=64 l1ia=4 l1i=16 l2a=4 l2=256 l3a=4 l3=2048 nnbl=16 nnlr=0.0005 robc=2 robd=2 robw=256   2.6071   1.0001    41.36    15.44  Strongly Sust.
  bpt=nn l1da=4 l1d=32 l1ia=4 l1i=64 l2a=4 l2=256 l3a=8 l3=1024 nnbl=16 nnlr=0.005 robc=10 robd=2 robw=16   2.9873   1.0000    34.73    14.09  Strongly Sust.
  bpt=nn l1da=4 l1d=64 l1ia=4 l1i=32 l2a=8 l2=128 l3a=4 l3=1024 nnbl=64 nnlr=0.0005 robc=8 robd=2 robw=32   3.0414   0.9746    33.46    13.95  Strongly Sust.
  bp=512 bpt=a53 l1da=4 l1d=16 l1ia=4 l1i=32 l2a=8 l2=128 l3a=4 l3=1024 nhist=3 robc=8 robd=2 robw=32   3.0671   0.9725    33.09    13.87  Strongly Sust.
  bp=512 bpt=a53 l1da=4 l1d=16 l1ia=4 l1i=32 l2a=8 l2=128 l3a=4 l3=1024 nhist=4 robc=10 robd=2 robw=32   3.0671   0.9724    33.09    13.87  Strongly Sust.
  bpt=tage l1da=4 l1d=16 l1ia=4 l1i=32 l2a=8 l2=128 l3a=4 l3=1024 robc=2 robd=2 robw=32   3.0672   0.9723    33.09    13.87  Strongly Sust.
  bp=512 bpt=a53 l1da=4 l1d=16 l1ia=4 l1i=32 l2a=8 l2=128 l3a=4 l3=1024 nhist=4 robc=8 robd=2 robw=32   3.0672   0.9723    33.09    13.87  Strongly Sust.
  bpt=nn l1da=4 l1d=16 l1ia=4 l1i=32 l2a=8 l2=128 l3a=4 l3=1024 nnbl=16 nnlr=0.0005 robc=10 robd=2 robw=32   3.0675   0.9717    33.09    13.87  Strongly Sust.
  bpt=nn l1da=4 l1d=16 l1ia=4 l1i=32 l2a=8 l2=128 l3a=4 l3=1024 nnbl=64 nnlr=0.005 robc=2 robd=2 robw=32   3.0681   0.9706    33.09    13.86  Strongly Sust.
  bpt=nn l1da=4 l1d=16 l1ia=4 l1i=32 l2a=8 l2=128 l3a=4 l3=1024 nnbl=64 nnlr=0.005 robc=10 robd=2 robw=32   3.0682   0.9703    33.09    13.86  Strongly Sust.
  bpt=nn l1da=4 l1d=16 l1ia=4 l1i=32 l2a=8 l2=128 l3a=4 l3=1024 nnbl=32 nnlr=0.0005 robc=10 robd=2 robw=32   3.0684   0.9700    33.09    13.86  Strongly Sust.
  bpt=nn l1da=4 l1d=16 l1ia=4 l1i=32 l2a=8 l2=128 l3a=4 l3=1024 nnbl=32 nnlr=0.0005 robc=8 robd=2 robw=32   3.0688   0.9692    33.09    13.86  Strongly Sust.
  bpt=nn l1da=4 l1d=16 l1ia=4 l1i=32 l2a=8 l2=128 l3a=4 l3=1024 nnbl=64 nnlr=0.0005 robc=8 robd=2 robw=32   3.0814   0.9447    33.09    13.80  Strongly Sust.
  Ran sniper 1 time this iteration (72 total).

=== Iteration 67 ===
  Evaluating 1 configuration(s) (top acquisition score of 400 candidates)...
  [mesmo] bp=512 bpt=a53 l1da=8 l1d=16 l1ia=8 l1i=16 l2a=4 l2=512 l3a=16 l3=1024 nhist=3 robc=8 robd=8 robw=512  ASI= 0.0297  S=1.0583  A= 105.67  P=761.12  [Unsustainable]
  Deleted 1 non-Pareto output directory.

  Pareto front after iteration 67 (19 points, HV=3.2364):
  Params                                  ASI  Speedup     Area  PeakPow  Region
  ──────────────────────────────────────────────────────────────────────────────
  bpt=pentium_m l1da=8 l1d=64 l1ia=8 l1i=16 l2a=4 l2=512 l3a=8 l3=4096 robc=10 robd=2 robw=1024   0.8626   1.0609    70.94    37.26  Unsustainable
  bpt=pentium_m l1da=8 l1d=64 l1ia=8 l1i=16 l2a=8 l2=512 l3a=16 l3=1024 robc=10 robd=2 robw=512   1.5034   1.0608    50.78    25.06  Strongly Sust.
  bpt=pentium_m l1da=4 l1d=64 l1ia=8 l1i=64 l2a=8 l2=512 l3a=16 l3=2048 robc=10 robd=4 robw=128   1.6488   1.0608    53.40    22.41  Strongly Sust.
  bpt=pentium_m l1da=4 l1d=64 l1ia=8 l1i=64 l2a=8 l2=512 l3a=16 l3=2048 robc=8 robd=4 robw=128   1.6488   1.0607    53.40    22.41  Strongly Sust.
  bpt=pentium_m l1da=4 l1d=64 l1ia=4 l1i=16 l2a=8 l2=512 l3a=8 l3=1024 robc=10 robd=2 robw=64   2.5978   1.0606    41.00    15.54  Strongly Sust.
  bp=512 bpt=a53 l1da=4 l1d=64 l1ia=4 l1i=16 l2a=4 l2=256 l3a=4 l3=2048 nhist=4 robc=2 robd=2 robw=256   2.6064   1.0018    41.36    15.45  Strongly Sust.
  bpt=nn l1da=4 l1d=64 l1ia=4 l1i=16 l2a=4 l2=256 l3a=4 l3=2048 nnbl=16 nnlr=0.0005 robc=2 robd=2 robw=256   2.6071   1.0001    41.36    15.44  Strongly Sust.
  bpt=nn l1da=4 l1d=32 l1ia=4 l1i=64 l2a=4 l2=256 l3a=8 l3=1024 nnbl=16 nnlr=0.005 robc=10 robd=2 robw=16   2.9873   1.0000    34.73    14.09  Strongly Sust.
  bpt=nn l1da=4 l1d=64 l1ia=4 l1i=32 l2a=8 l2=128 l3a=4 l3=1024 nnbl=64 nnlr=0.0005 robc=8 robd=2 robw=32   3.0414   0.9746    33.46    13.95  Strongly Sust.
  bp=512 bpt=a53 l1da=4 l1d=16 l1ia=4 l1i=32 l2a=8 l2=128 l3a=4 l3=1024 nhist=3 robc=8 robd=2 robw=32   3.0671   0.9725    33.09    13.87  Strongly Sust.
  bp=512 bpt=a53 l1da=4 l1d=16 l1ia=4 l1i=32 l2a=8 l2=128 l3a=4 l3=1024 nhist=4 robc=10 robd=2 robw=32   3.0671   0.9724    33.09    13.87  Strongly Sust.
  bpt=tage l1da=4 l1d=16 l1ia=4 l1i=32 l2a=8 l2=128 l3a=4 l3=1024 robc=2 robd=2 robw=32   3.0672   0.9723    33.09    13.87  Strongly Sust.
  bp=512 bpt=a53 l1da=4 l1d=16 l1ia=4 l1i=32 l2a=8 l2=128 l3a=4 l3=1024 nhist=4 robc=8 robd=2 robw=32   3.0672   0.9723    33.09    13.87  Strongly Sust.
  bpt=nn l1da=4 l1d=16 l1ia=4 l1i=32 l2a=8 l2=128 l3a=4 l3=1024 nnbl=16 nnlr=0.0005 robc=10 robd=2 robw=32   3.0675   0.9717    33.09    13.87  Strongly Sust.
  bpt=nn l1da=4 l1d=16 l1ia=4 l1i=32 l2a=8 l2=128 l3a=4 l3=1024 nnbl=64 nnlr=0.005 robc=2 robd=2 robw=32   3.0681   0.9706    33.09    13.86  Strongly Sust.
  bpt=nn l1da=4 l1d=16 l1ia=4 l1i=32 l2a=8 l2=128 l3a=4 l3=1024 nnbl=64 nnlr=0.005 robc=10 robd=2 robw=32   3.0682   0.9703    33.09    13.86  Strongly Sust.
  bpt=nn l1da=4 l1d=16 l1ia=4 l1i=32 l2a=8 l2=128 l3a=4 l3=1024 nnbl=32 nnlr=0.0005 robc=10 robd=2 robw=32   3.0684   0.9700    33.09    13.86  Strongly Sust.
  bpt=nn l1da=4 l1d=16 l1ia=4 l1i=32 l2a=8 l2=128 l3a=4 l3=1024 nnbl=32 nnlr=0.0005 robc=8 robd=2 robw=32   3.0688   0.9692    33.09    13.86  Strongly Sust.
  bpt=nn l1da=4 l1d=16 l1ia=4 l1i=32 l2a=8 l2=128 l3a=4 l3=1024 nnbl=64 nnlr=0.0005 robc=8 robd=2 robw=32   3.0814   0.9447    33.09    13.80  Strongly Sust.
  Ran sniper 1 time this iteration (73 total).

=== Iteration 68 ===
  Evaluating 1 configuration(s) (top acquisition score of 400 candidates)...
  [mesmo] bpt=nn l1da=4 l1d=16 l1ia=4 l1i=32 l2a=8 l2=128 l3a=4 l3=1024 nnbl=64 nnlr=0.005 robc=10 robd=2 robw=16  ASI= 3.1117  S=0.9703  A=  33.00  P= 13.68  [Strongly Sust.]
  Deleted 3 non-Pareto output directories.

  Pareto front after iteration 68 (17 points, HV=3.2661):
  Params                                  ASI  Speedup     Area  PeakPow  Region
  ──────────────────────────────────────────────────────────────────────────────
  bpt=pentium_m l1da=8 l1d=64 l1ia=8 l1i=16 l2a=4 l2=512 l3a=8 l3=4096 robc=10 robd=2 robw=1024   0.8626   1.0609    70.94    37.26  Unsustainable
  bpt=pentium_m l1da=8 l1d=64 l1ia=8 l1i=16 l2a=8 l2=512 l3a=16 l3=1024 robc=10 robd=2 robw=512   1.5034   1.0608    50.78    25.06  Strongly Sust.
  bpt=pentium_m l1da=4 l1d=64 l1ia=8 l1i=64 l2a=8 l2=512 l3a=16 l3=2048 robc=10 robd=4 robw=128   1.6488   1.0608    53.40    22.41  Strongly Sust.
  bpt=pentium_m l1da=4 l1d=64 l1ia=8 l1i=64 l2a=8 l2=512 l3a=16 l3=2048 robc=8 robd=4 robw=128   1.6488   1.0607    53.40    22.41  Strongly Sust.
  bpt=pentium_m l1da=4 l1d=64 l1ia=4 l1i=16 l2a=8 l2=512 l3a=8 l3=1024 robc=10 robd=2 robw=64   2.5978   1.0606    41.00    15.54  Strongly Sust.
  bp=512 bpt=a53 l1da=4 l1d=64 l1ia=4 l1i=16 l2a=4 l2=256 l3a=4 l3=2048 nhist=4 robc=2 robd=2 robw=256   2.6064   1.0018    41.36    15.45  Strongly Sust.
  bpt=nn l1da=4 l1d=64 l1ia=4 l1i=16 l2a=4 l2=256 l3a=4 l3=2048 nnbl=16 nnlr=0.0005 robc=2 robd=2 robw=256   2.6071   1.0001    41.36    15.44  Strongly Sust.
  bpt=nn l1da=4 l1d=32 l1ia=4 l1i=64 l2a=4 l2=256 l3a=8 l3=1024 nnbl=16 nnlr=0.005 robc=10 robd=2 robw=16   2.9873   1.0000    34.73    14.09  Strongly Sust.
  bpt=nn l1da=4 l1d=64 l1ia=4 l1i=32 l2a=8 l2=128 l3a=4 l3=1024 nnbl=64 nnlr=0.0005 robc=8 robd=2 robw=32   3.0414   0.9746    33.46    13.95  Strongly Sust.
  bp=512 bpt=a53 l1da=4 l1d=16 l1ia=4 l1i=32 l2a=8 l2=128 l3a=4 l3=1024 nhist=3 robc=8 robd=2 robw=32   3.0671   0.9725    33.09    13.87  Strongly Sust.
  bp=512 bpt=a53 l1da=4 l1d=16 l1ia=4 l1i=32 l2a=8 l2=128 l3a=4 l3=1024 nhist=4 robc=10 robd=2 robw=32   3.0671   0.9724    33.09    13.87  Strongly Sust.
  bpt=tage l1da=4 l1d=16 l1ia=4 l1i=32 l2a=8 l2=128 l3a=4 l3=1024 robc=2 robd=2 robw=32   3.0672   0.9723    33.09    13.87  Strongly Sust.
  bp=512 bpt=a53 l1da=4 l1d=16 l1ia=4 l1i=32 l2a=8 l2=128 l3a=4 l3=1024 nhist=4 robc=8 robd=2 robw=32   3.0672   0.9723    33.09    13.87  Strongly Sust.
  bpt=nn l1da=4 l1d=16 l1ia=4 l1i=32 l2a=8 l2=128 l3a=4 l3=1024 nnbl=16 nnlr=0.0005 robc=10 robd=2 robw=32   3.0675   0.9717    33.09    13.87  Strongly Sust.
  bpt=nn l1da=4 l1d=16 l1ia=4 l1i=32 l2a=8 l2=128 l3a=4 l3=1024 nnbl=64 nnlr=0.005 robc=2 robd=2 robw=32   3.0681   0.9706    33.09    13.86  Strongly Sust.
  bpt=nn l1da=4 l1d=16 l1ia=4 l1i=32 l2a=8 l2=128 l3a=4 l3=1024 nnbl=64 nnlr=0.005 robc=10 robd=2 robw=32   3.0682   0.9703    33.09    13.86  Strongly Sust.
  bpt=nn l1da=4 l1d=16 l1ia=4 l1i=32 l2a=8 l2=128 l3a=4 l3=1024 nnbl=64 nnlr=0.005 robc=10 robd=2 robw=16   3.1117   0.9703    33.00    13.68  Strongly Sust.
  Ran sniper 1 time this iteration (74 total).

=== Iteration 69 ===
  Evaluating 1 configuration(s) (top acquisition score of 400 candidates)...
  [mesmo] bpt=tage l1da=4 l1d=16 l1ia=8 l1i=64 l2a=8 l2=512 l3a=16 l3=4096 robc=10 robd=10 robw=32  ASI= 0.5038  S=1.0582  A=  79.00  P= 59.41  [Unsustainable]
  Deleted 1 non-Pareto output directory.

  Pareto front after iteration 69 (17 points, HV=3.2661):
  Params                                  ASI  Speedup     Area  PeakPow  Region
  ──────────────────────────────────────────────────────────────────────────────
  bpt=pentium_m l1da=8 l1d=64 l1ia=8 l1i=16 l2a=4 l2=512 l3a=8 l3=4096 robc=10 robd=2 robw=1024   0.8626   1.0609    70.94    37.26  Unsustainable
  bpt=pentium_m l1da=8 l1d=64 l1ia=8 l1i=16 l2a=8 l2=512 l3a=16 l3=1024 robc=10 robd=2 robw=512   1.5034   1.0608    50.78    25.06  Strongly Sust.
  bpt=pentium_m l1da=4 l1d=64 l1ia=8 l1i=64 l2a=8 l2=512 l3a=16 l3=2048 robc=10 robd=4 robw=128   1.6488   1.0608    53.40    22.41  Strongly Sust.
  bpt=pentium_m l1da=4 l1d=64 l1ia=8 l1i=64 l2a=8 l2=512 l3a=16 l3=2048 robc=8 robd=4 robw=128   1.6488   1.0607    53.40    22.41  Strongly Sust.
  bpt=pentium_m l1da=4 l1d=64 l1ia=4 l1i=16 l2a=8 l2=512 l3a=8 l3=1024 robc=10 robd=2 robw=64   2.5978   1.0606    41.00    15.54  Strongly Sust.
  bp=512 bpt=a53 l1da=4 l1d=64 l1ia=4 l1i=16 l2a=4 l2=256 l3a=4 l3=2048 nhist=4 robc=2 robd=2 robw=256   2.6064   1.0018    41.36    15.45  Strongly Sust.
  bpt=nn l1da=4 l1d=64 l1ia=4 l1i=16 l2a=4 l2=256 l3a=4 l3=2048 nnbl=16 nnlr=0.0005 robc=2 robd=2 robw=256   2.6071   1.0001    41.36    15.44  Strongly Sust.
  bpt=nn l1da=4 l1d=32 l1ia=4 l1i=64 l2a=4 l2=256 l3a=8 l3=1024 nnbl=16 nnlr=0.005 robc=10 robd=2 robw=16   2.9873   1.0000    34.73    14.09  Strongly Sust.
  bpt=nn l1da=4 l1d=64 l1ia=4 l1i=32 l2a=8 l2=128 l3a=4 l3=1024 nnbl=64 nnlr=0.0005 robc=8 robd=2 robw=32   3.0414   0.9746    33.46    13.95  Strongly Sust.
  bp=512 bpt=a53 l1da=4 l1d=16 l1ia=4 l1i=32 l2a=8 l2=128 l3a=4 l3=1024 nhist=3 robc=8 robd=2 robw=32   3.0671   0.9725    33.09    13.87  Strongly Sust.
  bp=512 bpt=a53 l1da=4 l1d=16 l1ia=4 l1i=32 l2a=8 l2=128 l3a=4 l3=1024 nhist=4 robc=10 robd=2 robw=32   3.0671   0.9724    33.09    13.87  Strongly Sust.
  bpt=tage l1da=4 l1d=16 l1ia=4 l1i=32 l2a=8 l2=128 l3a=4 l3=1024 robc=2 robd=2 robw=32   3.0672   0.9723    33.09    13.87  Strongly Sust.
  bp=512 bpt=a53 l1da=4 l1d=16 l1ia=4 l1i=32 l2a=8 l2=128 l3a=4 l3=1024 nhist=4 robc=8 robd=2 robw=32   3.0672   0.9723    33.09    13.87  Strongly Sust.
  bpt=nn l1da=4 l1d=16 l1ia=4 l1i=32 l2a=8 l2=128 l3a=4 l3=1024 nnbl=16 nnlr=0.0005 robc=10 robd=2 robw=32   3.0675   0.9717    33.09    13.87  Strongly Sust.
  bpt=nn l1da=4 l1d=16 l1ia=4 l1i=32 l2a=8 l2=128 l3a=4 l3=1024 nnbl=64 nnlr=0.005 robc=2 robd=2 robw=32   3.0681   0.9706    33.09    13.86  Strongly Sust.
  bpt=nn l1da=4 l1d=16 l1ia=4 l1i=32 l2a=8 l2=128 l3a=4 l3=1024 nnbl=64 nnlr=0.005 robc=10 robd=2 robw=32   3.0682   0.9703    33.09    13.86  Strongly Sust.
  bpt=nn l1da=4 l1d=16 l1ia=4 l1i=32 l2a=8 l2=128 l3a=4 l3=1024 nnbl=64 nnlr=0.005 robc=10 robd=2 robw=16   3.1117   0.9703    33.00    13.68  Strongly Sust.
  Ran sniper 1 time this iteration (75 total).

=== Iteration 70 ===
  Evaluating 1 configuration(s) (top acquisition score of 400 candidates)...
  [mesmo] bpt=tage l1da=8 l1d=64 l1ia=8 l1i=16 l2a=4 l2=512 l3a=4 l3=8192 robc=4 robd=10 robw=1024  ASI=-0.0109  S=1.0608  A= 293.13  P=2637.10  [Unsustainable]
  Deleted 1 non-Pareto output directory.

  Pareto front after iteration 70 (17 points, HV=3.2661):
  Params                                  ASI  Speedup     Area  PeakPow  Region
  ──────────────────────────────────────────────────────────────────────────────
  bpt=pentium_m l1da=8 l1d=64 l1ia=8 l1i=16 l2a=4 l2=512 l3a=8 l3=4096 robc=10 robd=2 robw=1024   0.8626   1.0609    70.94    37.26  Unsustainable
  bpt=pentium_m l1da=8 l1d=64 l1ia=8 l1i=16 l2a=8 l2=512 l3a=16 l3=1024 robc=10 robd=2 robw=512   1.5034   1.0608    50.78    25.06  Strongly Sust.
  bpt=pentium_m l1da=4 l1d=64 l1ia=8 l1i=64 l2a=8 l2=512 l3a=16 l3=2048 robc=10 robd=4 robw=128   1.6488   1.0608    53.40    22.41  Strongly Sust.
  bpt=pentium_m l1da=4 l1d=64 l1ia=8 l1i=64 l2a=8 l2=512 l3a=16 l3=2048 robc=8 robd=4 robw=128   1.6488   1.0607    53.40    22.41  Strongly Sust.
  bpt=pentium_m l1da=4 l1d=64 l1ia=4 l1i=16 l2a=8 l2=512 l3a=8 l3=1024 robc=10 robd=2 robw=64   2.5978   1.0606    41.00    15.54  Strongly Sust.
  bp=512 bpt=a53 l1da=4 l1d=64 l1ia=4 l1i=16 l2a=4 l2=256 l3a=4 l3=2048 nhist=4 robc=2 robd=2 robw=256   2.6064   1.0018    41.36    15.45  Strongly Sust.
  bpt=nn l1da=4 l1d=64 l1ia=4 l1i=16 l2a=4 l2=256 l3a=4 l3=2048 nnbl=16 nnlr=0.0005 robc=2 robd=2 robw=256   2.6071   1.0001    41.36    15.44  Strongly Sust.
  bpt=nn l1da=4 l1d=32 l1ia=4 l1i=64 l2a=4 l2=256 l3a=8 l3=1024 nnbl=16 nnlr=0.005 robc=10 robd=2 robw=16   2.9873   1.0000    34.73    14.09  Strongly Sust.
  bpt=nn l1da=4 l1d=64 l1ia=4 l1i=32 l2a=8 l2=128 l3a=4 l3=1024 nnbl=64 nnlr=0.0005 robc=8 robd=2 robw=32   3.0414   0.9746    33.46    13.95  Strongly Sust.
  bp=512 bpt=a53 l1da=4 l1d=16 l1ia=4 l1i=32 l2a=8 l2=128 l3a=4 l3=1024 nhist=3 robc=8 robd=2 robw=32   3.0671   0.9725    33.09    13.87  Strongly Sust.
  bp=512 bpt=a53 l1da=4 l1d=16 l1ia=4 l1i=32 l2a=8 l2=128 l3a=4 l3=1024 nhist=4 robc=10 robd=2 robw=32   3.0671   0.9724    33.09    13.87  Strongly Sust.
  bpt=tage l1da=4 l1d=16 l1ia=4 l1i=32 l2a=8 l2=128 l3a=4 l3=1024 robc=2 robd=2 robw=32   3.0672   0.9723    33.09    13.87  Strongly Sust.
  bp=512 bpt=a53 l1da=4 l1d=16 l1ia=4 l1i=32 l2a=8 l2=128 l3a=4 l3=1024 nhist=4 robc=8 robd=2 robw=32   3.0672   0.9723    33.09    13.87  Strongly Sust.
  bpt=nn l1da=4 l1d=16 l1ia=4 l1i=32 l2a=8 l2=128 l3a=4 l3=1024 nnbl=16 nnlr=0.0005 robc=10 robd=2 robw=32   3.0675   0.9717    33.09    13.87  Strongly Sust.
  bpt=nn l1da=4 l1d=16 l1ia=4 l1i=32 l2a=8 l2=128 l3a=4 l3=1024 nnbl=64 nnlr=0.005 robc=2 robd=2 robw=32   3.0681   0.9706    33.09    13.86  Strongly Sust.
  bpt=nn l1da=4 l1d=16 l1ia=4 l1i=32 l2a=8 l2=128 l3a=4 l3=1024 nnbl=64 nnlr=0.005 robc=10 robd=2 robw=32   3.0682   0.9703    33.09    13.86  Strongly Sust.
  bpt=nn l1da=4 l1d=16 l1ia=4 l1i=32 l2a=8 l2=128 l3a=4 l3=1024 nnbl=64 nnlr=0.005 robc=10 robd=2 robw=16   3.1117   0.9703    33.00    13.68  Strongly Sust.
  Ran sniper 1 time this iteration (76 total).

=== Iteration 71 ===
  Evaluating 1 configuration(s) (top acquisition score of 400 candidates)...
  [mesmo] bp=1024 bpt=a53 l1da=8 l1d=64 l1ia=8 l1i=16 l2a=8 l2=512 l3a=16 l3=2048 nhist=4 robc=4 robd=10 robw=64  ASI= 0.5285  S=1.0606  A=  72.01  P= 60.26  [Unsustainable]
  Deleted 1 non-Pareto output directory.

  Pareto front after iteration 71 (17 points, HV=3.2661):
  Params                                  ASI  Speedup     Area  PeakPow  Region
  ──────────────────────────────────────────────────────────────────────────────
  bpt=pentium_m l1da=8 l1d=64 l1ia=8 l1i=16 l2a=4 l2=512 l3a=8 l3=4096 robc=10 robd=2 robw=1024   0.8626   1.0609    70.94    37.26  Unsustainable
  bpt=pentium_m l1da=8 l1d=64 l1ia=8 l1i=16 l2a=8 l2=512 l3a=16 l3=1024 robc=10 robd=2 robw=512   1.5034   1.0608    50.78    25.06  Strongly Sust.
  bpt=pentium_m l1da=4 l1d=64 l1ia=8 l1i=64 l2a=8 l2=512 l3a=16 l3=2048 robc=10 robd=4 robw=128   1.6488   1.0608    53.40    22.41  Strongly Sust.
  bpt=pentium_m l1da=4 l1d=64 l1ia=8 l1i=64 l2a=8 l2=512 l3a=16 l3=2048 robc=8 robd=4 robw=128   1.6488   1.0607    53.40    22.41  Strongly Sust.
  bpt=pentium_m l1da=4 l1d=64 l1ia=4 l1i=16 l2a=8 l2=512 l3a=8 l3=1024 robc=10 robd=2 robw=64   2.5978   1.0606    41.00    15.54  Strongly Sust.
  bp=512 bpt=a53 l1da=4 l1d=64 l1ia=4 l1i=16 l2a=4 l2=256 l3a=4 l3=2048 nhist=4 robc=2 robd=2 robw=256   2.6064   1.0018    41.36    15.45  Strongly Sust.
  bpt=nn l1da=4 l1d=64 l1ia=4 l1i=16 l2a=4 l2=256 l3a=4 l3=2048 nnbl=16 nnlr=0.0005 robc=2 robd=2 robw=256   2.6071   1.0001    41.36    15.44  Strongly Sust.
  bpt=nn l1da=4 l1d=32 l1ia=4 l1i=64 l2a=4 l2=256 l3a=8 l3=1024 nnbl=16 nnlr=0.005 robc=10 robd=2 robw=16   2.9873   1.0000    34.73    14.09  Strongly Sust.
  bpt=nn l1da=4 l1d=64 l1ia=4 l1i=32 l2a=8 l2=128 l3a=4 l3=1024 nnbl=64 nnlr=0.0005 robc=8 robd=2 robw=32   3.0414   0.9746    33.46    13.95  Strongly Sust.
  bp=512 bpt=a53 l1da=4 l1d=16 l1ia=4 l1i=32 l2a=8 l2=128 l3a=4 l3=1024 nhist=3 robc=8 robd=2 robw=32   3.0671   0.9725    33.09    13.87  Strongly Sust.
  bp=512 bpt=a53 l1da=4 l1d=16 l1ia=4 l1i=32 l2a=8 l2=128 l3a=4 l3=1024 nhist=4 robc=10 robd=2 robw=32   3.0671   0.9724    33.09    13.87  Strongly Sust.
  bpt=tage l1da=4 l1d=16 l1ia=4 l1i=32 l2a=8 l2=128 l3a=4 l3=1024 robc=2 robd=2 robw=32   3.0672   0.9723    33.09    13.87  Strongly Sust.
  bp=512 bpt=a53 l1da=4 l1d=16 l1ia=4 l1i=32 l2a=8 l2=128 l3a=4 l3=1024 nhist=4 robc=8 robd=2 robw=32   3.0672   0.9723    33.09    13.87  Strongly Sust.
  bpt=nn l1da=4 l1d=16 l1ia=4 l1i=32 l2a=8 l2=128 l3a=4 l3=1024 nnbl=16 nnlr=0.0005 robc=10 robd=2 robw=32   3.0675   0.9717    33.09    13.87  Strongly Sust.
  bpt=nn l1da=4 l1d=16 l1ia=4 l1i=32 l2a=8 l2=128 l3a=4 l3=1024 nnbl=64 nnlr=0.005 robc=2 robd=2 robw=32   3.0681   0.9706    33.09    13.86  Strongly Sust.
  bpt=nn l1da=4 l1d=16 l1ia=4 l1i=32 l2a=8 l2=128 l3a=4 l3=1024 nnbl=64 nnlr=0.005 robc=10 robd=2 robw=32   3.0682   0.9703    33.09    13.86  Strongly Sust.
  bpt=nn l1da=4 l1d=16 l1ia=4 l1i=32 l2a=8 l2=128 l3a=4 l3=1024 nnbl=64 nnlr=0.005 robc=10 robd=2 robw=16   3.1117   0.9703    33.00    13.68  Strongly Sust.
  Ran sniper 1 time this iteration (77 total).

=== Iteration 72 ===
  Evaluating 1 configuration(s) (top acquisition score of 400 candidates)...
  [mesmo] bpt=nn l1da=8 l1d=64 l1ia=4 l1i=64 l2a=4 l2=128 l3a=16 l3=2048 nnbl=64 nnlr=0.0005 robc=10 robd=2 robw=256  ASI= 2.4918  S=0.9612  A=  45.63  P= 15.69  [Strongly Sust.]
  Deleted 1 non-Pareto output directory.

  Pareto front after iteration 72 (17 points, HV=3.2661):
  Params                                  ASI  Speedup     Area  PeakPow  Region
  ──────────────────────────────────────────────────────────────────────────────
  bpt=pentium_m l1da=8 l1d=64 l1ia=8 l1i=16 l2a=4 l2=512 l3a=8 l3=4096 robc=10 robd=2 robw=1024   0.8626   1.0609    70.94    37.26  Unsustainable
  bpt=pentium_m l1da=8 l1d=64 l1ia=8 l1i=16 l2a=8 l2=512 l3a=16 l3=1024 robc=10 robd=2 robw=512   1.5034   1.0608    50.78    25.06  Strongly Sust.
  bpt=pentium_m l1da=4 l1d=64 l1ia=8 l1i=64 l2a=8 l2=512 l3a=16 l3=2048 robc=10 robd=4 robw=128   1.6488   1.0608    53.40    22.41  Strongly Sust.
  bpt=pentium_m l1da=4 l1d=64 l1ia=8 l1i=64 l2a=8 l2=512 l3a=16 l3=2048 robc=8 robd=4 robw=128   1.6488   1.0607    53.40    22.41  Strongly Sust.
  bpt=pentium_m l1da=4 l1d=64 l1ia=4 l1i=16 l2a=8 l2=512 l3a=8 l3=1024 robc=10 robd=2 robw=64   2.5978   1.0606    41.00    15.54  Strongly Sust.
  bp=512 bpt=a53 l1da=4 l1d=64 l1ia=4 l1i=16 l2a=4 l2=256 l3a=4 l3=2048 nhist=4 robc=2 robd=2 robw=256   2.6064   1.0018    41.36    15.45  Strongly Sust.
  bpt=nn l1da=4 l1d=64 l1ia=4 l1i=16 l2a=4 l2=256 l3a=4 l3=2048 nnbl=16 nnlr=0.0005 robc=2 robd=2 robw=256   2.6071   1.0001    41.36    15.44  Strongly Sust.
  bpt=nn l1da=4 l1d=32 l1ia=4 l1i=64 l2a=4 l2=256 l3a=8 l3=1024 nnbl=16 nnlr=0.005 robc=10 robd=2 robw=16   2.9873   1.0000    34.73    14.09  Strongly Sust.
  bpt=nn l1da=4 l1d=64 l1ia=4 l1i=32 l2a=8 l2=128 l3a=4 l3=1024 nnbl=64 nnlr=0.0005 robc=8 robd=2 robw=32   3.0414   0.9746    33.46    13.95  Strongly Sust.
  bp=512 bpt=a53 l1da=4 l1d=16 l1ia=4 l1i=32 l2a=8 l2=128 l3a=4 l3=1024 nhist=3 robc=8 robd=2 robw=32   3.0671   0.9725    33.09    13.87  Strongly Sust.
  bp=512 bpt=a53 l1da=4 l1d=16 l1ia=4 l1i=32 l2a=8 l2=128 l3a=4 l3=1024 nhist=4 robc=10 robd=2 robw=32   3.0671   0.9724    33.09    13.87  Strongly Sust.
  bpt=tage l1da=4 l1d=16 l1ia=4 l1i=32 l2a=8 l2=128 l3a=4 l3=1024 robc=2 robd=2 robw=32   3.0672   0.9723    33.09    13.87  Strongly Sust.
  bp=512 bpt=a53 l1da=4 l1d=16 l1ia=4 l1i=32 l2a=8 l2=128 l3a=4 l3=1024 nhist=4 robc=8 robd=2 robw=32   3.0672   0.9723    33.09    13.87  Strongly Sust.
  bpt=nn l1da=4 l1d=16 l1ia=4 l1i=32 l2a=8 l2=128 l3a=4 l3=1024 nnbl=16 nnlr=0.0005 robc=10 robd=2 robw=32   3.0675   0.9717    33.09    13.87  Strongly Sust.
  bpt=nn l1da=4 l1d=16 l1ia=4 l1i=32 l2a=8 l2=128 l3a=4 l3=1024 nnbl=64 nnlr=0.005 robc=2 robd=2 robw=32   3.0681   0.9706    33.09    13.86  Strongly Sust.
  bpt=nn l1da=4 l1d=16 l1ia=4 l1i=32 l2a=8 l2=128 l3a=4 l3=1024 nnbl=64 nnlr=0.005 robc=10 robd=2 robw=32   3.0682   0.9703    33.09    13.86  Strongly Sust.
  bpt=nn l1da=4 l1d=16 l1ia=4 l1i=32 l2a=8 l2=128 l3a=4 l3=1024 nnbl=64 nnlr=0.005 robc=10 robd=2 robw=16   3.1117   0.9703    33.00    13.68  Strongly Sust.
  Ran sniper 1 time this iteration (78 total).

=== Iteration 73 ===
  Evaluating 1 configuration(s) (top acquisition score of 400 candidates)...
  [mesmo] bpt=pentium_m l1da=8 l1d=64 l1ia=4 l1i=16 l2a=4 l2=512 l3a=4 l3=1024 robc=4 robd=10 robw=1024  ASI=-0.0054  S=1.0607  A= 239.49  P=2631.00  [Unsustainable]
  Deleted 1 non-Pareto output directory.

  Pareto front after iteration 73 (17 points, HV=3.2661):
  Params                                  ASI  Speedup     Area  PeakPow  Region
  ──────────────────────────────────────────────────────────────────────────────
  bpt=pentium_m l1da=8 l1d=64 l1ia=8 l1i=16 l2a=4 l2=512 l3a=8 l3=4096 robc=10 robd=2 robw=1024   0.8626   1.0609    70.94    37.26  Unsustainable
  bpt=pentium_m l1da=8 l1d=64 l1ia=8 l1i=16 l2a=8 l2=512 l3a=16 l3=1024 robc=10 robd=2 robw=512   1.5034   1.0608    50.78    25.06  Strongly Sust.
  bpt=pentium_m l1da=4 l1d=64 l1ia=8 l1i=64 l2a=8 l2=512 l3a=16 l3=2048 robc=10 robd=4 robw=128   1.6488   1.0608    53.40    22.41  Strongly Sust.
  bpt=pentium_m l1da=4 l1d=64 l1ia=8 l1i=64 l2a=8 l2=512 l3a=16 l3=2048 robc=8 robd=4 robw=128   1.6488   1.0607    53.40    22.41  Strongly Sust.
  bpt=pentium_m l1da=4 l1d=64 l1ia=4 l1i=16 l2a=8 l2=512 l3a=8 l3=1024 robc=10 robd=2 robw=64   2.5978   1.0606    41.00    15.54  Strongly Sust.
  bp=512 bpt=a53 l1da=4 l1d=64 l1ia=4 l1i=16 l2a=4 l2=256 l3a=4 l3=2048 nhist=4 robc=2 robd=2 robw=256   2.6064   1.0018    41.36    15.45  Strongly Sust.
  bpt=nn l1da=4 l1d=64 l1ia=4 l1i=16 l2a=4 l2=256 l3a=4 l3=2048 nnbl=16 nnlr=0.0005 robc=2 robd=2 robw=256   2.6071   1.0001    41.36    15.44  Strongly Sust.
  bpt=nn l1da=4 l1d=32 l1ia=4 l1i=64 l2a=4 l2=256 l3a=8 l3=1024 nnbl=16 nnlr=0.005 robc=10 robd=2 robw=16   2.9873   1.0000    34.73    14.09  Strongly Sust.
  bpt=nn l1da=4 l1d=64 l1ia=4 l1i=32 l2a=8 l2=128 l3a=4 l3=1024 nnbl=64 nnlr=0.0005 robc=8 robd=2 robw=32   3.0414   0.9746    33.46    13.95  Strongly Sust.
  bp=512 bpt=a53 l1da=4 l1d=16 l1ia=4 l1i=32 l2a=8 l2=128 l3a=4 l3=1024 nhist=3 robc=8 robd=2 robw=32   3.0671   0.9725    33.09    13.87  Strongly Sust.
  bp=512 bpt=a53 l1da=4 l1d=16 l1ia=4 l1i=32 l2a=8 l2=128 l3a=4 l3=1024 nhist=4 robc=10 robd=2 robw=32   3.0671   0.9724    33.09    13.87  Strongly Sust.
  bpt=tage l1da=4 l1d=16 l1ia=4 l1i=32 l2a=8 l2=128 l3a=4 l3=1024 robc=2 robd=2 robw=32   3.0672   0.9723    33.09    13.87  Strongly Sust.
  bp=512 bpt=a53 l1da=4 l1d=16 l1ia=4 l1i=32 l2a=8 l2=128 l3a=4 l3=1024 nhist=4 robc=8 robd=2 robw=32   3.0672   0.9723    33.09    13.87  Strongly Sust.
  bpt=nn l1da=4 l1d=16 l1ia=4 l1i=32 l2a=8 l2=128 l3a=4 l3=1024 nnbl=16 nnlr=0.0005 robc=10 robd=2 robw=32   3.0675   0.9717    33.09    13.87  Strongly Sust.
  bpt=nn l1da=4 l1d=16 l1ia=4 l1i=32 l2a=8 l2=128 l3a=4 l3=1024 nnbl=64 nnlr=0.005 robc=2 robd=2 robw=32   3.0681   0.9706    33.09    13.86  Strongly Sust.
  bpt=nn l1da=4 l1d=16 l1ia=4 l1i=32 l2a=8 l2=128 l3a=4 l3=1024 nnbl=64 nnlr=0.005 robc=10 robd=2 robw=32   3.0682   0.9703    33.09    13.86  Strongly Sust.
  bpt=nn l1da=4 l1d=16 l1ia=4 l1i=32 l2a=8 l2=128 l3a=4 l3=1024 nnbl=64 nnlr=0.005 robc=10 robd=2 robw=16   3.1117   0.9703    33.00    13.68  Strongly Sust.
  Ran sniper 1 time this iteration (79 total).

=== Iteration 74 ===
  Evaluating 1 configuration(s) (top acquisition score of 400 candidates)...
  [mesmo] bpt=nn l1da=8 l1d=64 l1ia=8 l1i=16 l2a=4 l2=512 l3a=8 l3=2048 nnbl=16 nnlr=0.005 robc=8 robd=10 robw=1024  ASI=-0.0061  S=1.0605  A= 246.30  P=2632.43  [Unsustainable]
  Deleted 1 non-Pareto output directory.

  Pareto front after iteration 74 (17 points, HV=3.2661):
  Params                                  ASI  Speedup     Area  PeakPow  Region
  ──────────────────────────────────────────────────────────────────────────────
  bpt=pentium_m l1da=8 l1d=64 l1ia=8 l1i=16 l2a=4 l2=512 l3a=8 l3=4096 robc=10 robd=2 robw=1024   0.8626   1.0609    70.94    37.26  Unsustainable
  bpt=pentium_m l1da=8 l1d=64 l1ia=8 l1i=16 l2a=8 l2=512 l3a=16 l3=1024 robc=10 robd=2 robw=512   1.5034   1.0608    50.78    25.06  Strongly Sust.
  bpt=pentium_m l1da=4 l1d=64 l1ia=8 l1i=64 l2a=8 l2=512 l3a=16 l3=2048 robc=10 robd=4 robw=128   1.6488   1.0608    53.40    22.41  Strongly Sust.
  bpt=pentium_m l1da=4 l1d=64 l1ia=8 l1i=64 l2a=8 l2=512 l3a=16 l3=2048 robc=8 robd=4 robw=128   1.6488   1.0607    53.40    22.41  Strongly Sust.
  bpt=pentium_m l1da=4 l1d=64 l1ia=4 l1i=16 l2a=8 l2=512 l3a=8 l3=1024 robc=10 robd=2 robw=64   2.5978   1.0606    41.00    15.54  Strongly Sust.
  bp=512 bpt=a53 l1da=4 l1d=64 l1ia=4 l1i=16 l2a=4 l2=256 l3a=4 l3=2048 nhist=4 robc=2 robd=2 robw=256   2.6064   1.0018    41.36    15.45  Strongly Sust.
  bpt=nn l1da=4 l1d=64 l1ia=4 l1i=16 l2a=4 l2=256 l3a=4 l3=2048 nnbl=16 nnlr=0.0005 robc=2 robd=2 robw=256   2.6071   1.0001    41.36    15.44  Strongly Sust.
  bpt=nn l1da=4 l1d=32 l1ia=4 l1i=64 l2a=4 l2=256 l3a=8 l3=1024 nnbl=16 nnlr=0.005 robc=10 robd=2 robw=16   2.9873   1.0000    34.73    14.09  Strongly Sust.
  bpt=nn l1da=4 l1d=64 l1ia=4 l1i=32 l2a=8 l2=128 l3a=4 l3=1024 nnbl=64 nnlr=0.0005 robc=8 robd=2 robw=32   3.0414   0.9746    33.46    13.95  Strongly Sust.
  bp=512 bpt=a53 l1da=4 l1d=16 l1ia=4 l1i=32 l2a=8 l2=128 l3a=4 l3=1024 nhist=3 robc=8 robd=2 robw=32   3.0671   0.9725    33.09    13.87  Strongly Sust.
  bp=512 bpt=a53 l1da=4 l1d=16 l1ia=4 l1i=32 l2a=8 l2=128 l3a=4 l3=1024 nhist=4 robc=10 robd=2 robw=32   3.0671   0.9724    33.09    13.87  Strongly Sust.
  bpt=tage l1da=4 l1d=16 l1ia=4 l1i=32 l2a=8 l2=128 l3a=4 l3=1024 robc=2 robd=2 robw=32   3.0672   0.9723    33.09    13.87  Strongly Sust.
  bp=512 bpt=a53 l1da=4 l1d=16 l1ia=4 l1i=32 l2a=8 l2=128 l3a=4 l3=1024 nhist=4 robc=8 robd=2 robw=32   3.0672   0.9723    33.09    13.87  Strongly Sust.
  bpt=nn l1da=4 l1d=16 l1ia=4 l1i=32 l2a=8 l2=128 l3a=4 l3=1024 nnbl=16 nnlr=0.0005 robc=10 robd=2 robw=32   3.0675   0.9717    33.09    13.87  Strongly Sust.
  bpt=nn l1da=4 l1d=16 l1ia=4 l1i=32 l2a=8 l2=128 l3a=4 l3=1024 nnbl=64 nnlr=0.005 robc=2 robd=2 robw=32   3.0681   0.9706    33.09    13.86  Strongly Sust.
  bpt=nn l1da=4 l1d=16 l1ia=4 l1i=32 l2a=8 l2=128 l3a=4 l3=1024 nnbl=64 nnlr=0.005 robc=10 robd=2 robw=32   3.0682   0.9703    33.09    13.86  Strongly Sust.
  bpt=nn l1da=4 l1d=16 l1ia=4 l1i=32 l2a=8 l2=128 l3a=4 l3=1024 nnbl=64 nnlr=0.005 robc=10 robd=2 robw=16   3.1117   0.9703    33.00    13.68  Strongly Sust.
  Ran sniper 1 time this iteration (80 total).

=== Iteration 75 ===
  Evaluating 1 configuration(s) (top acquisition score of 400 candidates)...
  [mesmo] bp=512 bpt=a53 l1da=4 l1d=16 l1ia=4 l1i=32 l2a=8 l2=128 l3a=4 l3=1024 nhist=2 robc=10 robd=2 robw=16  ASI= 3.1106  S=0.9724  A=  33.00  P= 13.68  [Strongly Sust.]
  Deleted 5 non-Pareto output directories.

  Pareto front after iteration 75 (13 points, HV=3.2662):
  Params                                  ASI  Speedup     Area  PeakPow  Region
  ──────────────────────────────────────────────────────────────────────────────
  bpt=pentium_m l1da=8 l1d=64 l1ia=8 l1i=16 l2a=4 l2=512 l3a=8 l3=4096 robc=10 robd=2 robw=1024   0.8626   1.0609    70.94    37.26  Unsustainable
  bpt=pentium_m l1da=8 l1d=64 l1ia=8 l1i=16 l2a=8 l2=512 l3a=16 l3=1024 robc=10 robd=2 robw=512   1.5034   1.0608    50.78    25.06  Strongly Sust.
  bpt=pentium_m l1da=4 l1d=64 l1ia=8 l1i=64 l2a=8 l2=512 l3a=16 l3=2048 robc=10 robd=4 robw=128   1.6488   1.0608    53.40    22.41  Strongly Sust.
  bpt=pentium_m l1da=4 l1d=64 l1ia=8 l1i=64 l2a=8 l2=512 l3a=16 l3=2048 robc=8 robd=4 robw=128   1.6488   1.0607    53.40    22.41  Strongly Sust.
  bpt=pentium_m l1da=4 l1d=64 l1ia=4 l1i=16 l2a=8 l2=512 l3a=8 l3=1024 robc=10 robd=2 robw=64   2.5978   1.0606    41.00    15.54  Strongly Sust.
  bp=512 bpt=a53 l1da=4 l1d=64 l1ia=4 l1i=16 l2a=4 l2=256 l3a=4 l3=2048 nhist=4 robc=2 robd=2 robw=256   2.6064   1.0018    41.36    15.45  Strongly Sust.
  bpt=nn l1da=4 l1d=64 l1ia=4 l1i=16 l2a=4 l2=256 l3a=4 l3=2048 nnbl=16 nnlr=0.0005 robc=2 robd=2 robw=256   2.6071   1.0001    41.36    15.44  Strongly Sust.
  bpt=nn l1da=4 l1d=32 l1ia=4 l1i=64 l2a=4 l2=256 l3a=8 l3=1024 nnbl=16 nnlr=0.005 robc=10 robd=2 robw=16   2.9873   1.0000    34.73    14.09  Strongly Sust.
  bpt=nn l1da=4 l1d=64 l1ia=4 l1i=32 l2a=8 l2=128 l3a=4 l3=1024 nnbl=64 nnlr=0.0005 robc=8 robd=2 robw=32   3.0414   0.9746    33.46    13.95  Strongly Sust.
  bp=512 bpt=a53 l1da=4 l1d=16 l1ia=4 l1i=32 l2a=8 l2=128 l3a=4 l3=1024 nhist=3 robc=8 robd=2 robw=32   3.0671   0.9725    33.09    13.87  Strongly Sust.
  bp=512 bpt=a53 l1da=4 l1d=16 l1ia=4 l1i=32 l2a=8 l2=128 l3a=4 l3=1024 nhist=4 robc=10 robd=2 robw=32   3.0671   0.9724    33.09    13.87  Strongly Sust.
  bp=512 bpt=a53 l1da=4 l1d=16 l1ia=4 l1i=32 l2a=8 l2=128 l3a=4 l3=1024 nhist=2 robc=10 robd=2 robw=16   3.1106   0.9724    33.00    13.68  Strongly Sust.
  bpt=nn l1da=4 l1d=16 l1ia=4 l1i=32 l2a=8 l2=128 l3a=4 l3=1024 nnbl=64 nnlr=0.005 robc=10 robd=2 robw=16   3.1117   0.9703    33.00    13.68  Strongly Sust.
  Ran sniper 1 time this iteration (81 total).

=== Iteration 76 ===
  Evaluating 1 configuration(s) (top acquisition score of 400 candidates)...
  [mesmo] bpt=pentium_m l1da=8 l1d=64 l1ia=8 l1i=64 l2a=8 l2=512 l3a=4 l3=4096 robc=2 robd=10 robw=1024  ASI=-0.0076  S=1.0609  A= 261.23  P=2634.04  [Unsustainable]
  Deleted 1 non-Pareto output directory.

  Pareto front after iteration 76 (13 points, HV=3.2662):
  Params                                  ASI  Speedup     Area  PeakPow  Region
  ──────────────────────────────────────────────────────────────────────────────
  bpt=pentium_m l1da=8 l1d=64 l1ia=8 l1i=16 l2a=4 l2=512 l3a=8 l3=4096 robc=10 robd=2 robw=1024   0.8626   1.0609    70.94    37.26  Unsustainable
  bpt=pentium_m l1da=8 l1d=64 l1ia=8 l1i=16 l2a=8 l2=512 l3a=16 l3=1024 robc=10 robd=2 robw=512   1.5034   1.0608    50.78    25.06  Strongly Sust.
  bpt=pentium_m l1da=4 l1d=64 l1ia=8 l1i=64 l2a=8 l2=512 l3a=16 l3=2048 robc=10 robd=4 robw=128   1.6488   1.0608    53.40    22.41  Strongly Sust.
  bpt=pentium_m l1da=4 l1d=64 l1ia=8 l1i=64 l2a=8 l2=512 l3a=16 l3=2048 robc=8 robd=4 robw=128   1.6488   1.0607    53.40    22.41  Strongly Sust.
  bpt=pentium_m l1da=4 l1d=64 l1ia=4 l1i=16 l2a=8 l2=512 l3a=8 l3=1024 robc=10 robd=2 robw=64   2.5978   1.0606    41.00    15.54  Strongly Sust.
  bp=512 bpt=a53 l1da=4 l1d=64 l1ia=4 l1i=16 l2a=4 l2=256 l3a=4 l3=2048 nhist=4 robc=2 robd=2 robw=256   2.6064   1.0018    41.36    15.45  Strongly Sust.
  bpt=nn l1da=4 l1d=64 l1ia=4 l1i=16 l2a=4 l2=256 l3a=4 l3=2048 nnbl=16 nnlr=0.0005 robc=2 robd=2 robw=256   2.6071   1.0001    41.36    15.44  Strongly Sust.
  bpt=nn l1da=4 l1d=32 l1ia=4 l1i=64 l2a=4 l2=256 l3a=8 l3=1024 nnbl=16 nnlr=0.005 robc=10 robd=2 robw=16   2.9873   1.0000    34.73    14.09  Strongly Sust.
  bpt=nn l1da=4 l1d=64 l1ia=4 l1i=32 l2a=8 l2=128 l3a=4 l3=1024 nnbl=64 nnlr=0.0005 robc=8 robd=2 robw=32   3.0414   0.9746    33.46    13.95  Strongly Sust.
  bp=512 bpt=a53 l1da=4 l1d=16 l1ia=4 l1i=32 l2a=8 l2=128 l3a=4 l3=1024 nhist=3 robc=8 robd=2 robw=32   3.0671   0.9725    33.09    13.87  Strongly Sust.
  bp=512 bpt=a53 l1da=4 l1d=16 l1ia=4 l1i=32 l2a=8 l2=128 l3a=4 l3=1024 nhist=4 robc=10 robd=2 robw=32   3.0671   0.9724    33.09    13.87  Strongly Sust.
  bp=512 bpt=a53 l1da=4 l1d=16 l1ia=4 l1i=32 l2a=8 l2=128 l3a=4 l3=1024 nhist=2 robc=10 robd=2 robw=16   3.1106   0.9724    33.00    13.68  Strongly Sust.
  bpt=nn l1da=4 l1d=16 l1ia=4 l1i=32 l2a=8 l2=128 l3a=4 l3=1024 nnbl=64 nnlr=0.005 robc=10 robd=2 robw=16   3.1117   0.9703    33.00    13.68  Strongly Sust.
  Ran sniper 1 time this iteration (82 total).

=== Iteration 77 ===
  Evaluating 1 configuration(s) (top acquisition score of 400 candidates)...
  [mesmo] bpt=tage l1da=8 l1d=16 l1ia=8 l1i=16 l2a=4 l2=128 l3a=4 l3=4096 robc=4 robd=2 robw=16  ASI= 2.1104  S=0.9724  A=  57.09  P= 17.03  [Strongly Sust.]
  Deleted 1 non-Pareto output directory.

  Pareto front after iteration 77 (13 points, HV=3.2662):
  Params                                  ASI  Speedup     Area  PeakPow  Region
  ──────────────────────────────────────────────────────────────────────────────
  bpt=pentium_m l1da=8 l1d=64 l1ia=8 l1i=16 l2a=4 l2=512 l3a=8 l3=4096 robc=10 robd=2 robw=1024   0.8626   1.0609    70.94    37.26  Unsustainable
  bpt=pentium_m l1da=8 l1d=64 l1ia=8 l1i=16 l2a=8 l2=512 l3a=16 l3=1024 robc=10 robd=2 robw=512   1.5034   1.0608    50.78    25.06  Strongly Sust.
  bpt=pentium_m l1da=4 l1d=64 l1ia=8 l1i=64 l2a=8 l2=512 l3a=16 l3=2048 robc=10 robd=4 robw=128   1.6488   1.0608    53.40    22.41  Strongly Sust.
  bpt=pentium_m l1da=4 l1d=64 l1ia=8 l1i=64 l2a=8 l2=512 l3a=16 l3=2048 robc=8 robd=4 robw=128   1.6488   1.0607    53.40    22.41  Strongly Sust.
  bpt=pentium_m l1da=4 l1d=64 l1ia=4 l1i=16 l2a=8 l2=512 l3a=8 l3=1024 robc=10 robd=2 robw=64   2.5978   1.0606    41.00    15.54  Strongly Sust.
  bp=512 bpt=a53 l1da=4 l1d=64 l1ia=4 l1i=16 l2a=4 l2=256 l3a=4 l3=2048 nhist=4 robc=2 robd=2 robw=256   2.6064   1.0018    41.36    15.45  Strongly Sust.
  bpt=nn l1da=4 l1d=64 l1ia=4 l1i=16 l2a=4 l2=256 l3a=4 l3=2048 nnbl=16 nnlr=0.0005 robc=2 robd=2 robw=256   2.6071   1.0001    41.36    15.44  Strongly Sust.
  bpt=nn l1da=4 l1d=32 l1ia=4 l1i=64 l2a=4 l2=256 l3a=8 l3=1024 nnbl=16 nnlr=0.005 robc=10 robd=2 robw=16   2.9873   1.0000    34.73    14.09  Strongly Sust.
  bpt=nn l1da=4 l1d=64 l1ia=4 l1i=32 l2a=8 l2=128 l3a=4 l3=1024 nnbl=64 nnlr=0.0005 robc=8 robd=2 robw=32   3.0414   0.9746    33.46    13.95  Strongly Sust.
  bp=512 bpt=a53 l1da=4 l1d=16 l1ia=4 l1i=32 l2a=8 l2=128 l3a=4 l3=1024 nhist=3 robc=8 robd=2 robw=32   3.0671   0.9725    33.09    13.87  Strongly Sust.
  bp=512 bpt=a53 l1da=4 l1d=16 l1ia=4 l1i=32 l2a=8 l2=128 l3a=4 l3=1024 nhist=4 robc=10 robd=2 robw=32   3.0671   0.9724    33.09    13.87  Strongly Sust.
  bp=512 bpt=a53 l1da=4 l1d=16 l1ia=4 l1i=32 l2a=8 l2=128 l3a=4 l3=1024 nhist=2 robc=10 robd=2 robw=16   3.1106   0.9724    33.00    13.68  Strongly Sust.
  bpt=nn l1da=4 l1d=16 l1ia=4 l1i=32 l2a=8 l2=128 l3a=4 l3=1024 nnbl=64 nnlr=0.005 robc=10 robd=2 robw=16   3.1117   0.9703    33.00    13.68  Strongly Sust.
  Ran sniper 1 time this iteration (83 total).

=== Iteration 78 ===
  Evaluating 1 configuration(s) (top acquisition score of 400 candidates)...
  [mesmo] bp=2048 bpt=a53 l1da=8 l1d=64 l1ia=4 l1i=16 l2a=8 l2=512 l3a=8 l3=2048 nhist=3 robc=10 robd=10 robw=64  ASI= 0.5505  S=1.0607  A=  68.66  P= 59.52  [Unsustainable]
  Deleted 1 non-Pareto output directory.

  Pareto front after iteration 78 (13 points, HV=3.2662):
  Params                                  ASI  Speedup     Area  PeakPow  Region
  ──────────────────────────────────────────────────────────────────────────────
  bpt=pentium_m l1da=8 l1d=64 l1ia=8 l1i=16 l2a=4 l2=512 l3a=8 l3=4096 robc=10 robd=2 robw=1024   0.8626   1.0609    70.94    37.26  Unsustainable
  bpt=pentium_m l1da=8 l1d=64 l1ia=8 l1i=16 l2a=8 l2=512 l3a=16 l3=1024 robc=10 robd=2 robw=512   1.5034   1.0608    50.78    25.06  Strongly Sust.
  bpt=pentium_m l1da=4 l1d=64 l1ia=8 l1i=64 l2a=8 l2=512 l3a=16 l3=2048 robc=10 robd=4 robw=128   1.6488   1.0608    53.40    22.41  Strongly Sust.
  bpt=pentium_m l1da=4 l1d=64 l1ia=8 l1i=64 l2a=8 l2=512 l3a=16 l3=2048 robc=8 robd=4 robw=128   1.6488   1.0607    53.40    22.41  Strongly Sust.
  bpt=pentium_m l1da=4 l1d=64 l1ia=4 l1i=16 l2a=8 l2=512 l3a=8 l3=1024 robc=10 robd=2 robw=64   2.5978   1.0606    41.00    15.54  Strongly Sust.
  bp=512 bpt=a53 l1da=4 l1d=64 l1ia=4 l1i=16 l2a=4 l2=256 l3a=4 l3=2048 nhist=4 robc=2 robd=2 robw=256   2.6064   1.0018    41.36    15.45  Strongly Sust.
  bpt=nn l1da=4 l1d=64 l1ia=4 l1i=16 l2a=4 l2=256 l3a=4 l3=2048 nnbl=16 nnlr=0.0005 robc=2 robd=2 robw=256   2.6071   1.0001    41.36    15.44  Strongly Sust.
  bpt=nn l1da=4 l1d=32 l1ia=4 l1i=64 l2a=4 l2=256 l3a=8 l3=1024 nnbl=16 nnlr=0.005 robc=10 robd=2 robw=16   2.9873   1.0000    34.73    14.09  Strongly Sust.
  bpt=nn l1da=4 l1d=64 l1ia=4 l1i=32 l2a=8 l2=128 l3a=4 l3=1024 nnbl=64 nnlr=0.0005 robc=8 robd=2 robw=32   3.0414   0.9746    33.46    13.95  Strongly Sust.
  bp=512 bpt=a53 l1da=4 l1d=16 l1ia=4 l1i=32 l2a=8 l2=128 l3a=4 l3=1024 nhist=3 robc=8 robd=2 robw=32   3.0671   0.9725    33.09    13.87  Strongly Sust.
  bp=512 bpt=a53 l1da=4 l1d=16 l1ia=4 l1i=32 l2a=8 l2=128 l3a=4 l3=1024 nhist=4 robc=10 robd=2 robw=32   3.0671   0.9724    33.09    13.87  Strongly Sust.
  bp=512 bpt=a53 l1da=4 l1d=16 l1ia=4 l1i=32 l2a=8 l2=128 l3a=4 l3=1024 nhist=2 robc=10 robd=2 robw=16   3.1106   0.9724    33.00    13.68  Strongly Sust.
  bpt=nn l1da=4 l1d=16 l1ia=4 l1i=32 l2a=8 l2=128 l3a=4 l3=1024 nnbl=64 nnlr=0.005 robc=10 robd=2 robw=16   3.1117   0.9703    33.00    13.68  Strongly Sust.
  Ran sniper 1 time this iteration (84 total).

=== Iteration 79 ===
  Evaluating 1 configuration(s) (top acquisition score of 400 candidates)...
  [mesmo] bp=512 bpt=a53 l1da=4 l1d=16 l1ia=8 l1i=32 l2a=8 l2=128 l3a=4 l3=1024 nhist=4 robc=10 robd=2 robw=32  ASI= 2.8933  S=0.9723  A=  34.82  P= 14.54  [Strongly Sust.]
  Deleted 1 non-Pareto output directory.

  Pareto front after iteration 79 (13 points, HV=3.2662):
  Params                                  ASI  Speedup     Area  PeakPow  Region
  ──────────────────────────────────────────────────────────────────────────────
  bpt=pentium_m l1da=8 l1d=64 l1ia=8 l1i=16 l2a=4 l2=512 l3a=8 l3=4096 robc=10 robd=2 robw=1024   0.8626   1.0609    70.94    37.26  Unsustainable
  bpt=pentium_m l1da=8 l1d=64 l1ia=8 l1i=16 l2a=8 l2=512 l3a=16 l3=1024 robc=10 robd=2 robw=512   1.5034   1.0608    50.78    25.06  Strongly Sust.
  bpt=pentium_m l1da=4 l1d=64 l1ia=8 l1i=64 l2a=8 l2=512 l3a=16 l3=2048 robc=10 robd=4 robw=128   1.6488   1.0608    53.40    22.41  Strongly Sust.
  bpt=pentium_m l1da=4 l1d=64 l1ia=8 l1i=64 l2a=8 l2=512 l3a=16 l3=2048 robc=8 robd=4 robw=128   1.6488   1.0607    53.40    22.41  Strongly Sust.
  bpt=pentium_m l1da=4 l1d=64 l1ia=4 l1i=16 l2a=8 l2=512 l3a=8 l3=1024 robc=10 robd=2 robw=64   2.5978   1.0606    41.00    15.54  Strongly Sust.
  bp=512 bpt=a53 l1da=4 l1d=64 l1ia=4 l1i=16 l2a=4 l2=256 l3a=4 l3=2048 nhist=4 robc=2 robd=2 robw=256   2.6064   1.0018    41.36    15.45  Strongly Sust.
  bpt=nn l1da=4 l1d=64 l1ia=4 l1i=16 l2a=4 l2=256 l3a=4 l3=2048 nnbl=16 nnlr=0.0005 robc=2 robd=2 robw=256   2.6071   1.0001    41.36    15.44  Strongly Sust.
  bpt=nn l1da=4 l1d=32 l1ia=4 l1i=64 l2a=4 l2=256 l3a=8 l3=1024 nnbl=16 nnlr=0.005 robc=10 robd=2 robw=16   2.9873   1.0000    34.73    14.09  Strongly Sust.
  bpt=nn l1da=4 l1d=64 l1ia=4 l1i=32 l2a=8 l2=128 l3a=4 l3=1024 nnbl=64 nnlr=0.0005 robc=8 robd=2 robw=32   3.0414   0.9746    33.46    13.95  Strongly Sust.
  bp=512 bpt=a53 l1da=4 l1d=16 l1ia=4 l1i=32 l2a=8 l2=128 l3a=4 l3=1024 nhist=3 robc=8 robd=2 robw=32   3.0671   0.9725    33.09    13.87  Strongly Sust.
  bp=512 bpt=a53 l1da=4 l1d=16 l1ia=4 l1i=32 l2a=8 l2=128 l3a=4 l3=1024 nhist=4 robc=10 robd=2 robw=32   3.0671   0.9724    33.09    13.87  Strongly Sust.
  bp=512 bpt=a53 l1da=4 l1d=16 l1ia=4 l1i=32 l2a=8 l2=128 l3a=4 l3=1024 nhist=2 robc=10 robd=2 robw=16   3.1106   0.9724    33.00    13.68  Strongly Sust.
  bpt=nn l1da=4 l1d=16 l1ia=4 l1i=32 l2a=8 l2=128 l3a=4 l3=1024 nnbl=64 nnlr=0.005 robc=10 robd=2 robw=16   3.1117   0.9703    33.00    13.68  Strongly Sust.
  Ran sniper 1 time this iteration (85 total).

=== Iteration 80 ===
  Evaluating 1 configuration(s) (top acquisition score of 400 candidates)...
  [mesmo] bp=512 bpt=a53 l1da=4 l1d=16 l1ia=4 l1i=32 l2a=8 l2=128 l3a=8 l3=1024 nhist=3 robc=8 robd=2 robw=32  ASI= 3.0652  S=0.9723  A=  33.09  P= 13.88  [Strongly Sust.]
  Deleted 1 non-Pareto output directory.

  Pareto front after iteration 80 (13 points, HV=3.2662):
  Params                                  ASI  Speedup     Area  PeakPow  Region
  ──────────────────────────────────────────────────────────────────────────────
  bpt=pentium_m l1da=8 l1d=64 l1ia=8 l1i=16 l2a=4 l2=512 l3a=8 l3=4096 robc=10 robd=2 robw=1024   0.8626   1.0609    70.94    37.26  Unsustainable
  bpt=pentium_m l1da=8 l1d=64 l1ia=8 l1i=16 l2a=8 l2=512 l3a=16 l3=1024 robc=10 robd=2 robw=512   1.5034   1.0608    50.78    25.06  Strongly Sust.
  bpt=pentium_m l1da=4 l1d=64 l1ia=8 l1i=64 l2a=8 l2=512 l3a=16 l3=2048 robc=10 robd=4 robw=128   1.6488   1.0608    53.40    22.41  Strongly Sust.
  bpt=pentium_m l1da=4 l1d=64 l1ia=8 l1i=64 l2a=8 l2=512 l3a=16 l3=2048 robc=8 robd=4 robw=128   1.6488   1.0607    53.40    22.41  Strongly Sust.
  bpt=pentium_m l1da=4 l1d=64 l1ia=4 l1i=16 l2a=8 l2=512 l3a=8 l3=1024 robc=10 robd=2 robw=64   2.5978   1.0606    41.00    15.54  Strongly Sust.
  bp=512 bpt=a53 l1da=4 l1d=64 l1ia=4 l1i=16 l2a=4 l2=256 l3a=4 l3=2048 nhist=4 robc=2 robd=2 robw=256   2.6064   1.0018    41.36    15.45  Strongly Sust.
  bpt=nn l1da=4 l1d=64 l1ia=4 l1i=16 l2a=4 l2=256 l3a=4 l3=2048 nnbl=16 nnlr=0.0005 robc=2 robd=2 robw=256   2.6071   1.0001    41.36    15.44  Strongly Sust.
  bpt=nn l1da=4 l1d=32 l1ia=4 l1i=64 l2a=4 l2=256 l3a=8 l3=1024 nnbl=16 nnlr=0.005 robc=10 robd=2 robw=16   2.9873   1.0000    34.73    14.09  Strongly Sust.
  bpt=nn l1da=4 l1d=64 l1ia=4 l1i=32 l2a=8 l2=128 l3a=4 l3=1024 nnbl=64 nnlr=0.0005 robc=8 robd=2 robw=32   3.0414   0.9746    33.46    13.95  Strongly Sust.
  bp=512 bpt=a53 l1da=4 l1d=16 l1ia=4 l1i=32 l2a=8 l2=128 l3a=4 l3=1024 nhist=3 robc=8 robd=2 robw=32   3.0671   0.9725    33.09    13.87  Strongly Sust.
  bp=512 bpt=a53 l1da=4 l1d=16 l1ia=4 l1i=32 l2a=8 l2=128 l3a=4 l3=1024 nhist=4 robc=10 robd=2 robw=32   3.0671   0.9724    33.09    13.87  Strongly Sust.
  bp=512 bpt=a53 l1da=4 l1d=16 l1ia=4 l1i=32 l2a=8 l2=128 l3a=4 l3=1024 nhist=2 robc=10 robd=2 robw=16   3.1106   0.9724    33.00    13.68  Strongly Sust.
  bpt=nn l1da=4 l1d=16 l1ia=4 l1i=32 l2a=8 l2=128 l3a=4 l3=1024 nnbl=64 nnlr=0.005 robc=10 robd=2 robw=16   3.1117   0.9703    33.00    13.68  Strongly Sust.
  Ran sniper 1 time this iteration (86 total).

=== Iteration 81 ===
  Evaluating 1 configuration(s) (top acquisition score of 400 candidates)...
  [mesmo] bpt=nn l1da=4 l1d=64 l1ia=4 l1i=32 l2a=8 l2=512 l3a=4 l3=1024 nnbl=64 nnlr=0.0005 robc=8 robd=2 robw=32  ASI= 2.6225  S=1.0606  A=  41.18  P= 15.37  [Strongly Sust.]
  Deleted 2 non-Pareto output directories.

  Pareto front after iteration 81 (12 points, HV=3.2677):
  Params                                  ASI  Speedup     Area  PeakPow  Region
  ──────────────────────────────────────────────────────────────────────────────
  bpt=pentium_m l1da=8 l1d=64 l1ia=8 l1i=16 l2a=4 l2=512 l3a=8 l3=4096 robc=10 robd=2 robw=1024   0.8626   1.0609    70.94    37.26  Unsustainable
  bpt=pentium_m l1da=8 l1d=64 l1ia=8 l1i=16 l2a=8 l2=512 l3a=16 l3=1024 robc=10 robd=2 robw=512   1.5034   1.0608    50.78    25.06  Strongly Sust.
  bpt=pentium_m l1da=4 l1d=64 l1ia=8 l1i=64 l2a=8 l2=512 l3a=16 l3=2048 robc=10 robd=4 robw=128   1.6488   1.0608    53.40    22.41  Strongly Sust.
  bpt=pentium_m l1da=4 l1d=64 l1ia=8 l1i=64 l2a=8 l2=512 l3a=16 l3=2048 robc=8 robd=4 robw=128   1.6488   1.0607    53.40    22.41  Strongly Sust.
  bpt=pentium_m l1da=4 l1d=64 l1ia=4 l1i=16 l2a=8 l2=512 l3a=8 l3=1024 robc=10 robd=2 robw=64   2.5978   1.0606    41.00    15.54  Strongly Sust.
  bpt=nn l1da=4 l1d=64 l1ia=4 l1i=32 l2a=8 l2=512 l3a=4 l3=1024 nnbl=64 nnlr=0.0005 robc=8 robd=2 robw=32   2.6225   1.0606    41.18    15.37  Strongly Sust.
  bpt=nn l1da=4 l1d=32 l1ia=4 l1i=64 l2a=4 l2=256 l3a=8 l3=1024 nnbl=16 nnlr=0.005 robc=10 robd=2 robw=16   2.9873   1.0000    34.73    14.09  Strongly Sust.
  bpt=nn l1da=4 l1d=64 l1ia=4 l1i=32 l2a=8 l2=128 l3a=4 l3=1024 nnbl=64 nnlr=0.0005 robc=8 robd=2 robw=32   3.0414   0.9746    33.46    13.95  Strongly Sust.
  bp=512 bpt=a53 l1da=4 l1d=16 l1ia=4 l1i=32 l2a=8 l2=128 l3a=4 l3=1024 nhist=3 robc=8 robd=2 robw=32   3.0671   0.9725    33.09    13.87  Strongly Sust.
  bp=512 bpt=a53 l1da=4 l1d=16 l1ia=4 l1i=32 l2a=8 l2=128 l3a=4 l3=1024 nhist=4 robc=10 robd=2 robw=32   3.0671   0.9724    33.09    13.87  Strongly Sust.
  bp=512 bpt=a53 l1da=4 l1d=16 l1ia=4 l1i=32 l2a=8 l2=128 l3a=4 l3=1024 nhist=2 robc=10 robd=2 robw=16   3.1106   0.9724    33.00    13.68  Strongly Sust.
  bpt=nn l1da=4 l1d=16 l1ia=4 l1i=32 l2a=8 l2=128 l3a=4 l3=1024 nnbl=64 nnlr=0.005 robc=10 robd=2 robw=16   3.1117   0.9703    33.00    13.68  Strongly Sust.
  Ran sniper 1 time this iteration (87 total).

=== Iteration 82 ===
  Evaluating 1 configuration(s) (top acquisition score of 400 candidates)...
  [mesmo] bpt=nn l1da=4 l1d=16 l1ia=4 l1i=32 l2a=8 l2=128 l3a=4 l3=1024 nnbl=64 nnlr=0.005 robc=8 robd=2 robw=16  ASI= 3.1123  S=0.9693  A=  33.00  P= 13.67  [Strongly Sust.]

  Pareto front after iteration 82 (13 points, HV=3.2682):
  Params                                  ASI  Speedup     Area  PeakPow  Region
  ──────────────────────────────────────────────────────────────────────────────
  bpt=pentium_m l1da=8 l1d=64 l1ia=8 l1i=16 l2a=4 l2=512 l3a=8 l3=4096 robc=10 robd=2 robw=1024   0.8626   1.0609    70.94    37.26  Unsustainable
  bpt=pentium_m l1da=8 l1d=64 l1ia=8 l1i=16 l2a=8 l2=512 l3a=16 l3=1024 robc=10 robd=2 robw=512   1.5034   1.0608    50.78    25.06  Strongly Sust.
  bpt=pentium_m l1da=4 l1d=64 l1ia=8 l1i=64 l2a=8 l2=512 l3a=16 l3=2048 robc=10 robd=4 robw=128   1.6488   1.0608    53.40    22.41  Strongly Sust.
  bpt=pentium_m l1da=4 l1d=64 l1ia=8 l1i=64 l2a=8 l2=512 l3a=16 l3=2048 robc=8 robd=4 robw=128   1.6488   1.0607    53.40    22.41  Strongly Sust.
  bpt=pentium_m l1da=4 l1d=64 l1ia=4 l1i=16 l2a=8 l2=512 l3a=8 l3=1024 robc=10 robd=2 robw=64   2.5978   1.0606    41.00    15.54  Strongly Sust.
  bpt=nn l1da=4 l1d=64 l1ia=4 l1i=32 l2a=8 l2=512 l3a=4 l3=1024 nnbl=64 nnlr=0.0005 robc=8 robd=2 robw=32   2.6225   1.0606    41.18    15.37  Strongly Sust.
  bpt=nn l1da=4 l1d=32 l1ia=4 l1i=64 l2a=4 l2=256 l3a=8 l3=1024 nnbl=16 nnlr=0.005 robc=10 robd=2 robw=16   2.9873   1.0000    34.73    14.09  Strongly Sust.
  bpt=nn l1da=4 l1d=64 l1ia=4 l1i=32 l2a=8 l2=128 l3a=4 l3=1024 nnbl=64 nnlr=0.0005 robc=8 robd=2 robw=32   3.0414   0.9746    33.46    13.95  Strongly Sust.
  bp=512 bpt=a53 l1da=4 l1d=16 l1ia=4 l1i=32 l2a=8 l2=128 l3a=4 l3=1024 nhist=3 robc=8 robd=2 robw=32   3.0671   0.9725    33.09    13.87  Strongly Sust.
  bp=512 bpt=a53 l1da=4 l1d=16 l1ia=4 l1i=32 l2a=8 l2=128 l3a=4 l3=1024 nhist=4 robc=10 robd=2 robw=32   3.0671   0.9724    33.09    13.87  Strongly Sust.
  bp=512 bpt=a53 l1da=4 l1d=16 l1ia=4 l1i=32 l2a=8 l2=128 l3a=4 l3=1024 nhist=2 robc=10 robd=2 robw=16   3.1106   0.9724    33.00    13.68  Strongly Sust.
  bpt=nn l1da=4 l1d=16 l1ia=4 l1i=32 l2a=8 l2=128 l3a=4 l3=1024 nnbl=64 nnlr=0.005 robc=10 robd=2 robw=16   3.1117   0.9703    33.00    13.68  Strongly Sust.
  bpt=nn l1da=4 l1d=16 l1ia=4 l1i=32 l2a=8 l2=128 l3a=4 l3=1024 nnbl=64 nnlr=0.005 robc=8 robd=2 robw=16   3.1123   0.9693    33.00    13.67  Strongly Sust.
  Ran sniper 1 time this iteration (88 total).

=== Iteration 83 ===
  Evaluating 1 configuration(s) (top acquisition score of 400 candidates)...
  [mesmo] bpt=pentium_m l1da=8 l1d=64 l1ia=8 l1i=64 l2a=4 l2=512 l3a=16 l3=1024 robc=8 robd=8 robw=128  ASI= 0.1267  S=1.0606  A=  69.70  P=256.38  [Unsustainable]
  Deleted 1 non-Pareto output directory.

  Pareto front after iteration 83 (13 points, HV=3.2682):
  Params                                  ASI  Speedup     Area  PeakPow  Region
  ──────────────────────────────────────────────────────────────────────────────
  bpt=pentium_m l1da=8 l1d=64 l1ia=8 l1i=16 l2a=4 l2=512 l3a=8 l3=4096 robc=10 robd=2 robw=1024   0.8626   1.0609    70.94    37.26  Unsustainable
  bpt=pentium_m l1da=8 l1d=64 l1ia=8 l1i=16 l2a=8 l2=512 l3a=16 l3=1024 robc=10 robd=2 robw=512   1.5034   1.0608    50.78    25.06  Strongly Sust.
  bpt=pentium_m l1da=4 l1d=64 l1ia=8 l1i=64 l2a=8 l2=512 l3a=16 l3=2048 robc=10 robd=4 robw=128   1.6488   1.0608    53.40    22.41  Strongly Sust.
  bpt=pentium_m l1da=4 l1d=64 l1ia=8 l1i=64 l2a=8 l2=512 l3a=16 l3=2048 robc=8 robd=4 robw=128   1.6488   1.0607    53.40    22.41  Strongly Sust.
  bpt=pentium_m l1da=4 l1d=64 l1ia=4 l1i=16 l2a=8 l2=512 l3a=8 l3=1024 robc=10 robd=2 robw=64   2.5978   1.0606    41.00    15.54  Strongly Sust.
  bpt=nn l1da=4 l1d=64 l1ia=4 l1i=32 l2a=8 l2=512 l3a=4 l3=1024 nnbl=64 nnlr=0.0005 robc=8 robd=2 robw=32   2.6225   1.0606    41.18    15.37  Strongly Sust.
  bpt=nn l1da=4 l1d=32 l1ia=4 l1i=64 l2a=4 l2=256 l3a=8 l3=1024 nnbl=16 nnlr=0.005 robc=10 robd=2 robw=16   2.9873   1.0000    34.73    14.09  Strongly Sust.
  bpt=nn l1da=4 l1d=64 l1ia=4 l1i=32 l2a=8 l2=128 l3a=4 l3=1024 nnbl=64 nnlr=0.0005 robc=8 robd=2 robw=32   3.0414   0.9746    33.46    13.95  Strongly Sust.
  bp=512 bpt=a53 l1da=4 l1d=16 l1ia=4 l1i=32 l2a=8 l2=128 l3a=4 l3=1024 nhist=3 robc=8 robd=2 robw=32   3.0671   0.9725    33.09    13.87  Strongly Sust.
  bp=512 bpt=a53 l1da=4 l1d=16 l1ia=4 l1i=32 l2a=8 l2=128 l3a=4 l3=1024 nhist=4 robc=10 robd=2 robw=32   3.0671   0.9724    33.09    13.87  Strongly Sust.
  bp=512 bpt=a53 l1da=4 l1d=16 l1ia=4 l1i=32 l2a=8 l2=128 l3a=4 l3=1024 nhist=2 robc=10 robd=2 robw=16   3.1106   0.9724    33.00    13.68  Strongly Sust.
  bpt=nn l1da=4 l1d=16 l1ia=4 l1i=32 l2a=8 l2=128 l3a=4 l3=1024 nnbl=64 nnlr=0.005 robc=10 robd=2 robw=16   3.1117   0.9703    33.00    13.68  Strongly Sust.
  bpt=nn l1da=4 l1d=16 l1ia=4 l1i=32 l2a=8 l2=128 l3a=4 l3=1024 nnbl=64 nnlr=0.005 robc=8 robd=2 robw=16   3.1123   0.9693    33.00    13.67  Strongly Sust.
  Ran sniper 1 time this iteration (89 total).

=== Iteration 84 ===
  Evaluating 1 configuration(s) (top acquisition score of 400 candidates)...
  [mesmo] bpt=nn l1da=8 l1d=64 l1ia=8 l1i=32 l2a=4 l2=512 l3a=16 l3=1024 nnbl=64 nnlr=0.005 robc=8 robd=4 robw=128  ASI= 1.6786  S=1.0587  A=  52.56  P= 22.15  [Strongly Sust.]
  Deleted 1 non-Pareto output directory.

  Pareto front after iteration 84 (13 points, HV=3.2682):
  Params                                  ASI  Speedup     Area  PeakPow  Region
  ──────────────────────────────────────────────────────────────────────────────
  bpt=pentium_m l1da=8 l1d=64 l1ia=8 l1i=16 l2a=4 l2=512 l3a=8 l3=4096 robc=10 robd=2 robw=1024   0.8626   1.0609    70.94    37.26  Unsustainable
  bpt=pentium_m l1da=8 l1d=64 l1ia=8 l1i=16 l2a=8 l2=512 l3a=16 l3=1024 robc=10 robd=2 robw=512   1.5034   1.0608    50.78    25.06  Strongly Sust.
  bpt=pentium_m l1da=4 l1d=64 l1ia=8 l1i=64 l2a=8 l2=512 l3a=16 l3=2048 robc=10 robd=4 robw=128   1.6488   1.0608    53.40    22.41  Strongly Sust.
  bpt=pentium_m l1da=4 l1d=64 l1ia=8 l1i=64 l2a=8 l2=512 l3a=16 l3=2048 robc=8 robd=4 robw=128   1.6488   1.0607    53.40    22.41  Strongly Sust.
  bpt=pentium_m l1da=4 l1d=64 l1ia=4 l1i=16 l2a=8 l2=512 l3a=8 l3=1024 robc=10 robd=2 robw=64   2.5978   1.0606    41.00    15.54  Strongly Sust.
  bpt=nn l1da=4 l1d=64 l1ia=4 l1i=32 l2a=8 l2=512 l3a=4 l3=1024 nnbl=64 nnlr=0.0005 robc=8 robd=2 robw=32   2.6225   1.0606    41.18    15.37  Strongly Sust.
  bpt=nn l1da=4 l1d=32 l1ia=4 l1i=64 l2a=4 l2=256 l3a=8 l3=1024 nnbl=16 nnlr=0.005 robc=10 robd=2 robw=16   2.9873   1.0000    34.73    14.09  Strongly Sust.
  bpt=nn l1da=4 l1d=64 l1ia=4 l1i=32 l2a=8 l2=128 l3a=4 l3=1024 nnbl=64 nnlr=0.0005 robc=8 robd=2 robw=32   3.0414   0.9746    33.46    13.95  Strongly Sust.
  bp=512 bpt=a53 l1da=4 l1d=16 l1ia=4 l1i=32 l2a=8 l2=128 l3a=4 l3=1024 nhist=3 robc=8 robd=2 robw=32   3.0671   0.9725    33.09    13.87  Strongly Sust.
  bp=512 bpt=a53 l1da=4 l1d=16 l1ia=4 l1i=32 l2a=8 l2=128 l3a=4 l3=1024 nhist=4 robc=10 robd=2 robw=32   3.0671   0.9724    33.09    13.87  Strongly Sust.
  bp=512 bpt=a53 l1da=4 l1d=16 l1ia=4 l1i=32 l2a=8 l2=128 l3a=4 l3=1024 nhist=2 robc=10 robd=2 robw=16   3.1106   0.9724    33.00    13.68  Strongly Sust.
  bpt=nn l1da=4 l1d=16 l1ia=4 l1i=32 l2a=8 l2=128 l3a=4 l3=1024 nnbl=64 nnlr=0.005 robc=10 robd=2 robw=16   3.1117   0.9703    33.00    13.68  Strongly Sust.
  bpt=nn l1da=4 l1d=16 l1ia=4 l1i=32 l2a=8 l2=128 l3a=4 l3=1024 nnbl=64 nnlr=0.005 robc=8 robd=2 robw=16   3.1123   0.9693    33.00    13.67  Strongly Sust.
  Ran sniper 1 time this iteration (90 total).

=== Iteration 85 ===
  Evaluating 1 configuration(s) (top acquisition score of 400 candidates)...
  [mesmo] bpt=pentium_m l1da=4 l1d=64 l1ia=8 l1i=16 l2a=8 l2=512 l3a=8 l3=2048 robc=2 robd=8 robw=32  ASI= 0.8519  S=1.0607  A=  59.24  P= 41.50  [Unsustainable]
  Deleted 1 non-Pareto output directory.

  Pareto front after iteration 85 (13 points, HV=3.2682):
  Params                                  ASI  Speedup     Area  PeakPow  Region
  ──────────────────────────────────────────────────────────────────────────────
  bpt=pentium_m l1da=8 l1d=64 l1ia=8 l1i=16 l2a=4 l2=512 l3a=8 l3=4096 robc=10 robd=2 robw=1024   0.8626   1.0609    70.94    37.26  Unsustainable
  bpt=pentium_m l1da=8 l1d=64 l1ia=8 l1i=16 l2a=8 l2=512 l3a=16 l3=1024 robc=10 robd=2 robw=512   1.5034   1.0608    50.78    25.06  Strongly Sust.
  bpt=pentium_m l1da=4 l1d=64 l1ia=8 l1i=64 l2a=8 l2=512 l3a=16 l3=2048 robc=10 robd=4 robw=128   1.6488   1.0608    53.40    22.41  Strongly Sust.
  bpt=pentium_m l1da=4 l1d=64 l1ia=8 l1i=64 l2a=8 l2=512 l3a=16 l3=2048 robc=8 robd=4 robw=128   1.6488   1.0607    53.40    22.41  Strongly Sust.
  bpt=pentium_m l1da=4 l1d=64 l1ia=4 l1i=16 l2a=8 l2=512 l3a=8 l3=1024 robc=10 robd=2 robw=64   2.5978   1.0606    41.00    15.54  Strongly Sust.
  bpt=nn l1da=4 l1d=64 l1ia=4 l1i=32 l2a=8 l2=512 l3a=4 l3=1024 nnbl=64 nnlr=0.0005 robc=8 robd=2 robw=32   2.6225   1.0606    41.18    15.37  Strongly Sust.
  bpt=nn l1da=4 l1d=32 l1ia=4 l1i=64 l2a=4 l2=256 l3a=8 l3=1024 nnbl=16 nnlr=0.005 robc=10 robd=2 robw=16   2.9873   1.0000    34.73    14.09  Strongly Sust.
  bpt=nn l1da=4 l1d=64 l1ia=4 l1i=32 l2a=8 l2=128 l3a=4 l3=1024 nnbl=64 nnlr=0.0005 robc=8 robd=2 robw=32   3.0414   0.9746    33.46    13.95  Strongly Sust.
  bp=512 bpt=a53 l1da=4 l1d=16 l1ia=4 l1i=32 l2a=8 l2=128 l3a=4 l3=1024 nhist=3 robc=8 robd=2 robw=32   3.0671   0.9725    33.09    13.87  Strongly Sust.
  bp=512 bpt=a53 l1da=4 l1d=16 l1ia=4 l1i=32 l2a=8 l2=128 l3a=4 l3=1024 nhist=4 robc=10 robd=2 robw=32   3.0671   0.9724    33.09    13.87  Strongly Sust.
  bp=512 bpt=a53 l1da=4 l1d=16 l1ia=4 l1i=32 l2a=8 l2=128 l3a=4 l3=1024 nhist=2 robc=10 robd=2 robw=16   3.1106   0.9724    33.00    13.68  Strongly Sust.
  bpt=nn l1da=4 l1d=16 l1ia=4 l1i=32 l2a=8 l2=128 l3a=4 l3=1024 nnbl=64 nnlr=0.005 robc=10 robd=2 robw=16   3.1117   0.9703    33.00    13.68  Strongly Sust.
  bpt=nn l1da=4 l1d=16 l1ia=4 l1i=32 l2a=8 l2=128 l3a=4 l3=1024 nnbl=64 nnlr=0.005 robc=8 robd=2 robw=16   3.1123   0.9693    33.00    13.67  Strongly Sust.
  Ran sniper 1 time this iteration (91 total).

=== Iteration 86 ===
  Evaluating 1 configuration(s) (top acquisition score of 400 candidates)...
  [mesmo] bpt=nn l1da=4 l1d=16 l1ia=4 l1i=32 l2a=8 l2=128 l3a=4 l3=1024 nnbl=16 nnlr=0.0005 robc=8 robd=2 robw=16  ASI= 3.1123  S=0.9692  A=  33.00  P= 13.67  [Strongly Sust.]

  Pareto front after iteration 86 (14 points, HV=3.2683):
  Params                                  ASI  Speedup     Area  PeakPow  Region
  ──────────────────────────────────────────────────────────────────────────────
  bpt=pentium_m l1da=8 l1d=64 l1ia=8 l1i=16 l2a=4 l2=512 l3a=8 l3=4096 robc=10 robd=2 robw=1024   0.8626   1.0609    70.94    37.26  Unsustainable
  bpt=pentium_m l1da=8 l1d=64 l1ia=8 l1i=16 l2a=8 l2=512 l3a=16 l3=1024 robc=10 robd=2 robw=512   1.5034   1.0608    50.78    25.06  Strongly Sust.
  bpt=pentium_m l1da=4 l1d=64 l1ia=8 l1i=64 l2a=8 l2=512 l3a=16 l3=2048 robc=10 robd=4 robw=128   1.6488   1.0608    53.40    22.41  Strongly Sust.
  bpt=pentium_m l1da=4 l1d=64 l1ia=8 l1i=64 l2a=8 l2=512 l3a=16 l3=2048 robc=8 robd=4 robw=128   1.6488   1.0607    53.40    22.41  Strongly Sust.
  bpt=pentium_m l1da=4 l1d=64 l1ia=4 l1i=16 l2a=8 l2=512 l3a=8 l3=1024 robc=10 robd=2 robw=64   2.5978   1.0606    41.00    15.54  Strongly Sust.
  bpt=nn l1da=4 l1d=64 l1ia=4 l1i=32 l2a=8 l2=512 l3a=4 l3=1024 nnbl=64 nnlr=0.0005 robc=8 robd=2 robw=32   2.6225   1.0606    41.18    15.37  Strongly Sust.
  bpt=nn l1da=4 l1d=32 l1ia=4 l1i=64 l2a=4 l2=256 l3a=8 l3=1024 nnbl=16 nnlr=0.005 robc=10 robd=2 robw=16   2.9873   1.0000    34.73    14.09  Strongly Sust.
  bpt=nn l1da=4 l1d=64 l1ia=4 l1i=32 l2a=8 l2=128 l3a=4 l3=1024 nnbl=64 nnlr=0.0005 robc=8 robd=2 robw=32   3.0414   0.9746    33.46    13.95  Strongly Sust.
  bp=512 bpt=a53 l1da=4 l1d=16 l1ia=4 l1i=32 l2a=8 l2=128 l3a=4 l3=1024 nhist=3 robc=8 robd=2 robw=32   3.0671   0.9725    33.09    13.87  Strongly Sust.
  bp=512 bpt=a53 l1da=4 l1d=16 l1ia=4 l1i=32 l2a=8 l2=128 l3a=4 l3=1024 nhist=4 robc=10 robd=2 robw=32   3.0671   0.9724    33.09    13.87  Strongly Sust.
  bp=512 bpt=a53 l1da=4 l1d=16 l1ia=4 l1i=32 l2a=8 l2=128 l3a=4 l3=1024 nhist=2 robc=10 robd=2 robw=16   3.1106   0.9724    33.00    13.68  Strongly Sust.
  bpt=nn l1da=4 l1d=16 l1ia=4 l1i=32 l2a=8 l2=128 l3a=4 l3=1024 nnbl=64 nnlr=0.005 robc=10 robd=2 robw=16   3.1117   0.9703    33.00    13.68  Strongly Sust.
  bpt=nn l1da=4 l1d=16 l1ia=4 l1i=32 l2a=8 l2=128 l3a=4 l3=1024 nnbl=64 nnlr=0.005 robc=8 robd=2 robw=16   3.1123   0.9693    33.00    13.67  Strongly Sust.
  bpt=nn l1da=4 l1d=16 l1ia=4 l1i=32 l2a=8 l2=128 l3a=4 l3=1024 nnbl=16 nnlr=0.0005 robc=8 robd=2 robw=16   3.1123   0.9692    33.00    13.67  Strongly Sust.
  Ran sniper 1 time this iteration (92 total).

=== Iteration 87 ===
  Evaluating 1 configuration(s) (top acquisition score of 400 candidates)...
  [mesmo] bpt=nn l1da=4 l1d=64 l1ia=4 l1i=32 l2a=8 l2=128 l3a=4 l3=1024 nnbl=16 nnlr=0.0005 robc=8 robd=2 robw=16  ASI= 3.0849  S=0.9734  A=  33.37  P= 13.76  [Strongly Sust.]
  Deleted 2 non-Pareto output directories.

  Pareto front after iteration 87 (13 points, HV=3.2683):
  Params                                  ASI  Speedup     Area  PeakPow  Region
  ──────────────────────────────────────────────────────────────────────────────
  bpt=pentium_m l1da=8 l1d=64 l1ia=8 l1i=16 l2a=4 l2=512 l3a=8 l3=4096 robc=10 robd=2 robw=1024   0.8626   1.0609    70.94    37.26  Unsustainable
  bpt=pentium_m l1da=8 l1d=64 l1ia=8 l1i=16 l2a=8 l2=512 l3a=16 l3=1024 robc=10 robd=2 robw=512   1.5034   1.0608    50.78    25.06  Strongly Sust.
  bpt=pentium_m l1da=4 l1d=64 l1ia=8 l1i=64 l2a=8 l2=512 l3a=16 l3=2048 robc=10 robd=4 robw=128   1.6488   1.0608    53.40    22.41  Strongly Sust.
  bpt=pentium_m l1da=4 l1d=64 l1ia=8 l1i=64 l2a=8 l2=512 l3a=16 l3=2048 robc=8 robd=4 robw=128   1.6488   1.0607    53.40    22.41  Strongly Sust.
  bpt=pentium_m l1da=4 l1d=64 l1ia=4 l1i=16 l2a=8 l2=512 l3a=8 l3=1024 robc=10 robd=2 robw=64   2.5978   1.0606    41.00    15.54  Strongly Sust.
  bpt=nn l1da=4 l1d=64 l1ia=4 l1i=32 l2a=8 l2=512 l3a=4 l3=1024 nnbl=64 nnlr=0.0005 robc=8 robd=2 robw=32   2.6225   1.0606    41.18    15.37  Strongly Sust.
  bpt=nn l1da=4 l1d=32 l1ia=4 l1i=64 l2a=4 l2=256 l3a=8 l3=1024 nnbl=16 nnlr=0.005 robc=10 robd=2 robw=16   2.9873   1.0000    34.73    14.09  Strongly Sust.
  bpt=nn l1da=4 l1d=64 l1ia=4 l1i=32 l2a=8 l2=128 l3a=4 l3=1024 nnbl=64 nnlr=0.0005 robc=8 robd=2 robw=32   3.0414   0.9746    33.46    13.95  Strongly Sust.
  bpt=nn l1da=4 l1d=64 l1ia=4 l1i=32 l2a=8 l2=128 l3a=4 l3=1024 nnbl=16 nnlr=0.0005 robc=8 robd=2 robw=16   3.0849   0.9734    33.37    13.76  Strongly Sust.
  bp=512 bpt=a53 l1da=4 l1d=16 l1ia=4 l1i=32 l2a=8 l2=128 l3a=4 l3=1024 nhist=2 robc=10 robd=2 robw=16   3.1106   0.9724    33.00    13.68  Strongly Sust.
  bpt=nn l1da=4 l1d=16 l1ia=4 l1i=32 l2a=8 l2=128 l3a=4 l3=1024 nnbl=64 nnlr=0.005 robc=10 robd=2 robw=16   3.1117   0.9703    33.00    13.68  Strongly Sust.
  bpt=nn l1da=4 l1d=16 l1ia=4 l1i=32 l2a=8 l2=128 l3a=4 l3=1024 nnbl=64 nnlr=0.005 robc=8 robd=2 robw=16   3.1123   0.9693    33.00    13.67  Strongly Sust.
  bpt=nn l1da=4 l1d=16 l1ia=4 l1i=32 l2a=8 l2=128 l3a=4 l3=1024 nnbl=16 nnlr=0.0005 robc=8 robd=2 robw=16   3.1123   0.9692    33.00    13.67  Strongly Sust.
  Ran sniper 1 time this iteration (93 total).

=== Iteration 88 ===
  Evaluating 1 configuration(s) (top acquisition score of 400 candidates)...
  [mesmo] bpt=nn l1da=4 l1d=64 l1ia=4 l1i=32 l2a=8 l2=128 l3a=4 l3=1024 nnbl=32 nnlr=0.005 robc=8 robd=2 robw=32  ASI= 3.0423  S=0.9729  A=  33.46  P= 13.95  [Strongly Sust.]
  Deleted 1 non-Pareto output directory.

  Pareto front after iteration 88 (13 points, HV=3.2683):
  Params                                  ASI  Speedup     Area  PeakPow  Region
  ──────────────────────────────────────────────────────────────────────────────
  bpt=pentium_m l1da=8 l1d=64 l1ia=8 l1i=16 l2a=4 l2=512 l3a=8 l3=4096 robc=10 robd=2 robw=1024   0.8626   1.0609    70.94    37.26  Unsustainable
  bpt=pentium_m l1da=8 l1d=64 l1ia=8 l1i=16 l2a=8 l2=512 l3a=16 l3=1024 robc=10 robd=2 robw=512   1.5034   1.0608    50.78    25.06  Strongly Sust.
  bpt=pentium_m l1da=4 l1d=64 l1ia=8 l1i=64 l2a=8 l2=512 l3a=16 l3=2048 robc=10 robd=4 robw=128   1.6488   1.0608    53.40    22.41  Strongly Sust.
  bpt=pentium_m l1da=4 l1d=64 l1ia=8 l1i=64 l2a=8 l2=512 l3a=16 l3=2048 robc=8 robd=4 robw=128   1.6488   1.0607    53.40    22.41  Strongly Sust.
  bpt=pentium_m l1da=4 l1d=64 l1ia=4 l1i=16 l2a=8 l2=512 l3a=8 l3=1024 robc=10 robd=2 robw=64   2.5978   1.0606    41.00    15.54  Strongly Sust.
  bpt=nn l1da=4 l1d=64 l1ia=4 l1i=32 l2a=8 l2=512 l3a=4 l3=1024 nnbl=64 nnlr=0.0005 robc=8 robd=2 robw=32   2.6225   1.0606    41.18    15.37  Strongly Sust.
  bpt=nn l1da=4 l1d=32 l1ia=4 l1i=64 l2a=4 l2=256 l3a=8 l3=1024 nnbl=16 nnlr=0.005 robc=10 robd=2 robw=16   2.9873   1.0000    34.73    14.09  Strongly Sust.
  bpt=nn l1da=4 l1d=64 l1ia=4 l1i=32 l2a=8 l2=128 l3a=4 l3=1024 nnbl=64 nnlr=0.0005 robc=8 robd=2 robw=32   3.0414   0.9746    33.46    13.95  Strongly Sust.
  bpt=nn l1da=4 l1d=64 l1ia=4 l1i=32 l2a=8 l2=128 l3a=4 l3=1024 nnbl=16 nnlr=0.0005 robc=8 robd=2 robw=16   3.0849   0.9734    33.37    13.76  Strongly Sust.
  bp=512 bpt=a53 l1da=4 l1d=16 l1ia=4 l1i=32 l2a=8 l2=128 l3a=4 l3=1024 nhist=2 robc=10 robd=2 robw=16   3.1106   0.9724    33.00    13.68  Strongly Sust.
  bpt=nn l1da=4 l1d=16 l1ia=4 l1i=32 l2a=8 l2=128 l3a=4 l3=1024 nnbl=64 nnlr=0.005 robc=10 robd=2 robw=16   3.1117   0.9703    33.00    13.68  Strongly Sust.
  bpt=nn l1da=4 l1d=16 l1ia=4 l1i=32 l2a=8 l2=128 l3a=4 l3=1024 nnbl=64 nnlr=0.005 robc=8 robd=2 robw=16   3.1123   0.9693    33.00    13.67  Strongly Sust.
  bpt=nn l1da=4 l1d=16 l1ia=4 l1i=32 l2a=8 l2=128 l3a=4 l3=1024 nnbl=16 nnlr=0.0005 robc=8 robd=2 robw=16   3.1123   0.9692    33.00    13.67  Strongly Sust.
  Ran sniper 1 time this iteration (94 total).

=== Iteration 89 ===
  Evaluating 1 configuration(s) (top acquisition score of 400 candidates)...
  [mesmo] bpt=nn l1da=4 l1d=32 l1ia=4 l1i=64 l2a=4 l2=256 l3a=4 l3=1024 nnbl=16 nnlr=0.005 robc=10 robd=2 robw=16  ASI= 2.9892  S=1.0000  A=  34.74  P= 14.08  [Strongly Sust.]
  Deleted 1 non-Pareto output directory.

  Pareto front after iteration 89 (13 points, HV=3.2683):
  Params                                  ASI  Speedup     Area  PeakPow  Region
  ──────────────────────────────────────────────────────────────────────────────
  bpt=pentium_m l1da=8 l1d=64 l1ia=8 l1i=16 l2a=4 l2=512 l3a=8 l3=4096 robc=10 robd=2 robw=1024   0.8626   1.0609    70.94    37.26  Unsustainable
  bpt=pentium_m l1da=8 l1d=64 l1ia=8 l1i=16 l2a=8 l2=512 l3a=16 l3=1024 robc=10 robd=2 robw=512   1.5034   1.0608    50.78    25.06  Strongly Sust.
  bpt=pentium_m l1da=4 l1d=64 l1ia=8 l1i=64 l2a=8 l2=512 l3a=16 l3=2048 robc=10 robd=4 robw=128   1.6488   1.0608    53.40    22.41  Strongly Sust.
  bpt=pentium_m l1da=4 l1d=64 l1ia=8 l1i=64 l2a=8 l2=512 l3a=16 l3=2048 robc=8 robd=4 robw=128   1.6488   1.0607    53.40    22.41  Strongly Sust.
  bpt=pentium_m l1da=4 l1d=64 l1ia=4 l1i=16 l2a=8 l2=512 l3a=8 l3=1024 robc=10 robd=2 robw=64   2.5978   1.0606    41.00    15.54  Strongly Sust.
  bpt=nn l1da=4 l1d=64 l1ia=4 l1i=32 l2a=8 l2=512 l3a=4 l3=1024 nnbl=64 nnlr=0.0005 robc=8 robd=2 robw=32   2.6225   1.0606    41.18    15.37  Strongly Sust.
  bpt=nn l1da=4 l1d=32 l1ia=4 l1i=64 l2a=4 l2=256 l3a=4 l3=1024 nnbl=16 nnlr=0.005 robc=10 robd=2 robw=16   2.9892   1.0000    34.74    14.08  Strongly Sust.
  bpt=nn l1da=4 l1d=64 l1ia=4 l1i=32 l2a=8 l2=128 l3a=4 l3=1024 nnbl=64 nnlr=0.0005 robc=8 robd=2 robw=32   3.0414   0.9746    33.46    13.95  Strongly Sust.
  bpt=nn l1da=4 l1d=64 l1ia=4 l1i=32 l2a=8 l2=128 l3a=4 l3=1024 nnbl=16 nnlr=0.0005 robc=8 robd=2 robw=16   3.0849   0.9734    33.37    13.76  Strongly Sust.
  bp=512 bpt=a53 l1da=4 l1d=16 l1ia=4 l1i=32 l2a=8 l2=128 l3a=4 l3=1024 nhist=2 robc=10 robd=2 robw=16   3.1106   0.9724    33.00    13.68  Strongly Sust.
  bpt=nn l1da=4 l1d=16 l1ia=4 l1i=32 l2a=8 l2=128 l3a=4 l3=1024 nnbl=64 nnlr=0.005 robc=10 robd=2 robw=16   3.1117   0.9703    33.00    13.68  Strongly Sust.
  bpt=nn l1da=4 l1d=16 l1ia=4 l1i=32 l2a=8 l2=128 l3a=4 l3=1024 nnbl=64 nnlr=0.005 robc=8 robd=2 robw=16   3.1123   0.9693    33.00    13.67  Strongly Sust.
  bpt=nn l1da=4 l1d=16 l1ia=4 l1i=32 l2a=8 l2=128 l3a=4 l3=1024 nnbl=16 nnlr=0.0005 robc=8 robd=2 robw=16   3.1123   0.9692    33.00    13.67  Strongly Sust.
  Ran sniper 1 time this iteration (95 total).

=== Iteration 90 ===
  Evaluating 1 configuration(s) (top acquisition score of 400 candidates)...
  [mesmo] bpt=nn l1da=4 l1d=32 l1ia=4 l1i=64 l2a=4 l2=256 l3a=4 l3=1024 nnbl=16 nnlr=0.005 robc=2 robd=2 robw=16  ASI= 2.9891  S=1.0002  A=  34.74  P= 14.08  [Strongly Sust.]

  Pareto front after iteration 90 (14 points, HV=3.2684):
  Params                                  ASI  Speedup     Area  PeakPow  Region
  ──────────────────────────────────────────────────────────────────────────────
  bpt=pentium_m l1da=8 l1d=64 l1ia=8 l1i=16 l2a=4 l2=512 l3a=8 l3=4096 robc=10 robd=2 robw=1024   0.8626   1.0609    70.94    37.26  Unsustainable
  bpt=pentium_m l1da=8 l1d=64 l1ia=8 l1i=16 l2a=8 l2=512 l3a=16 l3=1024 robc=10 robd=2 robw=512   1.5034   1.0608    50.78    25.06  Strongly Sust.
  bpt=pentium_m l1da=4 l1d=64 l1ia=8 l1i=64 l2a=8 l2=512 l3a=16 l3=2048 robc=10 robd=4 robw=128   1.6488   1.0608    53.40    22.41  Strongly Sust.
  bpt=pentium_m l1da=4 l1d=64 l1ia=8 l1i=64 l2a=8 l2=512 l3a=16 l3=2048 robc=8 robd=4 robw=128   1.6488   1.0607    53.40    22.41  Strongly Sust.
  bpt=pentium_m l1da=4 l1d=64 l1ia=4 l1i=16 l2a=8 l2=512 l3a=8 l3=1024 robc=10 robd=2 robw=64   2.5978   1.0606    41.00    15.54  Strongly Sust.
  bpt=nn l1da=4 l1d=64 l1ia=4 l1i=32 l2a=8 l2=512 l3a=4 l3=1024 nnbl=64 nnlr=0.0005 robc=8 robd=2 robw=32   2.6225   1.0606    41.18    15.37  Strongly Sust.
  bpt=nn l1da=4 l1d=32 l1ia=4 l1i=64 l2a=4 l2=256 l3a=4 l3=1024 nnbl=16 nnlr=0.005 robc=2 robd=2 robw=16   2.9891   1.0002    34.74    14.08  Strongly Sust.
  bpt=nn l1da=4 l1d=32 l1ia=4 l1i=64 l2a=4 l2=256 l3a=4 l3=1024 nnbl=16 nnlr=0.005 robc=10 robd=2 robw=16   2.9892   1.0000    34.74    14.08  Strongly Sust.
  bpt=nn l1da=4 l1d=64 l1ia=4 l1i=32 l2a=8 l2=128 l3a=4 l3=1024 nnbl=64 nnlr=0.0005 robc=8 robd=2 robw=32   3.0414   0.9746    33.46    13.95  Strongly Sust.
  bpt=nn l1da=4 l1d=64 l1ia=4 l1i=32 l2a=8 l2=128 l3a=4 l3=1024 nnbl=16 nnlr=0.0005 robc=8 robd=2 robw=16   3.0849   0.9734    33.37    13.76  Strongly Sust.
  bp=512 bpt=a53 l1da=4 l1d=16 l1ia=4 l1i=32 l2a=8 l2=128 l3a=4 l3=1024 nhist=2 robc=10 robd=2 robw=16   3.1106   0.9724    33.00    13.68  Strongly Sust.
  bpt=nn l1da=4 l1d=16 l1ia=4 l1i=32 l2a=8 l2=128 l3a=4 l3=1024 nnbl=64 nnlr=0.005 robc=10 robd=2 robw=16   3.1117   0.9703    33.00    13.68  Strongly Sust.
  bpt=nn l1da=4 l1d=16 l1ia=4 l1i=32 l2a=8 l2=128 l3a=4 l3=1024 nnbl=64 nnlr=0.005 robc=8 robd=2 robw=16   3.1123   0.9693    33.00    13.67  Strongly Sust.
  bpt=nn l1da=4 l1d=16 l1ia=4 l1i=32 l2a=8 l2=128 l3a=4 l3=1024 nnbl=16 nnlr=0.0005 robc=8 robd=2 robw=16   3.1123   0.9692    33.00    13.67  Strongly Sust.
  Ran sniper 1 time this iteration (96 total).

=== Iteration 91 ===
  Evaluating 1 configuration(s) (top acquisition score of 400 candidates)...
  [mesmo] bpt=pentium_m l1da=8 l1d=64 l1ia=4 l1i=32 l2a=8 l2=512 l3a=16 l3=8192 robc=10 robd=10 robw=64  ASI= 0.3098  S=1.0607  A= 115.40  P= 64.36  [Unsustainable]
  Deleted 1 non-Pareto output directory.

  Pareto front after iteration 91 (14 points, HV=3.2684):
  Params                                  ASI  Speedup     Area  PeakPow  Region
  ──────────────────────────────────────────────────────────────────────────────
  bpt=pentium_m l1da=8 l1d=64 l1ia=8 l1i=16 l2a=4 l2=512 l3a=8 l3=4096 robc=10 robd=2 robw=1024   0.8626   1.0609    70.94    37.26  Unsustainable
  bpt=pentium_m l1da=8 l1d=64 l1ia=8 l1i=16 l2a=8 l2=512 l3a=16 l3=1024 robc=10 robd=2 robw=512   1.5034   1.0608    50.78    25.06  Strongly Sust.
  bpt=pentium_m l1da=4 l1d=64 l1ia=8 l1i=64 l2a=8 l2=512 l3a=16 l3=2048 robc=10 robd=4 robw=128   1.6488   1.0608    53.40    22.41  Strongly Sust.
  bpt=pentium_m l1da=4 l1d=64 l1ia=8 l1i=64 l2a=8 l2=512 l3a=16 l3=2048 robc=8 robd=4 robw=128   1.6488   1.0607    53.40    22.41  Strongly Sust.
  bpt=pentium_m l1da=4 l1d=64 l1ia=4 l1i=16 l2a=8 l2=512 l3a=8 l3=1024 robc=10 robd=2 robw=64   2.5978   1.0606    41.00    15.54  Strongly Sust.
  bpt=nn l1da=4 l1d=64 l1ia=4 l1i=32 l2a=8 l2=512 l3a=4 l3=1024 nnbl=64 nnlr=0.0005 robc=8 robd=2 robw=32   2.6225   1.0606    41.18    15.37  Strongly Sust.
  bpt=nn l1da=4 l1d=32 l1ia=4 l1i=64 l2a=4 l2=256 l3a=4 l3=1024 nnbl=16 nnlr=0.005 robc=2 robd=2 robw=16   2.9891   1.0002    34.74    14.08  Strongly Sust.
  bpt=nn l1da=4 l1d=32 l1ia=4 l1i=64 l2a=4 l2=256 l3a=4 l3=1024 nnbl=16 nnlr=0.005 robc=10 robd=2 robw=16   2.9892   1.0000    34.74    14.08  Strongly Sust.
  bpt=nn l1da=4 l1d=64 l1ia=4 l1i=32 l2a=8 l2=128 l3a=4 l3=1024 nnbl=64 nnlr=0.0005 robc=8 robd=2 robw=32   3.0414   0.9746    33.46    13.95  Strongly Sust.
  bpt=nn l1da=4 l1d=64 l1ia=4 l1i=32 l2a=8 l2=128 l3a=4 l3=1024 nnbl=16 nnlr=0.0005 robc=8 robd=2 robw=16   3.0849   0.9734    33.37    13.76  Strongly Sust.
  bp=512 bpt=a53 l1da=4 l1d=16 l1ia=4 l1i=32 l2a=8 l2=128 l3a=4 l3=1024 nhist=2 robc=10 robd=2 robw=16   3.1106   0.9724    33.00    13.68  Strongly Sust.
  bpt=nn l1da=4 l1d=16 l1ia=4 l1i=32 l2a=8 l2=128 l3a=4 l3=1024 nnbl=64 nnlr=0.005 robc=10 robd=2 robw=16   3.1117   0.9703    33.00    13.68  Strongly Sust.
  bpt=nn l1da=4 l1d=16 l1ia=4 l1i=32 l2a=8 l2=128 l3a=4 l3=1024 nnbl=64 nnlr=0.005 robc=8 robd=2 robw=16   3.1123   0.9693    33.00    13.67  Strongly Sust.
  bpt=nn l1da=4 l1d=16 l1ia=4 l1i=32 l2a=8 l2=128 l3a=4 l3=1024 nnbl=16 nnlr=0.0005 robc=8 robd=2 robw=16   3.1123   0.9692    33.00    13.67  Strongly Sust.
  Ran sniper 1 time this iteration (97 total).

=== Iteration 92 ===
  Evaluating 1 configuration(s) (top acquisition score of 400 candidates)...
  [mesmo] bpt=nn l1da=4 l1d=16 l1ia=4 l1i=32 l2a=8 l2=128 l3a=16 l3=1024 nnbl=64 nnlr=0.005 robc=8 robd=2 robw=16  ASI= 3.0566  S=0.9700  A=  35.08  P= 13.74  [Strongly Sust.]
  Deleted 1 non-Pareto output directory.

  Pareto front after iteration 92 (14 points, HV=3.2684):
  Params                                  ASI  Speedup     Area  PeakPow  Region
  ──────────────────────────────────────────────────────────────────────────────
  bpt=pentium_m l1da=8 l1d=64 l1ia=8 l1i=16 l2a=4 l2=512 l3a=8 l3=4096 robc=10 robd=2 robw=1024   0.8626   1.0609    70.94    37.26  Unsustainable
  bpt=pentium_m l1da=8 l1d=64 l1ia=8 l1i=16 l2a=8 l2=512 l3a=16 l3=1024 robc=10 robd=2 robw=512   1.5034   1.0608    50.78    25.06  Strongly Sust.
  bpt=pentium_m l1da=4 l1d=64 l1ia=8 l1i=64 l2a=8 l2=512 l3a=16 l3=2048 robc=10 robd=4 robw=128   1.6488   1.0608    53.40    22.41  Strongly Sust.
  bpt=pentium_m l1da=4 l1d=64 l1ia=8 l1i=64 l2a=8 l2=512 l3a=16 l3=2048 robc=8 robd=4 robw=128   1.6488   1.0607    53.40    22.41  Strongly Sust.
  bpt=pentium_m l1da=4 l1d=64 l1ia=4 l1i=16 l2a=8 l2=512 l3a=8 l3=1024 robc=10 robd=2 robw=64   2.5978   1.0606    41.00    15.54  Strongly Sust.
  bpt=nn l1da=4 l1d=64 l1ia=4 l1i=32 l2a=8 l2=512 l3a=4 l3=1024 nnbl=64 nnlr=0.0005 robc=8 robd=2 robw=32   2.6225   1.0606    41.18    15.37  Strongly Sust.
  bpt=nn l1da=4 l1d=32 l1ia=4 l1i=64 l2a=4 l2=256 l3a=4 l3=1024 nnbl=16 nnlr=0.005 robc=2 robd=2 robw=16   2.9891   1.0002    34.74    14.08  Strongly Sust.
  bpt=nn l1da=4 l1d=32 l1ia=4 l1i=64 l2a=4 l2=256 l3a=4 l3=1024 nnbl=16 nnlr=0.005 robc=10 robd=2 robw=16   2.9892   1.0000    34.74    14.08  Strongly Sust.
  bpt=nn l1da=4 l1d=64 l1ia=4 l1i=32 l2a=8 l2=128 l3a=4 l3=1024 nnbl=64 nnlr=0.0005 robc=8 robd=2 robw=32   3.0414   0.9746    33.46    13.95  Strongly Sust.
  bpt=nn l1da=4 l1d=64 l1ia=4 l1i=32 l2a=8 l2=128 l3a=4 l3=1024 nnbl=16 nnlr=0.0005 robc=8 robd=2 robw=16   3.0849   0.9734    33.37    13.76  Strongly Sust.
  bp=512 bpt=a53 l1da=4 l1d=16 l1ia=4 l1i=32 l2a=8 l2=128 l3a=4 l3=1024 nhist=2 robc=10 robd=2 robw=16   3.1106   0.9724    33.00    13.68  Strongly Sust.
  bpt=nn l1da=4 l1d=16 l1ia=4 l1i=32 l2a=8 l2=128 l3a=4 l3=1024 nnbl=64 nnlr=0.005 robc=10 robd=2 robw=16   3.1117   0.9703    33.00    13.68  Strongly Sust.
  bpt=nn l1da=4 l1d=16 l1ia=4 l1i=32 l2a=8 l2=128 l3a=4 l3=1024 nnbl=64 nnlr=0.005 robc=8 robd=2 robw=16   3.1123   0.9693    33.00    13.67  Strongly Sust.
  bpt=nn l1da=4 l1d=16 l1ia=4 l1i=32 l2a=8 l2=128 l3a=4 l3=1024 nnbl=16 nnlr=0.0005 robc=8 robd=2 robw=16   3.1123   0.9692    33.00    13.67  Strongly Sust.
  Ran sniper 1 time this iteration (98 total).

=== Iteration 93 ===
  Evaluating 1 configuration(s) (top acquisition score of 400 candidates)...
  [mesmo] bp=512 bpt=a53 l1da=4 l1d=16 l1ia=4 l1i=32 l2a=8 l2=128 l3a=4 l3=1024 nhist=2 robc=10 robd=2 robw=64  ASI= 3.0269  S=0.9724  A=  33.15  P= 14.05  [Strongly Sust.]
  Deleted 1 non-Pareto output directory.

  Pareto front after iteration 93 (14 points, HV=3.2684):
  Params                                  ASI  Speedup     Area  PeakPow  Region
  ──────────────────────────────────────────────────────────────────────────────
  bpt=pentium_m l1da=8 l1d=64 l1ia=8 l1i=16 l2a=4 l2=512 l3a=8 l3=4096 robc=10 robd=2 robw=1024   0.8626   1.0609    70.94    37.26  Unsustainable
  bpt=pentium_m l1da=8 l1d=64 l1ia=8 l1i=16 l2a=8 l2=512 l3a=16 l3=1024 robc=10 robd=2 robw=512   1.5034   1.0608    50.78    25.06  Strongly Sust.
  bpt=pentium_m l1da=4 l1d=64 l1ia=8 l1i=64 l2a=8 l2=512 l3a=16 l3=2048 robc=10 robd=4 robw=128   1.6488   1.0608    53.40    22.41  Strongly Sust.
  bpt=pentium_m l1da=4 l1d=64 l1ia=8 l1i=64 l2a=8 l2=512 l3a=16 l3=2048 robc=8 robd=4 robw=128   1.6488   1.0607    53.40    22.41  Strongly Sust.
  bpt=pentium_m l1da=4 l1d=64 l1ia=4 l1i=16 l2a=8 l2=512 l3a=8 l3=1024 robc=10 robd=2 robw=64   2.5978   1.0606    41.00    15.54  Strongly Sust.
  bpt=nn l1da=4 l1d=64 l1ia=4 l1i=32 l2a=8 l2=512 l3a=4 l3=1024 nnbl=64 nnlr=0.0005 robc=8 robd=2 robw=32   2.6225   1.0606    41.18    15.37  Strongly Sust.
  bpt=nn l1da=4 l1d=32 l1ia=4 l1i=64 l2a=4 l2=256 l3a=4 l3=1024 nnbl=16 nnlr=0.005 robc=2 robd=2 robw=16   2.9891   1.0002    34.74    14.08  Strongly Sust.
  bpt=nn l1da=4 l1d=32 l1ia=4 l1i=64 l2a=4 l2=256 l3a=4 l3=1024 nnbl=16 nnlr=0.005 robc=10 robd=2 robw=16   2.9892   1.0000    34.74    14.08  Strongly Sust.
  bpt=nn l1da=4 l1d=64 l1ia=4 l1i=32 l2a=8 l2=128 l3a=4 l3=1024 nnbl=64 nnlr=0.0005 robc=8 robd=2 robw=32   3.0414   0.9746    33.46    13.95  Strongly Sust.
  bpt=nn l1da=4 l1d=64 l1ia=4 l1i=32 l2a=8 l2=128 l3a=4 l3=1024 nnbl=16 nnlr=0.0005 robc=8 robd=2 robw=16   3.0849   0.9734    33.37    13.76  Strongly Sust.
  bp=512 bpt=a53 l1da=4 l1d=16 l1ia=4 l1i=32 l2a=8 l2=128 l3a=4 l3=1024 nhist=2 robc=10 robd=2 robw=16   3.1106   0.9724    33.00    13.68  Strongly Sust.
  bpt=nn l1da=4 l1d=16 l1ia=4 l1i=32 l2a=8 l2=128 l3a=4 l3=1024 nnbl=64 nnlr=0.005 robc=10 robd=2 robw=16   3.1117   0.9703    33.00    13.68  Strongly Sust.
  bpt=nn l1da=4 l1d=16 l1ia=4 l1i=32 l2a=8 l2=128 l3a=4 l3=1024 nnbl=64 nnlr=0.005 robc=8 robd=2 robw=16   3.1123   0.9693    33.00    13.67  Strongly Sust.
  bpt=nn l1da=4 l1d=16 l1ia=4 l1i=32 l2a=8 l2=128 l3a=4 l3=1024 nnbl=16 nnlr=0.0005 robc=8 robd=2 robw=16   3.1123   0.9692    33.00    13.67  Strongly Sust.
  Ran sniper 1 time this iteration (99 total).

=== Iteration 94 ===
  Evaluating 1 configuration(s) (top acquisition score of 400 candidates)...
  [mesmo] bpt=pentium_m l1da=8 l1d=32 l1ia=4 l1i=16 l2a=8 l2=512 l3a=8 l3=8192 robc=8 robd=8 robw=32  ASI= 0.4768  S=1.0590  A= 108.25  P= 45.94  [Unsustainable]
  Deleted 1 non-Pareto output directory.

  Pareto front after iteration 94 (14 points, HV=3.2684):
  Params                                  ASI  Speedup     Area  PeakPow  Region
  ──────────────────────────────────────────────────────────────────────────────
  bpt=pentium_m l1da=8 l1d=64 l1ia=8 l1i=16 l2a=4 l2=512 l3a=8 l3=4096 robc=10 robd=2 robw=1024   0.8626   1.0609    70.94    37.26  Unsustainable
  bpt=pentium_m l1da=8 l1d=64 l1ia=8 l1i=16 l2a=8 l2=512 l3a=16 l3=1024 robc=10 robd=2 robw=512   1.5034   1.0608    50.78    25.06  Strongly Sust.
  bpt=pentium_m l1da=4 l1d=64 l1ia=8 l1i=64 l2a=8 l2=512 l3a=16 l3=2048 robc=10 robd=4 robw=128   1.6488   1.0608    53.40    22.41  Strongly Sust.
  bpt=pentium_m l1da=4 l1d=64 l1ia=8 l1i=64 l2a=8 l2=512 l3a=16 l3=2048 robc=8 robd=4 robw=128   1.6488   1.0607    53.40    22.41  Strongly Sust.
  bpt=pentium_m l1da=4 l1d=64 l1ia=4 l1i=16 l2a=8 l2=512 l3a=8 l3=1024 robc=10 robd=2 robw=64   2.5978   1.0606    41.00    15.54  Strongly Sust.
  bpt=nn l1da=4 l1d=64 l1ia=4 l1i=32 l2a=8 l2=512 l3a=4 l3=1024 nnbl=64 nnlr=0.0005 robc=8 robd=2 robw=32   2.6225   1.0606    41.18    15.37  Strongly Sust.
  bpt=nn l1da=4 l1d=32 l1ia=4 l1i=64 l2a=4 l2=256 l3a=4 l3=1024 nnbl=16 nnlr=0.005 robc=2 robd=2 robw=16   2.9891   1.0002    34.74    14.08  Strongly Sust.
  bpt=nn l1da=4 l1d=32 l1ia=4 l1i=64 l2a=4 l2=256 l3a=4 l3=1024 nnbl=16 nnlr=0.005 robc=10 robd=2 robw=16   2.9892   1.0000    34.74    14.08  Strongly Sust.
  bpt=nn l1da=4 l1d=64 l1ia=4 l1i=32 l2a=8 l2=128 l3a=4 l3=1024 nnbl=64 nnlr=0.0005 robc=8 robd=2 robw=32   3.0414   0.9746    33.46    13.95  Strongly Sust.
  bpt=nn l1da=4 l1d=64 l1ia=4 l1i=32 l2a=8 l2=128 l3a=4 l3=1024 nnbl=16 nnlr=0.0005 robc=8 robd=2 robw=16   3.0849   0.9734    33.37    13.76  Strongly Sust.
  bp=512 bpt=a53 l1da=4 l1d=16 l1ia=4 l1i=32 l2a=8 l2=128 l3a=4 l3=1024 nhist=2 robc=10 robd=2 robw=16   3.1106   0.9724    33.00    13.68  Strongly Sust.
  bpt=nn l1da=4 l1d=16 l1ia=4 l1i=32 l2a=8 l2=128 l3a=4 l3=1024 nnbl=64 nnlr=0.005 robc=10 robd=2 robw=16   3.1117   0.9703    33.00    13.68  Strongly Sust.
  bpt=nn l1da=4 l1d=16 l1ia=4 l1i=32 l2a=8 l2=128 l3a=4 l3=1024 nnbl=64 nnlr=0.005 robc=8 robd=2 robw=16   3.1123   0.9693    33.00    13.67  Strongly Sust.
  bpt=nn l1da=4 l1d=16 l1ia=4 l1i=32 l2a=8 l2=128 l3a=4 l3=1024 nnbl=16 nnlr=0.0005 robc=8 robd=2 robw=16   3.1123   0.9692    33.00    13.67  Strongly Sust.
  Ran sniper 1 time this iteration (100 total).

=== Iteration 95 ===
  Evaluating 1 configuration(s) (top acquisition score of 400 candidates)...
  [mesmo] bpt=pentium_m l1da=4 l1d=64 l1ia=4 l1i=16 l2a=8 l2=512 l3a=16 l3=1024 robc=2 robd=2 robw=1024  ASI= 1.1369  S=1.0609  A=  47.72  P= 33.88  [Strongly Sust.]

  Pareto front after iteration 95 (15 points, HV=3.2684):
  Params                                  ASI  Speedup     Area  PeakPow  Region
  ──────────────────────────────────────────────────────────────────────────────
  bpt=pentium_m l1da=8 l1d=64 l1ia=8 l1i=16 l2a=4 l2=512 l3a=8 l3=4096 robc=10 robd=2 robw=1024   0.8626   1.0609    70.94    37.26  Unsustainable
  bpt=pentium_m l1da=4 l1d=64 l1ia=4 l1i=16 l2a=8 l2=512 l3a=16 l3=1024 robc=2 robd=2 robw=1024   1.1369   1.0609    47.72    33.88  Strongly Sust.
  bpt=pentium_m l1da=8 l1d=64 l1ia=8 l1i=16 l2a=8 l2=512 l3a=16 l3=1024 robc=10 robd=2 robw=512   1.5034   1.0608    50.78    25.06  Strongly Sust.
  bpt=pentium_m l1da=4 l1d=64 l1ia=8 l1i=64 l2a=8 l2=512 l3a=16 l3=2048 robc=10 robd=4 robw=128   1.6488   1.0608    53.40    22.41  Strongly Sust.
  bpt=pentium_m l1da=4 l1d=64 l1ia=8 l1i=64 l2a=8 l2=512 l3a=16 l3=2048 robc=8 robd=4 robw=128   1.6488   1.0607    53.40    22.41  Strongly Sust.
  bpt=pentium_m l1da=4 l1d=64 l1ia=4 l1i=16 l2a=8 l2=512 l3a=8 l3=1024 robc=10 robd=2 robw=64   2.5978   1.0606    41.00    15.54  Strongly Sust.
  bpt=nn l1da=4 l1d=64 l1ia=4 l1i=32 l2a=8 l2=512 l3a=4 l3=1024 nnbl=64 nnlr=0.0005 robc=8 robd=2 robw=32   2.6225   1.0606    41.18    15.37  Strongly Sust.
  bpt=nn l1da=4 l1d=32 l1ia=4 l1i=64 l2a=4 l2=256 l3a=4 l3=1024 nnbl=16 nnlr=0.005 robc=2 robd=2 robw=16   2.9891   1.0002    34.74    14.08  Strongly Sust.
  bpt=nn l1da=4 l1d=32 l1ia=4 l1i=64 l2a=4 l2=256 l3a=4 l3=1024 nnbl=16 nnlr=0.005 robc=10 robd=2 robw=16   2.9892   1.0000    34.74    14.08  Strongly Sust.
  bpt=nn l1da=4 l1d=64 l1ia=4 l1i=32 l2a=8 l2=128 l3a=4 l3=1024 nnbl=64 nnlr=0.0005 robc=8 robd=2 robw=32   3.0414   0.9746    33.46    13.95  Strongly Sust.
  bpt=nn l1da=4 l1d=64 l1ia=4 l1i=32 l2a=8 l2=128 l3a=4 l3=1024 nnbl=16 nnlr=0.0005 robc=8 robd=2 robw=16   3.0849   0.9734    33.37    13.76  Strongly Sust.
  bp=512 bpt=a53 l1da=4 l1d=16 l1ia=4 l1i=32 l2a=8 l2=128 l3a=4 l3=1024 nhist=2 robc=10 robd=2 robw=16   3.1106   0.9724    33.00    13.68  Strongly Sust.
  bpt=nn l1da=4 l1d=16 l1ia=4 l1i=32 l2a=8 l2=128 l3a=4 l3=1024 nnbl=64 nnlr=0.005 robc=10 robd=2 robw=16   3.1117   0.9703    33.00    13.68  Strongly Sust.
  bpt=nn l1da=4 l1d=16 l1ia=4 l1i=32 l2a=8 l2=128 l3a=4 l3=1024 nnbl=64 nnlr=0.005 robc=8 robd=2 robw=16   3.1123   0.9693    33.00    13.67  Strongly Sust.
  bpt=nn l1da=4 l1d=16 l1ia=4 l1i=32 l2a=8 l2=128 l3a=4 l3=1024 nnbl=16 nnlr=0.0005 robc=8 robd=2 robw=16   3.1123   0.9692    33.00    13.67  Strongly Sust.
  Ran sniper 1 time this iteration (101 total).

=== Iteration 96 ===
  Evaluating 1 configuration(s) (top acquisition score of 400 candidates)...
  [mesmo] bpt=nn l1da=8 l1d=64 l1ia=8 l1i=32 l2a=4 l2=128 l3a=4 l3=2048 nnbl=64 nnlr=0.001 robc=10 robd=2 robw=256  ASI= 2.4013  S=0.9341  A=  46.78  P= 16.15  [Strongly Sust.]
  Deleted 1 non-Pareto output directory.

  Pareto front after iteration 96 (15 points, HV=3.2684):
  Params                                  ASI  Speedup     Area  PeakPow  Region
  ──────────────────────────────────────────────────────────────────────────────
  bpt=pentium_m l1da=8 l1d=64 l1ia=8 l1i=16 l2a=4 l2=512 l3a=8 l3=4096 robc=10 robd=2 robw=1024   0.8626   1.0609    70.94    37.26  Unsustainable
  bpt=pentium_m l1da=4 l1d=64 l1ia=4 l1i=16 l2a=8 l2=512 l3a=16 l3=1024 robc=2 robd=2 robw=1024   1.1369   1.0609    47.72    33.88  Strongly Sust.
  bpt=pentium_m l1da=8 l1d=64 l1ia=8 l1i=16 l2a=8 l2=512 l3a=16 l3=1024 robc=10 robd=2 robw=512   1.5034   1.0608    50.78    25.06  Strongly Sust.
  bpt=pentium_m l1da=4 l1d=64 l1ia=8 l1i=64 l2a=8 l2=512 l3a=16 l3=2048 robc=10 robd=4 robw=128   1.6488   1.0608    53.40    22.41  Strongly Sust.
  bpt=pentium_m l1da=4 l1d=64 l1ia=8 l1i=64 l2a=8 l2=512 l3a=16 l3=2048 robc=8 robd=4 robw=128   1.6488   1.0607    53.40    22.41  Strongly Sust.
  bpt=pentium_m l1da=4 l1d=64 l1ia=4 l1i=16 l2a=8 l2=512 l3a=8 l3=1024 robc=10 robd=2 robw=64   2.5978   1.0606    41.00    15.54  Strongly Sust.
  bpt=nn l1da=4 l1d=64 l1ia=4 l1i=32 l2a=8 l2=512 l3a=4 l3=1024 nnbl=64 nnlr=0.0005 robc=8 robd=2 robw=32   2.6225   1.0606    41.18    15.37  Strongly Sust.
  bpt=nn l1da=4 l1d=32 l1ia=4 l1i=64 l2a=4 l2=256 l3a=4 l3=1024 nnbl=16 nnlr=0.005 robc=2 robd=2 robw=16   2.9891   1.0002    34.74    14.08  Strongly Sust.
  bpt=nn l1da=4 l1d=32 l1ia=4 l1i=64 l2a=4 l2=256 l3a=4 l3=1024 nnbl=16 nnlr=0.005 robc=10 robd=2 robw=16   2.9892   1.0000    34.74    14.08  Strongly Sust.
  bpt=nn l1da=4 l1d=64 l1ia=4 l1i=32 l2a=8 l2=128 l3a=4 l3=1024 nnbl=64 nnlr=0.0005 robc=8 robd=2 robw=32   3.0414   0.9746    33.46    13.95  Strongly Sust.
  bpt=nn l1da=4 l1d=64 l1ia=4 l1i=32 l2a=8 l2=128 l3a=4 l3=1024 nnbl=16 nnlr=0.0005 robc=8 robd=2 robw=16   3.0849   0.9734    33.37    13.76  Strongly Sust.
  bp=512 bpt=a53 l1da=4 l1d=16 l1ia=4 l1i=32 l2a=8 l2=128 l3a=4 l3=1024 nhist=2 robc=10 robd=2 robw=16   3.1106   0.9724    33.00    13.68  Strongly Sust.
  bpt=nn l1da=4 l1d=16 l1ia=4 l1i=32 l2a=8 l2=128 l3a=4 l3=1024 nnbl=64 nnlr=0.005 robc=10 robd=2 robw=16   3.1117   0.9703    33.00    13.68  Strongly Sust.
  bpt=nn l1da=4 l1d=16 l1ia=4 l1i=32 l2a=8 l2=128 l3a=4 l3=1024 nnbl=64 nnlr=0.005 robc=8 robd=2 robw=16   3.1123   0.9693    33.00    13.67  Strongly Sust.
  bpt=nn l1da=4 l1d=16 l1ia=4 l1i=32 l2a=8 l2=128 l3a=4 l3=1024 nnbl=16 nnlr=0.0005 robc=8 robd=2 robw=16   3.1123   0.9692    33.00    13.67  Strongly Sust.
  Ran sniper 1 time this iteration (102 total).

=== Iteration 97 ===
  Evaluating 1 configuration(s) (top acquisition score of 400 candidates)...
  [mesmo] bpt=tage l1da=4 l1d=64 l1ia=4 l1i=32 l2a=4 l2=512 l3a=4 l3=2048 robc=8 robd=8 robw=1024  ASI= 0.0063  S=1.0608  A= 160.97  P=1187.91  [Unsustainable]
  Deleted 1 non-Pareto output directory.

  Pareto front after iteration 97 (15 points, HV=3.2684):
  Params                                  ASI  Speedup     Area  PeakPow  Region
  ──────────────────────────────────────────────────────────────────────────────
  bpt=pentium_m l1da=8 l1d=64 l1ia=8 l1i=16 l2a=4 l2=512 l3a=8 l3=4096 robc=10 robd=2 robw=1024   0.8626   1.0609    70.94    37.26  Unsustainable
  bpt=pentium_m l1da=4 l1d=64 l1ia=4 l1i=16 l2a=8 l2=512 l3a=16 l3=1024 robc=2 robd=2 robw=1024   1.1369   1.0609    47.72    33.88  Strongly Sust.
  bpt=pentium_m l1da=8 l1d=64 l1ia=8 l1i=16 l2a=8 l2=512 l3a=16 l3=1024 robc=10 robd=2 robw=512   1.5034   1.0608    50.78    25.06  Strongly Sust.
  bpt=pentium_m l1da=4 l1d=64 l1ia=8 l1i=64 l2a=8 l2=512 l3a=16 l3=2048 robc=10 robd=4 robw=128   1.6488   1.0608    53.40    22.41  Strongly Sust.
  bpt=pentium_m l1da=4 l1d=64 l1ia=8 l1i=64 l2a=8 l2=512 l3a=16 l3=2048 robc=8 robd=4 robw=128   1.6488   1.0607    53.40    22.41  Strongly Sust.
  bpt=pentium_m l1da=4 l1d=64 l1ia=4 l1i=16 l2a=8 l2=512 l3a=8 l3=1024 robc=10 robd=2 robw=64   2.5978   1.0606    41.00    15.54  Strongly Sust.
  bpt=nn l1da=4 l1d=64 l1ia=4 l1i=32 l2a=8 l2=512 l3a=4 l3=1024 nnbl=64 nnlr=0.0005 robc=8 robd=2 robw=32   2.6225   1.0606    41.18    15.37  Strongly Sust.
  bpt=nn l1da=4 l1d=32 l1ia=4 l1i=64 l2a=4 l2=256 l3a=4 l3=1024 nnbl=16 nnlr=0.005 robc=2 robd=2 robw=16   2.9891   1.0002    34.74    14.08  Strongly Sust.
  bpt=nn l1da=4 l1d=32 l1ia=4 l1i=64 l2a=4 l2=256 l3a=4 l3=1024 nnbl=16 nnlr=0.005 robc=10 robd=2 robw=16   2.9892   1.0000    34.74    14.08  Strongly Sust.
  bpt=nn l1da=4 l1d=64 l1ia=4 l1i=32 l2a=8 l2=128 l3a=4 l3=1024 nnbl=64 nnlr=0.0005 robc=8 robd=2 robw=32   3.0414   0.9746    33.46    13.95  Strongly Sust.
  bpt=nn l1da=4 l1d=64 l1ia=4 l1i=32 l2a=8 l2=128 l3a=4 l3=1024 nnbl=16 nnlr=0.0005 robc=8 robd=2 robw=16   3.0849   0.9734    33.37    13.76  Strongly Sust.
  bp=512 bpt=a53 l1da=4 l1d=16 l1ia=4 l1i=32 l2a=8 l2=128 l3a=4 l3=1024 nhist=2 robc=10 robd=2 robw=16   3.1106   0.9724    33.00    13.68  Strongly Sust.
  bpt=nn l1da=4 l1d=16 l1ia=4 l1i=32 l2a=8 l2=128 l3a=4 l3=1024 nnbl=64 nnlr=0.005 robc=10 robd=2 robw=16   3.1117   0.9703    33.00    13.68  Strongly Sust.
  bpt=nn l1da=4 l1d=16 l1ia=4 l1i=32 l2a=8 l2=128 l3a=4 l3=1024 nnbl=64 nnlr=0.005 robc=8 robd=2 robw=16   3.1123   0.9693    33.00    13.67  Strongly Sust.
  bpt=nn l1da=4 l1d=16 l1ia=4 l1i=32 l2a=8 l2=128 l3a=4 l3=1024 nnbl=16 nnlr=0.0005 robc=8 robd=2 robw=16   3.1123   0.9692    33.00    13.67  Strongly Sust.
  Ran sniper 1 time this iteration (103 total).

=== Iteration 98 ===
  Evaluating 1 configuration(s) (top acquisition score of 400 candidates)...
  [mesmo] bpt=pentium_m l1da=4 l1d=64 l1ia=8 l1i=16 l2a=4 l2=512 l3a=8 l3=4096 robc=4 robd=8 robw=512  ASI= 0.0245  S=1.0608  A= 119.97  P=763.03  [Unsustainable]
  Deleted 1 non-Pareto output directory.

  Pareto front after iteration 98 (15 points, HV=3.2684):
  Params                                  ASI  Speedup     Area  PeakPow  Region
  ──────────────────────────────────────────────────────────────────────────────
  bpt=pentium_m l1da=8 l1d=64 l1ia=8 l1i=16 l2a=4 l2=512 l3a=8 l3=4096 robc=10 robd=2 robw=1024   0.8626   1.0609    70.94    37.26  Unsustainable
  bpt=pentium_m l1da=4 l1d=64 l1ia=4 l1i=16 l2a=8 l2=512 l3a=16 l3=1024 robc=2 robd=2 robw=1024   1.1369   1.0609    47.72    33.88  Strongly Sust.
  bpt=pentium_m l1da=8 l1d=64 l1ia=8 l1i=16 l2a=8 l2=512 l3a=16 l3=1024 robc=10 robd=2 robw=512   1.5034   1.0608    50.78    25.06  Strongly Sust.
  bpt=pentium_m l1da=4 l1d=64 l1ia=8 l1i=64 l2a=8 l2=512 l3a=16 l3=2048 robc=10 robd=4 robw=128   1.6488   1.0608    53.40    22.41  Strongly Sust.
  bpt=pentium_m l1da=4 l1d=64 l1ia=8 l1i=64 l2a=8 l2=512 l3a=16 l3=2048 robc=8 robd=4 robw=128   1.6488   1.0607    53.40    22.41  Strongly Sust.
  bpt=pentium_m l1da=4 l1d=64 l1ia=4 l1i=16 l2a=8 l2=512 l3a=8 l3=1024 robc=10 robd=2 robw=64   2.5978   1.0606    41.00    15.54  Strongly Sust.
  bpt=nn l1da=4 l1d=64 l1ia=4 l1i=32 l2a=8 l2=512 l3a=4 l3=1024 nnbl=64 nnlr=0.0005 robc=8 robd=2 robw=32   2.6225   1.0606    41.18    15.37  Strongly Sust.
  bpt=nn l1da=4 l1d=32 l1ia=4 l1i=64 l2a=4 l2=256 l3a=4 l3=1024 nnbl=16 nnlr=0.005 robc=2 robd=2 robw=16   2.9891   1.0002    34.74    14.08  Strongly Sust.
  bpt=nn l1da=4 l1d=32 l1ia=4 l1i=64 l2a=4 l2=256 l3a=4 l3=1024 nnbl=16 nnlr=0.005 robc=10 robd=2 robw=16   2.9892   1.0000    34.74    14.08  Strongly Sust.
  bpt=nn l1da=4 l1d=64 l1ia=4 l1i=32 l2a=8 l2=128 l3a=4 l3=1024 nnbl=64 nnlr=0.0005 robc=8 robd=2 robw=32   3.0414   0.9746    33.46    13.95  Strongly Sust.
  bpt=nn l1da=4 l1d=64 l1ia=4 l1i=32 l2a=8 l2=128 l3a=4 l3=1024 nnbl=16 nnlr=0.0005 robc=8 robd=2 robw=16   3.0849   0.9734    33.37    13.76  Strongly Sust.
  bp=512 bpt=a53 l1da=4 l1d=16 l1ia=4 l1i=32 l2a=8 l2=128 l3a=4 l3=1024 nhist=2 robc=10 robd=2 robw=16   3.1106   0.9724    33.00    13.68  Strongly Sust.
  bpt=nn l1da=4 l1d=16 l1ia=4 l1i=32 l2a=8 l2=128 l3a=4 l3=1024 nnbl=64 nnlr=0.005 robc=10 robd=2 robw=16   3.1117   0.9703    33.00    13.68  Strongly Sust.
  bpt=nn l1da=4 l1d=16 l1ia=4 l1i=32 l2a=8 l2=128 l3a=4 l3=1024 nnbl=64 nnlr=0.005 robc=8 robd=2 robw=16   3.1123   0.9693    33.00    13.67  Strongly Sust.
  bpt=nn l1da=4 l1d=16 l1ia=4 l1i=32 l2a=8 l2=128 l3a=4 l3=1024 nnbl=16 nnlr=0.0005 robc=8 robd=2 robw=16   3.1123   0.9692    33.00    13.67  Strongly Sust.
  Ran sniper 1 time this iteration (104 total).

=== Iteration 99 ===
  Evaluating 1 configuration(s) (top acquisition score of 400 candidates)...
  [mesmo] bpt=nn l1da=8 l1d=16 l1ia=4 l1i=32 l2a=8 l2=128 l3a=4 l3=1024 nnbl=16 nnlr=0.0005 robc=8 robd=2 robw=16  ASI= 2.9545  S=0.9706  A=  36.35  P= 14.09  [Strongly Sust.]
  Deleted 1 non-Pareto output directory.

  Pareto front after iteration 99 (15 points, HV=3.2684):
  Params                                  ASI  Speedup     Area  PeakPow  Region
  ──────────────────────────────────────────────────────────────────────────────
  bpt=pentium_m l1da=8 l1d=64 l1ia=8 l1i=16 l2a=4 l2=512 l3a=8 l3=4096 robc=10 robd=2 robw=1024   0.8626   1.0609    70.94    37.26  Unsustainable
  bpt=pentium_m l1da=4 l1d=64 l1ia=4 l1i=16 l2a=8 l2=512 l3a=16 l3=1024 robc=2 robd=2 robw=1024   1.1369   1.0609    47.72    33.88  Strongly Sust.
  bpt=pentium_m l1da=8 l1d=64 l1ia=8 l1i=16 l2a=8 l2=512 l3a=16 l3=1024 robc=10 robd=2 robw=512   1.5034   1.0608    50.78    25.06  Strongly Sust.
  bpt=pentium_m l1da=4 l1d=64 l1ia=8 l1i=64 l2a=8 l2=512 l3a=16 l3=2048 robc=10 robd=4 robw=128   1.6488   1.0608    53.40    22.41  Strongly Sust.
  bpt=pentium_m l1da=4 l1d=64 l1ia=8 l1i=64 l2a=8 l2=512 l3a=16 l3=2048 robc=8 robd=4 robw=128   1.6488   1.0607    53.40    22.41  Strongly Sust.
  bpt=pentium_m l1da=4 l1d=64 l1ia=4 l1i=16 l2a=8 l2=512 l3a=8 l3=1024 robc=10 robd=2 robw=64   2.5978   1.0606    41.00    15.54  Strongly Sust.
  bpt=nn l1da=4 l1d=64 l1ia=4 l1i=32 l2a=8 l2=512 l3a=4 l3=1024 nnbl=64 nnlr=0.0005 robc=8 robd=2 robw=32   2.6225   1.0606    41.18    15.37  Strongly Sust.
  bpt=nn l1da=4 l1d=32 l1ia=4 l1i=64 l2a=4 l2=256 l3a=4 l3=1024 nnbl=16 nnlr=0.005 robc=2 robd=2 robw=16   2.9891   1.0002    34.74    14.08  Strongly Sust.
  bpt=nn l1da=4 l1d=32 l1ia=4 l1i=64 l2a=4 l2=256 l3a=4 l3=1024 nnbl=16 nnlr=0.005 robc=10 robd=2 robw=16   2.9892   1.0000    34.74    14.08  Strongly Sust.
  bpt=nn l1da=4 l1d=64 l1ia=4 l1i=32 l2a=8 l2=128 l3a=4 l3=1024 nnbl=64 nnlr=0.0005 robc=8 robd=2 robw=32   3.0414   0.9746    33.46    13.95  Strongly Sust.
  bpt=nn l1da=4 l1d=64 l1ia=4 l1i=32 l2a=8 l2=128 l3a=4 l3=1024 nnbl=16 nnlr=0.0005 robc=8 robd=2 robw=16   3.0849   0.9734    33.37    13.76  Strongly Sust.
  bp=512 bpt=a53 l1da=4 l1d=16 l1ia=4 l1i=32 l2a=8 l2=128 l3a=4 l3=1024 nhist=2 robc=10 robd=2 robw=16   3.1106   0.9724    33.00    13.68  Strongly Sust.
  bpt=nn l1da=4 l1d=16 l1ia=4 l1i=32 l2a=8 l2=128 l3a=4 l3=1024 nnbl=64 nnlr=0.005 robc=10 robd=2 robw=16   3.1117   0.9703    33.00    13.68  Strongly Sust.
  bpt=nn l1da=4 l1d=16 l1ia=4 l1i=32 l2a=8 l2=128 l3a=4 l3=1024 nnbl=64 nnlr=0.005 robc=8 robd=2 robw=16   3.1123   0.9693    33.00    13.67  Strongly Sust.
  bpt=nn l1da=4 l1d=16 l1ia=4 l1i=32 l2a=8 l2=128 l3a=4 l3=1024 nnbl=16 nnlr=0.0005 robc=8 robd=2 robw=16   3.1123   0.9692    33.00    13.67  Strongly Sust.
  Ran sniper 1 time this iteration (105 total).

=== Iteration 100 ===
  Evaluating 1 configuration(s) (top acquisition score of 400 candidates)...
  [mesmo] bpt=nn l1da=4 l1d=16 l1ia=4 l1i=64 l2a=8 l2=512 l3a=4 l3=2048 nnbl=16 nnlr=0.001 robc=8 robd=10 robw=16  ASI= 0.6294  S=1.0570  A=  64.02  P= 54.09  [Unsustainable]
  Deleted 1 non-Pareto output directory.

  Pareto front after iteration 100 (15 points, HV=3.2684):
  Params                                  ASI  Speedup     Area  PeakPow  Region
  ──────────────────────────────────────────────────────────────────────────────
  bpt=pentium_m l1da=8 l1d=64 l1ia=8 l1i=16 l2a=4 l2=512 l3a=8 l3=4096 robc=10 robd=2 robw=1024   0.8626   1.0609    70.94    37.26  Unsustainable
  bpt=pentium_m l1da=4 l1d=64 l1ia=4 l1i=16 l2a=8 l2=512 l3a=16 l3=1024 robc=2 robd=2 robw=1024   1.1369   1.0609    47.72    33.88  Strongly Sust.
  bpt=pentium_m l1da=8 l1d=64 l1ia=8 l1i=16 l2a=8 l2=512 l3a=16 l3=1024 robc=10 robd=2 robw=512   1.5034   1.0608    50.78    25.06  Strongly Sust.
  bpt=pentium_m l1da=4 l1d=64 l1ia=8 l1i=64 l2a=8 l2=512 l3a=16 l3=2048 robc=10 robd=4 robw=128   1.6488   1.0608    53.40    22.41  Strongly Sust.
  bpt=pentium_m l1da=4 l1d=64 l1ia=8 l1i=64 l2a=8 l2=512 l3a=16 l3=2048 robc=8 robd=4 robw=128   1.6488   1.0607    53.40    22.41  Strongly Sust.
  bpt=pentium_m l1da=4 l1d=64 l1ia=4 l1i=16 l2a=8 l2=512 l3a=8 l3=1024 robc=10 robd=2 robw=64   2.5978   1.0606    41.00    15.54  Strongly Sust.
  bpt=nn l1da=4 l1d=64 l1ia=4 l1i=32 l2a=8 l2=512 l3a=4 l3=1024 nnbl=64 nnlr=0.0005 robc=8 robd=2 robw=32   2.6225   1.0606    41.18    15.37  Strongly Sust.
  bpt=nn l1da=4 l1d=32 l1ia=4 l1i=64 l2a=4 l2=256 l3a=4 l3=1024 nnbl=16 nnlr=0.005 robc=2 robd=2 robw=16   2.9891   1.0002    34.74    14.08  Strongly Sust.
  bpt=nn l1da=4 l1d=32 l1ia=4 l1i=64 l2a=4 l2=256 l3a=4 l3=1024 nnbl=16 nnlr=0.005 robc=10 robd=2 robw=16   2.9892   1.0000    34.74    14.08  Strongly Sust.
  bpt=nn l1da=4 l1d=64 l1ia=4 l1i=32 l2a=8 l2=128 l3a=4 l3=1024 nnbl=64 nnlr=0.0005 robc=8 robd=2 robw=32   3.0414   0.9746    33.46    13.95  Strongly Sust.
  bpt=nn l1da=4 l1d=64 l1ia=4 l1i=32 l2a=8 l2=128 l3a=4 l3=1024 nnbl=16 nnlr=0.0005 robc=8 robd=2 robw=16   3.0849   0.9734    33.37    13.76  Strongly Sust.
  bp=512 bpt=a53 l1da=4 l1d=16 l1ia=4 l1i=32 l2a=8 l2=128 l3a=4 l3=1024 nhist=2 robc=10 robd=2 robw=16   3.1106   0.9724    33.00    13.68  Strongly Sust.
  bpt=nn l1da=4 l1d=16 l1ia=4 l1i=32 l2a=8 l2=128 l3a=4 l3=1024 nnbl=64 nnlr=0.005 robc=10 robd=2 robw=16   3.1117   0.9703    33.00    13.68  Strongly Sust.
  bpt=nn l1da=4 l1d=16 l1ia=4 l1i=32 l2a=8 l2=128 l3a=4 l3=1024 nnbl=64 nnlr=0.005 robc=8 robd=2 robw=16   3.1123   0.9693    33.00    13.67  Strongly Sust.
  bpt=nn l1da=4 l1d=16 l1ia=4 l1i=32 l2a=8 l2=128 l3a=4 l3=1024 nnbl=16 nnlr=0.0005 robc=8 robd=2 robw=16   3.1123   0.9692    33.00    13.67  Strongly Sust.
  Ran sniper 1 time this iteration (106 total).

=== Iteration 101 ===
  Evaluating 1 configuration(s) (top acquisition score of 400 candidates)...
  [mesmo] bp=2048 bpt=a53 l1da=4 l1d=64 l1ia=4 l1i=32 l2a=8 l2=128 l3a=4 l3=1024 nhist=2 robc=8 robd=2 robw=16  ASI= 3.0844  S=0.9744  A=  33.37  P= 13.76  [Strongly Sust.]

  Pareto front after iteration 101 (16 points, HV=3.2685):
  Params                                  ASI  Speedup     Area  PeakPow  Region
  ──────────────────────────────────────────────────────────────────────────────
  bpt=pentium_m l1da=8 l1d=64 l1ia=8 l1i=16 l2a=4 l2=512 l3a=8 l3=4096 robc=10 robd=2 robw=1024   0.8626   1.0609    70.94    37.26  Unsustainable
  bpt=pentium_m l1da=4 l1d=64 l1ia=4 l1i=16 l2a=8 l2=512 l3a=16 l3=1024 robc=2 robd=2 robw=1024   1.1369   1.0609    47.72    33.88  Strongly Sust.
  bpt=pentium_m l1da=8 l1d=64 l1ia=8 l1i=16 l2a=8 l2=512 l3a=16 l3=1024 robc=10 robd=2 robw=512   1.5034   1.0608    50.78    25.06  Strongly Sust.
  bpt=pentium_m l1da=4 l1d=64 l1ia=8 l1i=64 l2a=8 l2=512 l3a=16 l3=2048 robc=10 robd=4 robw=128   1.6488   1.0608    53.40    22.41  Strongly Sust.
  bpt=pentium_m l1da=4 l1d=64 l1ia=8 l1i=64 l2a=8 l2=512 l3a=16 l3=2048 robc=8 robd=4 robw=128   1.6488   1.0607    53.40    22.41  Strongly Sust.
  bpt=pentium_m l1da=4 l1d=64 l1ia=4 l1i=16 l2a=8 l2=512 l3a=8 l3=1024 robc=10 robd=2 robw=64   2.5978   1.0606    41.00    15.54  Strongly Sust.
  bpt=nn l1da=4 l1d=64 l1ia=4 l1i=32 l2a=8 l2=512 l3a=4 l3=1024 nnbl=64 nnlr=0.0005 robc=8 robd=2 robw=32   2.6225   1.0606    41.18    15.37  Strongly Sust.
  bpt=nn l1da=4 l1d=32 l1ia=4 l1i=64 l2a=4 l2=256 l3a=4 l3=1024 nnbl=16 nnlr=0.005 robc=2 robd=2 robw=16   2.9891   1.0002    34.74    14.08  Strongly Sust.
  bpt=nn l1da=4 l1d=32 l1ia=4 l1i=64 l2a=4 l2=256 l3a=4 l3=1024 nnbl=16 nnlr=0.005 robc=10 robd=2 robw=16   2.9892   1.0000    34.74    14.08  Strongly Sust.
  bpt=nn l1da=4 l1d=64 l1ia=4 l1i=32 l2a=8 l2=128 l3a=4 l3=1024 nnbl=64 nnlr=0.0005 robc=8 robd=2 robw=32   3.0414   0.9746    33.46    13.95  Strongly Sust.
  bp=2048 bpt=a53 l1da=4 l1d=64 l1ia=4 l1i=32 l2a=8 l2=128 l3a=4 l3=1024 nhist=2 robc=8 robd=2 robw=16   3.0844   0.9744    33.37    13.76  Strongly Sust.
  bpt=nn l1da=4 l1d=64 l1ia=4 l1i=32 l2a=8 l2=128 l3a=4 l3=1024 nnbl=16 nnlr=0.0005 robc=8 robd=2 robw=16   3.0849   0.9734    33.37    13.76  Strongly Sust.
  bp=512 bpt=a53 l1da=4 l1d=16 l1ia=4 l1i=32 l2a=8 l2=128 l3a=4 l3=1024 nhist=2 robc=10 robd=2 robw=16   3.1106   0.9724    33.00    13.68  Strongly Sust.
  bpt=nn l1da=4 l1d=16 l1ia=4 l1i=32 l2a=8 l2=128 l3a=4 l3=1024 nnbl=64 nnlr=0.005 robc=10 robd=2 robw=16   3.1117   0.9703    33.00    13.68  Strongly Sust.
  bpt=nn l1da=4 l1d=16 l1ia=4 l1i=32 l2a=8 l2=128 l3a=4 l3=1024 nnbl=64 nnlr=0.005 robc=8 robd=2 robw=16   3.1123   0.9693    33.00    13.67  Strongly Sust.
  bpt=nn l1da=4 l1d=16 l1ia=4 l1i=32 l2a=8 l2=128 l3a=4 l3=1024 nnbl=16 nnlr=0.0005 robc=8 robd=2 robw=16   3.1123   0.9692    33.00    13.67  Strongly Sust.
  Ran sniper 1 time this iteration (107 total).

=== Iteration 102 ===
  Evaluating 1 configuration(s) (top acquisition score of 400 candidates)...
  [mesmo] bpt=nn l1da=4 l1d=16 l1ia=4 l1i=32 l2a=8 l2=128 l3a=4 l3=1024 nnbl=16 nnlr=0.005 robc=8 robd=2 robw=16  ASI= 3.1108  S=0.9720  A=  33.00  P= 13.68  [Strongly Sust.]

  Pareto front after iteration 102 (17 points, HV=3.2685):
  Params                                  ASI  Speedup     Area  PeakPow  Region
  ──────────────────────────────────────────────────────────────────────────────
  bpt=pentium_m l1da=8 l1d=64 l1ia=8 l1i=16 l2a=4 l2=512 l3a=8 l3=4096 robc=10 robd=2 robw=1024   0.8626   1.0609    70.94    37.26  Unsustainable
  bpt=pentium_m l1da=4 l1d=64 l1ia=4 l1i=16 l2a=8 l2=512 l3a=16 l3=1024 robc=2 robd=2 robw=1024   1.1369   1.0609    47.72    33.88  Strongly Sust.
  bpt=pentium_m l1da=8 l1d=64 l1ia=8 l1i=16 l2a=8 l2=512 l3a=16 l3=1024 robc=10 robd=2 robw=512   1.5034   1.0608    50.78    25.06  Strongly Sust.
  bpt=pentium_m l1da=4 l1d=64 l1ia=8 l1i=64 l2a=8 l2=512 l3a=16 l3=2048 robc=10 robd=4 robw=128   1.6488   1.0608    53.40    22.41  Strongly Sust.
  bpt=pentium_m l1da=4 l1d=64 l1ia=8 l1i=64 l2a=8 l2=512 l3a=16 l3=2048 robc=8 robd=4 robw=128   1.6488   1.0607    53.40    22.41  Strongly Sust.
  bpt=pentium_m l1da=4 l1d=64 l1ia=4 l1i=16 l2a=8 l2=512 l3a=8 l3=1024 robc=10 robd=2 robw=64   2.5978   1.0606    41.00    15.54  Strongly Sust.
  bpt=nn l1da=4 l1d=64 l1ia=4 l1i=32 l2a=8 l2=512 l3a=4 l3=1024 nnbl=64 nnlr=0.0005 robc=8 robd=2 robw=32   2.6225   1.0606    41.18    15.37  Strongly Sust.
  bpt=nn l1da=4 l1d=32 l1ia=4 l1i=64 l2a=4 l2=256 l3a=4 l3=1024 nnbl=16 nnlr=0.005 robc=2 robd=2 robw=16   2.9891   1.0002    34.74    14.08  Strongly Sust.
  bpt=nn l1da=4 l1d=32 l1ia=4 l1i=64 l2a=4 l2=256 l3a=4 l3=1024 nnbl=16 nnlr=0.005 robc=10 robd=2 robw=16   2.9892   1.0000    34.74    14.08  Strongly Sust.
  bpt=nn l1da=4 l1d=64 l1ia=4 l1i=32 l2a=8 l2=128 l3a=4 l3=1024 nnbl=64 nnlr=0.0005 robc=8 robd=2 robw=32   3.0414   0.9746    33.46    13.95  Strongly Sust.
  bp=2048 bpt=a53 l1da=4 l1d=64 l1ia=4 l1i=32 l2a=8 l2=128 l3a=4 l3=1024 nhist=2 robc=8 robd=2 robw=16   3.0844   0.9744    33.37    13.76  Strongly Sust.
  bpt=nn l1da=4 l1d=64 l1ia=4 l1i=32 l2a=8 l2=128 l3a=4 l3=1024 nnbl=16 nnlr=0.0005 robc=8 robd=2 robw=16   3.0849   0.9734    33.37    13.76  Strongly Sust.
  bp=512 bpt=a53 l1da=4 l1d=16 l1ia=4 l1i=32 l2a=8 l2=128 l3a=4 l3=1024 nhist=2 robc=10 robd=2 robw=16   3.1106   0.9724    33.00    13.68  Strongly Sust.
  bpt=nn l1da=4 l1d=16 l1ia=4 l1i=32 l2a=8 l2=128 l3a=4 l3=1024 nnbl=16 nnlr=0.005 robc=8 robd=2 robw=16   3.1108   0.9720    33.00    13.68  Strongly Sust.
  bpt=nn l1da=4 l1d=16 l1ia=4 l1i=32 l2a=8 l2=128 l3a=4 l3=1024 nnbl=64 nnlr=0.005 robc=10 robd=2 robw=16   3.1117   0.9703    33.00    13.68  Strongly Sust.
  bpt=nn l1da=4 l1d=16 l1ia=4 l1i=32 l2a=8 l2=128 l3a=4 l3=1024 nnbl=64 nnlr=0.005 robc=8 robd=2 robw=16   3.1123   0.9693    33.00    13.67  Strongly Sust.
  bpt=nn l1da=4 l1d=16 l1ia=4 l1i=32 l2a=8 l2=128 l3a=4 l3=1024 nnbl=16 nnlr=0.0005 robc=8 robd=2 robw=16   3.1123   0.9692    33.00    13.67  Strongly Sust.
  Ran sniper 1 time this iteration (108 total).

=== Iteration 103 ===
  Evaluating 1 configuration(s) (top acquisition score of 400 candidates)...
  [mesmo] bpt=pentium_m l1da=8 l1d=64 l1ia=4 l1i=64 l2a=4 l2=512 l3a=4 l3=4096 robc=8 robd=10 robw=512  ASI= 0.0062  S=1.0608  A= 155.55  P=1435.41  [Unsustainable]
  Deleted 1 non-Pareto output directory.

  Pareto front after iteration 103 (17 points, HV=3.2685):
  Params                                  ASI  Speedup     Area  PeakPow  Region
  ──────────────────────────────────────────────────────────────────────────────
  bpt=pentium_m l1da=8 l1d=64 l1ia=8 l1i=16 l2a=4 l2=512 l3a=8 l3=4096 robc=10 robd=2 robw=1024   0.8626   1.0609    70.94    37.26  Unsustainable
  bpt=pentium_m l1da=4 l1d=64 l1ia=4 l1i=16 l2a=8 l2=512 l3a=16 l3=1024 robc=2 robd=2 robw=1024   1.1369   1.0609    47.72    33.88  Strongly Sust.
  bpt=pentium_m l1da=8 l1d=64 l1ia=8 l1i=16 l2a=8 l2=512 l3a=16 l3=1024 robc=10 robd=2 robw=512   1.5034   1.0608    50.78    25.06  Strongly Sust.
  bpt=pentium_m l1da=4 l1d=64 l1ia=8 l1i=64 l2a=8 l2=512 l3a=16 l3=2048 robc=10 robd=4 robw=128   1.6488   1.0608    53.40    22.41  Strongly Sust.
  bpt=pentium_m l1da=4 l1d=64 l1ia=8 l1i=64 l2a=8 l2=512 l3a=16 l3=2048 robc=8 robd=4 robw=128   1.6488   1.0607    53.40    22.41  Strongly Sust.
  bpt=pentium_m l1da=4 l1d=64 l1ia=4 l1i=16 l2a=8 l2=512 l3a=8 l3=1024 robc=10 robd=2 robw=64   2.5978   1.0606    41.00    15.54  Strongly Sust.
  bpt=nn l1da=4 l1d=64 l1ia=4 l1i=32 l2a=8 l2=512 l3a=4 l3=1024 nnbl=64 nnlr=0.0005 robc=8 robd=2 robw=32   2.6225   1.0606    41.18    15.37  Strongly Sust.
  bpt=nn l1da=4 l1d=32 l1ia=4 l1i=64 l2a=4 l2=256 l3a=4 l3=1024 nnbl=16 nnlr=0.005 robc=2 robd=2 robw=16   2.9891   1.0002    34.74    14.08  Strongly Sust.
  bpt=nn l1da=4 l1d=32 l1ia=4 l1i=64 l2a=4 l2=256 l3a=4 l3=1024 nnbl=16 nnlr=0.005 robc=10 robd=2 robw=16   2.9892   1.0000    34.74    14.08  Strongly Sust.
  bpt=nn l1da=4 l1d=64 l1ia=4 l1i=32 l2a=8 l2=128 l3a=4 l3=1024 nnbl=64 nnlr=0.0005 robc=8 robd=2 robw=32   3.0414   0.9746    33.46    13.95  Strongly Sust.
  bp=2048 bpt=a53 l1da=4 l1d=64 l1ia=4 l1i=32 l2a=8 l2=128 l3a=4 l3=1024 nhist=2 robc=8 robd=2 robw=16   3.0844   0.9744    33.37    13.76  Strongly Sust.
  bpt=nn l1da=4 l1d=64 l1ia=4 l1i=32 l2a=8 l2=128 l3a=4 l3=1024 nnbl=16 nnlr=0.0005 robc=8 robd=2 robw=16   3.0849   0.9734    33.37    13.76  Strongly Sust.
  bp=512 bpt=a53 l1da=4 l1d=16 l1ia=4 l1i=32 l2a=8 l2=128 l3a=4 l3=1024 nhist=2 robc=10 robd=2 robw=16   3.1106   0.9724    33.00    13.68  Strongly Sust.
  bpt=nn l1da=4 l1d=16 l1ia=4 l1i=32 l2a=8 l2=128 l3a=4 l3=1024 nnbl=16 nnlr=0.005 robc=8 robd=2 robw=16   3.1108   0.9720    33.00    13.68  Strongly Sust.
  bpt=nn l1da=4 l1d=16 l1ia=4 l1i=32 l2a=8 l2=128 l3a=4 l3=1024 nnbl=64 nnlr=0.005 robc=10 robd=2 robw=16   3.1117   0.9703    33.00    13.68  Strongly Sust.
  bpt=nn l1da=4 l1d=16 l1ia=4 l1i=32 l2a=8 l2=128 l3a=4 l3=1024 nnbl=64 nnlr=0.005 robc=8 robd=2 robw=16   3.1123   0.9693    33.00    13.67  Strongly Sust.
  bpt=nn l1da=4 l1d=16 l1ia=4 l1i=32 l2a=8 l2=128 l3a=4 l3=1024 nnbl=16 nnlr=0.0005 robc=8 robd=2 robw=16   3.1123   0.9692    33.00    13.67  Strongly Sust.
  Ran sniper 1 time this iteration (109 total).

=== Iteration 104 ===
  Evaluating 1 configuration(s) (top acquisition score of 400 candidates)...
  [mesmo] bp=1024 bpt=a53 l1da=8 l1d=16 l1ia=8 l1i=64 l2a=4 l2=512 l3a=4 l3=8192 nhist=3 robc=2 robd=4 robw=32  ASI= 0.9137  S=1.0580  A=  99.47  P= 26.60  [Unsustainable]
  Deleted 1 non-Pareto output directory.

  Pareto front after iteration 104 (17 points, HV=3.2685):
  Params                                  ASI  Speedup     Area  PeakPow  Region
  ──────────────────────────────────────────────────────────────────────────────
  bpt=pentium_m l1da=8 l1d=64 l1ia=8 l1i=16 l2a=4 l2=512 l3a=8 l3=4096 robc=10 robd=2 robw=1024   0.8626   1.0609    70.94    37.26  Unsustainable
  bpt=pentium_m l1da=4 l1d=64 l1ia=4 l1i=16 l2a=8 l2=512 l3a=16 l3=1024 robc=2 robd=2 robw=1024   1.1369   1.0609    47.72    33.88  Strongly Sust.
  bpt=pentium_m l1da=8 l1d=64 l1ia=8 l1i=16 l2a=8 l2=512 l3a=16 l3=1024 robc=10 robd=2 robw=512   1.5034   1.0608    50.78    25.06  Strongly Sust.
  bpt=pentium_m l1da=4 l1d=64 l1ia=8 l1i=64 l2a=8 l2=512 l3a=16 l3=2048 robc=10 robd=4 robw=128   1.6488   1.0608    53.40    22.41  Strongly Sust.
  bpt=pentium_m l1da=4 l1d=64 l1ia=8 l1i=64 l2a=8 l2=512 l3a=16 l3=2048 robc=8 robd=4 robw=128   1.6488   1.0607    53.40    22.41  Strongly Sust.
  bpt=pentium_m l1da=4 l1d=64 l1ia=4 l1i=16 l2a=8 l2=512 l3a=8 l3=1024 robc=10 robd=2 robw=64   2.5978   1.0606    41.00    15.54  Strongly Sust.
  bpt=nn l1da=4 l1d=64 l1ia=4 l1i=32 l2a=8 l2=512 l3a=4 l3=1024 nnbl=64 nnlr=0.0005 robc=8 robd=2 robw=32   2.6225   1.0606    41.18    15.37  Strongly Sust.
  bpt=nn l1da=4 l1d=32 l1ia=4 l1i=64 l2a=4 l2=256 l3a=4 l3=1024 nnbl=16 nnlr=0.005 robc=2 robd=2 robw=16   2.9891   1.0002    34.74    14.08  Strongly Sust.
  bpt=nn l1da=4 l1d=32 l1ia=4 l1i=64 l2a=4 l2=256 l3a=4 l3=1024 nnbl=16 nnlr=0.005 robc=10 robd=2 robw=16   2.9892   1.0000    34.74    14.08  Strongly Sust.
  bpt=nn l1da=4 l1d=64 l1ia=4 l1i=32 l2a=8 l2=128 l3a=4 l3=1024 nnbl=64 nnlr=0.0005 robc=8 robd=2 robw=32   3.0414   0.9746    33.46    13.95  Strongly Sust.
  bp=2048 bpt=a53 l1da=4 l1d=64 l1ia=4 l1i=32 l2a=8 l2=128 l3a=4 l3=1024 nhist=2 robc=8 robd=2 robw=16   3.0844   0.9744    33.37    13.76  Strongly Sust.
  bpt=nn l1da=4 l1d=64 l1ia=4 l1i=32 l2a=8 l2=128 l3a=4 l3=1024 nnbl=16 nnlr=0.0005 robc=8 robd=2 robw=16   3.0849   0.9734    33.37    13.76  Strongly Sust.
  bp=512 bpt=a53 l1da=4 l1d=16 l1ia=4 l1i=32 l2a=8 l2=128 l3a=4 l3=1024 nhist=2 robc=10 robd=2 robw=16   3.1106   0.9724    33.00    13.68  Strongly Sust.
  bpt=nn l1da=4 l1d=16 l1ia=4 l1i=32 l2a=8 l2=128 l3a=4 l3=1024 nnbl=16 nnlr=0.005 robc=8 robd=2 robw=16   3.1108   0.9720    33.00    13.68  Strongly Sust.
  bpt=nn l1da=4 l1d=16 l1ia=4 l1i=32 l2a=8 l2=128 l3a=4 l3=1024 nnbl=64 nnlr=0.005 robc=10 robd=2 robw=16   3.1117   0.9703    33.00    13.68  Strongly Sust.
  bpt=nn l1da=4 l1d=16 l1ia=4 l1i=32 l2a=8 l2=128 l3a=4 l3=1024 nnbl=64 nnlr=0.005 robc=8 robd=2 robw=16   3.1123   0.9693    33.00    13.67  Strongly Sust.
  bpt=nn l1da=4 l1d=16 l1ia=4 l1i=32 l2a=8 l2=128 l3a=4 l3=1024 nnbl=16 nnlr=0.0005 robc=8 robd=2 robw=16   3.1123   0.9692    33.00    13.67  Strongly Sust.
  Ran sniper 1 time this iteration (110 total).

=== Iteration 105 ===
  Evaluating 1 configuration(s) (top acquisition score of 400 candidates)...
  [mesmo] bpt=tage l1da=4 l1d=64 l1ia=8 l1i=32 l2a=8 l2=512 l3a=4 l3=2048 robc=10 robd=10 robw=512  ASI= 0.0092  S=1.0608  A= 139.91  P=1434.06  [Unsustainable]
  Deleted 1 non-Pareto output directory.

  Pareto front after iteration 105 (17 points, HV=3.2685):
  Params                                  ASI  Speedup     Area  PeakPow  Region
  ──────────────────────────────────────────────────────────────────────────────
  bpt=pentium_m l1da=8 l1d=64 l1ia=8 l1i=16 l2a=4 l2=512 l3a=8 l3=4096 robc=10 robd=2 robw=1024   0.8626   1.0609    70.94    37.26  Unsustainable
  bpt=pentium_m l1da=4 l1d=64 l1ia=4 l1i=16 l2a=8 l2=512 l3a=16 l3=1024 robc=2 robd=2 robw=1024   1.1369   1.0609    47.72    33.88  Strongly Sust.
  bpt=pentium_m l1da=8 l1d=64 l1ia=8 l1i=16 l2a=8 l2=512 l3a=16 l3=1024 robc=10 robd=2 robw=512   1.5034   1.0608    50.78    25.06  Strongly Sust.
  bpt=pentium_m l1da=4 l1d=64 l1ia=8 l1i=64 l2a=8 l2=512 l3a=16 l3=2048 robc=10 robd=4 robw=128   1.6488   1.0608    53.40    22.41  Strongly Sust.
  bpt=pentium_m l1da=4 l1d=64 l1ia=8 l1i=64 l2a=8 l2=512 l3a=16 l3=2048 robc=8 robd=4 robw=128   1.6488   1.0607    53.40    22.41  Strongly Sust.
  bpt=pentium_m l1da=4 l1d=64 l1ia=4 l1i=16 l2a=8 l2=512 l3a=8 l3=1024 robc=10 robd=2 robw=64   2.5978   1.0606    41.00    15.54  Strongly Sust.
  bpt=nn l1da=4 l1d=64 l1ia=4 l1i=32 l2a=8 l2=512 l3a=4 l3=1024 nnbl=64 nnlr=0.0005 robc=8 robd=2 robw=32   2.6225   1.0606    41.18    15.37  Strongly Sust.
  bpt=nn l1da=4 l1d=32 l1ia=4 l1i=64 l2a=4 l2=256 l3a=4 l3=1024 nnbl=16 nnlr=0.005 robc=2 robd=2 robw=16   2.9891   1.0002    34.74    14.08  Strongly Sust.
  bpt=nn l1da=4 l1d=32 l1ia=4 l1i=64 l2a=4 l2=256 l3a=4 l3=1024 nnbl=16 nnlr=0.005 robc=10 robd=2 robw=16   2.9892   1.0000    34.74    14.08  Strongly Sust.
  bpt=nn l1da=4 l1d=64 l1ia=4 l1i=32 l2a=8 l2=128 l3a=4 l3=1024 nnbl=64 nnlr=0.0005 robc=8 robd=2 robw=32   3.0414   0.9746    33.46    13.95  Strongly Sust.
  bp=2048 bpt=a53 l1da=4 l1d=64 l1ia=4 l1i=32 l2a=8 l2=128 l3a=4 l3=1024 nhist=2 robc=8 robd=2 robw=16   3.0844   0.9744    33.37    13.76  Strongly Sust.
  bpt=nn l1da=4 l1d=64 l1ia=4 l1i=32 l2a=8 l2=128 l3a=4 l3=1024 nnbl=16 nnlr=0.0005 robc=8 robd=2 robw=16   3.0849   0.9734    33.37    13.76  Strongly Sust.
  bp=512 bpt=a53 l1da=4 l1d=16 l1ia=4 l1i=32 l2a=8 l2=128 l3a=4 l3=1024 nhist=2 robc=10 robd=2 robw=16   3.1106   0.9724    33.00    13.68  Strongly Sust.
  bpt=nn l1da=4 l1d=16 l1ia=4 l1i=32 l2a=8 l2=128 l3a=4 l3=1024 nnbl=16 nnlr=0.005 robc=8 robd=2 robw=16   3.1108   0.9720    33.00    13.68  Strongly Sust.
  bpt=nn l1da=4 l1d=16 l1ia=4 l1i=32 l2a=8 l2=128 l3a=4 l3=1024 nnbl=64 nnlr=0.005 robc=10 robd=2 robw=16   3.1117   0.9703    33.00    13.68  Strongly Sust.
  bpt=nn l1da=4 l1d=16 l1ia=4 l1i=32 l2a=8 l2=128 l3a=4 l3=1024 nnbl=64 nnlr=0.005 robc=8 robd=2 robw=16   3.1123   0.9693    33.00    13.67  Strongly Sust.
  bpt=nn l1da=4 l1d=16 l1ia=4 l1i=32 l2a=8 l2=128 l3a=4 l3=1024 nnbl=16 nnlr=0.0005 robc=8 robd=2 robw=16   3.1123   0.9692    33.00    13.67  Strongly Sust.
  Ran sniper 1 time this iteration (111 total).

=== Iteration 106 ===
  Evaluating 1 configuration(s) (top acquisition score of 400 candidates)...
  [mesmo] bpt=nn l1da=4 l1d=16 l1ia=4 l1i=32 l2a=4 l2=128 l3a=4 l3=1024 nnbl=64 nnlr=0.005 robc=10 robd=2 robw=16  ASI= 3.1149  S=0.9699  A=  32.98  P= 13.66  [Strongly Sust.]
  Deleted 2 non-Pareto output directories.

  Pareto front after iteration 106 (16 points, HV=3.2711):
  Params                                  ASI  Speedup     Area  PeakPow  Region
  ──────────────────────────────────────────────────────────────────────────────
  bpt=pentium_m l1da=8 l1d=64 l1ia=8 l1i=16 l2a=4 l2=512 l3a=8 l3=4096 robc=10 robd=2 robw=1024   0.8626   1.0609    70.94    37.26  Unsustainable
  bpt=pentium_m l1da=4 l1d=64 l1ia=4 l1i=16 l2a=8 l2=512 l3a=16 l3=1024 robc=2 robd=2 robw=1024   1.1369   1.0609    47.72    33.88  Strongly Sust.
  bpt=pentium_m l1da=8 l1d=64 l1ia=8 l1i=16 l2a=8 l2=512 l3a=16 l3=1024 robc=10 robd=2 robw=512   1.5034   1.0608    50.78    25.06  Strongly Sust.
  bpt=pentium_m l1da=4 l1d=64 l1ia=8 l1i=64 l2a=8 l2=512 l3a=16 l3=2048 robc=10 robd=4 robw=128   1.6488   1.0608    53.40    22.41  Strongly Sust.
  bpt=pentium_m l1da=4 l1d=64 l1ia=8 l1i=64 l2a=8 l2=512 l3a=16 l3=2048 robc=8 robd=4 robw=128   1.6488   1.0607    53.40    22.41  Strongly Sust.
  bpt=pentium_m l1da=4 l1d=64 l1ia=4 l1i=16 l2a=8 l2=512 l3a=8 l3=1024 robc=10 robd=2 robw=64   2.5978   1.0606    41.00    15.54  Strongly Sust.
  bpt=nn l1da=4 l1d=64 l1ia=4 l1i=32 l2a=8 l2=512 l3a=4 l3=1024 nnbl=64 nnlr=0.0005 robc=8 robd=2 robw=32   2.6225   1.0606    41.18    15.37  Strongly Sust.
  bpt=nn l1da=4 l1d=32 l1ia=4 l1i=64 l2a=4 l2=256 l3a=4 l3=1024 nnbl=16 nnlr=0.005 robc=2 robd=2 robw=16   2.9891   1.0002    34.74    14.08  Strongly Sust.
  bpt=nn l1da=4 l1d=32 l1ia=4 l1i=64 l2a=4 l2=256 l3a=4 l3=1024 nnbl=16 nnlr=0.005 robc=10 robd=2 robw=16   2.9892   1.0000    34.74    14.08  Strongly Sust.
  bpt=nn l1da=4 l1d=64 l1ia=4 l1i=32 l2a=8 l2=128 l3a=4 l3=1024 nnbl=64 nnlr=0.0005 robc=8 robd=2 robw=32   3.0414   0.9746    33.46    13.95  Strongly Sust.
  bp=2048 bpt=a53 l1da=4 l1d=64 l1ia=4 l1i=32 l2a=8 l2=128 l3a=4 l3=1024 nhist=2 robc=8 robd=2 robw=16   3.0844   0.9744    33.37    13.76  Strongly Sust.
  bpt=nn l1da=4 l1d=64 l1ia=4 l1i=32 l2a=8 l2=128 l3a=4 l3=1024 nnbl=16 nnlr=0.0005 robc=8 robd=2 robw=16   3.0849   0.9734    33.37    13.76  Strongly Sust.
  bp=512 bpt=a53 l1da=4 l1d=16 l1ia=4 l1i=32 l2a=8 l2=128 l3a=4 l3=1024 nhist=2 robc=10 robd=2 robw=16   3.1106   0.9724    33.00    13.68  Strongly Sust.
  bpt=nn l1da=4 l1d=16 l1ia=4 l1i=32 l2a=8 l2=128 l3a=4 l3=1024 nnbl=16 nnlr=0.005 robc=8 robd=2 robw=16   3.1108   0.9720    33.00    13.68  Strongly Sust.
  bpt=nn l1da=4 l1d=16 l1ia=4 l1i=32 l2a=8 l2=128 l3a=4 l3=1024 nnbl=64 nnlr=0.005 robc=10 robd=2 robw=16   3.1117   0.9703    33.00    13.68  Strongly Sust.
  bpt=nn l1da=4 l1d=16 l1ia=4 l1i=32 l2a=4 l2=128 l3a=4 l3=1024 nnbl=64 nnlr=0.005 robc=10 robd=2 robw=16   3.1149   0.9699    32.98    13.66  Strongly Sust.
  Ran sniper 1 time this iteration (112 total).

=== Iteration 107 ===
  Evaluating 1 configuration(s) (top acquisition score of 400 candidates)...
  [mesmo] bpt=nn l1da=4 l1d=64 l1ia=4 l1i=16 l2a=8 l2=512 l3a=4 l3=2048 nnbl=64 nnlr=0.005 robc=2 robd=8 robw=32  ASI= 0.8663  S=1.0575  A=  59.38  P= 40.76  [Unsustainable]
  Deleted 1 non-Pareto output directory.

  Pareto front after iteration 107 (16 points, HV=3.2711):
  Params                                  ASI  Speedup     Area  PeakPow  Region
  ──────────────────────────────────────────────────────────────────────────────
  bpt=pentium_m l1da=8 l1d=64 l1ia=8 l1i=16 l2a=4 l2=512 l3a=8 l3=4096 robc=10 robd=2 robw=1024   0.8626   1.0609    70.94    37.26  Unsustainable
  bpt=pentium_m l1da=4 l1d=64 l1ia=4 l1i=16 l2a=8 l2=512 l3a=16 l3=1024 robc=2 robd=2 robw=1024   1.1369   1.0609    47.72    33.88  Strongly Sust.
  bpt=pentium_m l1da=8 l1d=64 l1ia=8 l1i=16 l2a=8 l2=512 l3a=16 l3=1024 robc=10 robd=2 robw=512   1.5034   1.0608    50.78    25.06  Strongly Sust.
  bpt=pentium_m l1da=4 l1d=64 l1ia=8 l1i=64 l2a=8 l2=512 l3a=16 l3=2048 robc=10 robd=4 robw=128   1.6488   1.0608    53.40    22.41  Strongly Sust.
  bpt=pentium_m l1da=4 l1d=64 l1ia=8 l1i=64 l2a=8 l2=512 l3a=16 l3=2048 robc=8 robd=4 robw=128   1.6488   1.0607    53.40    22.41  Strongly Sust.
  bpt=pentium_m l1da=4 l1d=64 l1ia=4 l1i=16 l2a=8 l2=512 l3a=8 l3=1024 robc=10 robd=2 robw=64   2.5978   1.0606    41.00    15.54  Strongly Sust.
  bpt=nn l1da=4 l1d=64 l1ia=4 l1i=32 l2a=8 l2=512 l3a=4 l3=1024 nnbl=64 nnlr=0.0005 robc=8 robd=2 robw=32   2.6225   1.0606    41.18    15.37  Strongly Sust.
  bpt=nn l1da=4 l1d=32 l1ia=4 l1i=64 l2a=4 l2=256 l3a=4 l3=1024 nnbl=16 nnlr=0.005 robc=2 robd=2 robw=16   2.9891   1.0002    34.74    14.08  Strongly Sust.
  bpt=nn l1da=4 l1d=32 l1ia=4 l1i=64 l2a=4 l2=256 l3a=4 l3=1024 nnbl=16 nnlr=0.005 robc=10 robd=2 robw=16   2.9892   1.0000    34.74    14.08  Strongly Sust.
  bpt=nn l1da=4 l1d=64 l1ia=4 l1i=32 l2a=8 l2=128 l3a=4 l3=1024 nnbl=64 nnlr=0.0005 robc=8 robd=2 robw=32   3.0414   0.9746    33.46    13.95  Strongly Sust.
  bp=2048 bpt=a53 l1da=4 l1d=64 l1ia=4 l1i=32 l2a=8 l2=128 l3a=4 l3=1024 nhist=2 robc=8 robd=2 robw=16   3.0844   0.9744    33.37    13.76  Strongly Sust.
  bpt=nn l1da=4 l1d=64 l1ia=4 l1i=32 l2a=8 l2=128 l3a=4 l3=1024 nnbl=16 nnlr=0.0005 robc=8 robd=2 robw=16   3.0849   0.9734    33.37    13.76  Strongly Sust.
  bp=512 bpt=a53 l1da=4 l1d=16 l1ia=4 l1i=32 l2a=8 l2=128 l3a=4 l3=1024 nhist=2 robc=10 robd=2 robw=16   3.1106   0.9724    33.00    13.68  Strongly Sust.
  bpt=nn l1da=4 l1d=16 l1ia=4 l1i=32 l2a=8 l2=128 l3a=4 l3=1024 nnbl=16 nnlr=0.005 robc=8 robd=2 robw=16   3.1108   0.9720    33.00    13.68  Strongly Sust.
  bpt=nn l1da=4 l1d=16 l1ia=4 l1i=32 l2a=8 l2=128 l3a=4 l3=1024 nnbl=64 nnlr=0.005 robc=10 robd=2 robw=16   3.1117   0.9703    33.00    13.68  Strongly Sust.
  bpt=nn l1da=4 l1d=16 l1ia=4 l1i=32 l2a=4 l2=128 l3a=4 l3=1024 nnbl=64 nnlr=0.005 robc=10 robd=2 robw=16   3.1149   0.9699    32.98    13.66  Strongly Sust.
  Ran sniper 1 time this iteration (113 total).

=== Iteration 108 ===
  Evaluating 1 configuration(s) (top acquisition score of 400 candidates)...
  [mesmo] bp=2048 bpt=a53 l1da=4 l1d=16 l1ia=4 l1i=64 l2a=4 l2=512 l3a=16 l3=4096 nhist=4 robc=8 robd=8 robw=64  ASI= 0.7290  S=1.0581  A=  72.35  P= 43.56  [Unsustainable]
  Deleted 1 non-Pareto output directory.

  Pareto front after iteration 108 (16 points, HV=3.2711):
  Params                                  ASI  Speedup     Area  PeakPow  Region
  ──────────────────────────────────────────────────────────────────────────────
  bpt=pentium_m l1da=8 l1d=64 l1ia=8 l1i=16 l2a=4 l2=512 l3a=8 l3=4096 robc=10 robd=2 robw=1024   0.8626   1.0609    70.94    37.26  Unsustainable
  bpt=pentium_m l1da=4 l1d=64 l1ia=4 l1i=16 l2a=8 l2=512 l3a=16 l3=1024 robc=2 robd=2 robw=1024   1.1369   1.0609    47.72    33.88  Strongly Sust.
  bpt=pentium_m l1da=8 l1d=64 l1ia=8 l1i=16 l2a=8 l2=512 l3a=16 l3=1024 robc=10 robd=2 robw=512   1.5034   1.0608    50.78    25.06  Strongly Sust.
  bpt=pentium_m l1da=4 l1d=64 l1ia=8 l1i=64 l2a=8 l2=512 l3a=16 l3=2048 robc=10 robd=4 robw=128   1.6488   1.0608    53.40    22.41  Strongly Sust.
  bpt=pentium_m l1da=4 l1d=64 l1ia=8 l1i=64 l2a=8 l2=512 l3a=16 l3=2048 robc=8 robd=4 robw=128   1.6488   1.0607    53.40    22.41  Strongly Sust.
  bpt=pentium_m l1da=4 l1d=64 l1ia=4 l1i=16 l2a=8 l2=512 l3a=8 l3=1024 robc=10 robd=2 robw=64   2.5978   1.0606    41.00    15.54  Strongly Sust.
  bpt=nn l1da=4 l1d=64 l1ia=4 l1i=32 l2a=8 l2=512 l3a=4 l3=1024 nnbl=64 nnlr=0.0005 robc=8 robd=2 robw=32   2.6225   1.0606    41.18    15.37  Strongly Sust.
  bpt=nn l1da=4 l1d=32 l1ia=4 l1i=64 l2a=4 l2=256 l3a=4 l3=1024 nnbl=16 nnlr=0.005 robc=2 robd=2 robw=16   2.9891   1.0002    34.74    14.08  Strongly Sust.
  bpt=nn l1da=4 l1d=32 l1ia=4 l1i=64 l2a=4 l2=256 l3a=4 l3=1024 nnbl=16 nnlr=0.005 robc=10 robd=2 robw=16   2.9892   1.0000    34.74    14.08  Strongly Sust.
  bpt=nn l1da=4 l1d=64 l1ia=4 l1i=32 l2a=8 l2=128 l3a=4 l3=1024 nnbl=64 nnlr=0.0005 robc=8 robd=2 robw=32   3.0414   0.9746    33.46    13.95  Strongly Sust.
  bp=2048 bpt=a53 l1da=4 l1d=64 l1ia=4 l1i=32 l2a=8 l2=128 l3a=4 l3=1024 nhist=2 robc=8 robd=2 robw=16   3.0844   0.9744    33.37    13.76  Strongly Sust.
  bpt=nn l1da=4 l1d=64 l1ia=4 l1i=32 l2a=8 l2=128 l3a=4 l3=1024 nnbl=16 nnlr=0.0005 robc=8 robd=2 robw=16   3.0849   0.9734    33.37    13.76  Strongly Sust.
  bp=512 bpt=a53 l1da=4 l1d=16 l1ia=4 l1i=32 l2a=8 l2=128 l3a=4 l3=1024 nhist=2 robc=10 robd=2 robw=16   3.1106   0.9724    33.00    13.68  Strongly Sust.
  bpt=nn l1da=4 l1d=16 l1ia=4 l1i=32 l2a=8 l2=128 l3a=4 l3=1024 nnbl=16 nnlr=0.005 robc=8 robd=2 robw=16   3.1108   0.9720    33.00    13.68  Strongly Sust.
  bpt=nn l1da=4 l1d=16 l1ia=4 l1i=32 l2a=8 l2=128 l3a=4 l3=1024 nnbl=64 nnlr=0.005 robc=10 robd=2 robw=16   3.1117   0.9703    33.00    13.68  Strongly Sust.
  bpt=nn l1da=4 l1d=16 l1ia=4 l1i=32 l2a=4 l2=128 l3a=4 l3=1024 nnbl=64 nnlr=0.005 robc=10 robd=2 robw=16   3.1149   0.9699    32.98    13.66  Strongly Sust.
  Ran sniper 1 time this iteration (114 total).

=== Iteration 109 ===
  Evaluating 1 configuration(s) (top acquisition score of 400 candidates)...
  [mesmo] bpt=nn l1da=8 l1d=32 l1ia=8 l1i=64 l2a=8 l2=512 l3a=4 l3=1024 nnbl=16 nnlr=0.005 robc=4 robd=4 robw=1024  ASI= 0.2334  S=1.0590  A=  67.13  P=142.19  [Unsustainable]
  Deleted 1 non-Pareto output directory.

  Pareto front after iteration 109 (16 points, HV=3.2711):
  Params                                  ASI  Speedup     Area  PeakPow  Region
  ──────────────────────────────────────────────────────────────────────────────
  bpt=pentium_m l1da=8 l1d=64 l1ia=8 l1i=16 l2a=4 l2=512 l3a=8 l3=4096 robc=10 robd=2 robw=1024   0.8626   1.0609    70.94    37.26  Unsustainable
  bpt=pentium_m l1da=4 l1d=64 l1ia=4 l1i=16 l2a=8 l2=512 l3a=16 l3=1024 robc=2 robd=2 robw=1024   1.1369   1.0609    47.72    33.88  Strongly Sust.
  bpt=pentium_m l1da=8 l1d=64 l1ia=8 l1i=16 l2a=8 l2=512 l3a=16 l3=1024 robc=10 robd=2 robw=512   1.5034   1.0608    50.78    25.06  Strongly Sust.
  bpt=pentium_m l1da=4 l1d=64 l1ia=8 l1i=64 l2a=8 l2=512 l3a=16 l3=2048 robc=10 robd=4 robw=128   1.6488   1.0608    53.40    22.41  Strongly Sust.
  bpt=pentium_m l1da=4 l1d=64 l1ia=8 l1i=64 l2a=8 l2=512 l3a=16 l3=2048 robc=8 robd=4 robw=128   1.6488   1.0607    53.40    22.41  Strongly Sust.
  bpt=pentium_m l1da=4 l1d=64 l1ia=4 l1i=16 l2a=8 l2=512 l3a=8 l3=1024 robc=10 robd=2 robw=64   2.5978   1.0606    41.00    15.54  Strongly Sust.
  bpt=nn l1da=4 l1d=64 l1ia=4 l1i=32 l2a=8 l2=512 l3a=4 l3=1024 nnbl=64 nnlr=0.0005 robc=8 robd=2 robw=32   2.6225   1.0606    41.18    15.37  Strongly Sust.
  bpt=nn l1da=4 l1d=32 l1ia=4 l1i=64 l2a=4 l2=256 l3a=4 l3=1024 nnbl=16 nnlr=0.005 robc=2 robd=2 robw=16   2.9891   1.0002    34.74    14.08  Strongly Sust.
  bpt=nn l1da=4 l1d=32 l1ia=4 l1i=64 l2a=4 l2=256 l3a=4 l3=1024 nnbl=16 nnlr=0.005 robc=10 robd=2 robw=16   2.9892   1.0000    34.74    14.08  Strongly Sust.
  bpt=nn l1da=4 l1d=64 l1ia=4 l1i=32 l2a=8 l2=128 l3a=4 l3=1024 nnbl=64 nnlr=0.0005 robc=8 robd=2 robw=32   3.0414   0.9746    33.46    13.95  Strongly Sust.
  bp=2048 bpt=a53 l1da=4 l1d=64 l1ia=4 l1i=32 l2a=8 l2=128 l3a=4 l3=1024 nhist=2 robc=8 robd=2 robw=16   3.0844   0.9744    33.37    13.76  Strongly Sust.
  bpt=nn l1da=4 l1d=64 l1ia=4 l1i=32 l2a=8 l2=128 l3a=4 l3=1024 nnbl=16 nnlr=0.0005 robc=8 robd=2 robw=16   3.0849   0.9734    33.37    13.76  Strongly Sust.
  bp=512 bpt=a53 l1da=4 l1d=16 l1ia=4 l1i=32 l2a=8 l2=128 l3a=4 l3=1024 nhist=2 robc=10 robd=2 robw=16   3.1106   0.9724    33.00    13.68  Strongly Sust.
  bpt=nn l1da=4 l1d=16 l1ia=4 l1i=32 l2a=8 l2=128 l3a=4 l3=1024 nnbl=16 nnlr=0.005 robc=8 robd=2 robw=16   3.1108   0.9720    33.00    13.68  Strongly Sust.
  bpt=nn l1da=4 l1d=16 l1ia=4 l1i=32 l2a=8 l2=128 l3a=4 l3=1024 nnbl=64 nnlr=0.005 robc=10 robd=2 robw=16   3.1117   0.9703    33.00    13.68  Strongly Sust.
  bpt=nn l1da=4 l1d=16 l1ia=4 l1i=32 l2a=4 l2=128 l3a=4 l3=1024 nnbl=64 nnlr=0.005 robc=10 robd=2 robw=16   3.1149   0.9699    32.98    13.66  Strongly Sust.
  Ran sniper 1 time this iteration (115 total).

=== Iteration 110 ===
  Evaluating 1 configuration(s) (top acquisition score of 400 candidates)...
  [mesmo] bp=512 bpt=a53 l1da=4 l1d=16 l1ia=8 l1i=64 l2a=4 l2=512 l3a=4 l3=8192 nhist=2 robc=8 robd=10 robw=256  ASI= 0.0114  S=1.0581  A= 146.64  P=999.28  [Unsustainable]
  Deleted 1 non-Pareto output directory.

  Pareto front after iteration 110 (16 points, HV=3.2711):
  Params                                  ASI  Speedup     Area  PeakPow  Region
  ──────────────────────────────────────────────────────────────────────────────
  bpt=pentium_m l1da=8 l1d=64 l1ia=8 l1i=16 l2a=4 l2=512 l3a=8 l3=4096 robc=10 robd=2 robw=1024   0.8626   1.0609    70.94    37.26  Unsustainable
  bpt=pentium_m l1da=4 l1d=64 l1ia=4 l1i=16 l2a=8 l2=512 l3a=16 l3=1024 robc=2 robd=2 robw=1024   1.1369   1.0609    47.72    33.88  Strongly Sust.
  bpt=pentium_m l1da=8 l1d=64 l1ia=8 l1i=16 l2a=8 l2=512 l3a=16 l3=1024 robc=10 robd=2 robw=512   1.5034   1.0608    50.78    25.06  Strongly Sust.
  bpt=pentium_m l1da=4 l1d=64 l1ia=8 l1i=64 l2a=8 l2=512 l3a=16 l3=2048 robc=10 robd=4 robw=128   1.6488   1.0608    53.40    22.41  Strongly Sust.
  bpt=pentium_m l1da=4 l1d=64 l1ia=8 l1i=64 l2a=8 l2=512 l3a=16 l3=2048 robc=8 robd=4 robw=128   1.6488   1.0607    53.40    22.41  Strongly Sust.
  bpt=pentium_m l1da=4 l1d=64 l1ia=4 l1i=16 l2a=8 l2=512 l3a=8 l3=1024 robc=10 robd=2 robw=64   2.5978   1.0606    41.00    15.54  Strongly Sust.
  bpt=nn l1da=4 l1d=64 l1ia=4 l1i=32 l2a=8 l2=512 l3a=4 l3=1024 nnbl=64 nnlr=0.0005 robc=8 robd=2 robw=32   2.6225   1.0606    41.18    15.37  Strongly Sust.
  bpt=nn l1da=4 l1d=32 l1ia=4 l1i=64 l2a=4 l2=256 l3a=4 l3=1024 nnbl=16 nnlr=0.005 robc=2 robd=2 robw=16   2.9891   1.0002    34.74    14.08  Strongly Sust.
  bpt=nn l1da=4 l1d=32 l1ia=4 l1i=64 l2a=4 l2=256 l3a=4 l3=1024 nnbl=16 nnlr=0.005 robc=10 robd=2 robw=16   2.9892   1.0000    34.74    14.08  Strongly Sust.
  bpt=nn l1da=4 l1d=64 l1ia=4 l1i=32 l2a=8 l2=128 l3a=4 l3=1024 nnbl=64 nnlr=0.0005 robc=8 robd=2 robw=32   3.0414   0.9746    33.46    13.95  Strongly Sust.
  bp=2048 bpt=a53 l1da=4 l1d=64 l1ia=4 l1i=32 l2a=8 l2=128 l3a=4 l3=1024 nhist=2 robc=8 robd=2 robw=16   3.0844   0.9744    33.37    13.76  Strongly Sust.
  bpt=nn l1da=4 l1d=64 l1ia=4 l1i=32 l2a=8 l2=128 l3a=4 l3=1024 nnbl=16 nnlr=0.0005 robc=8 robd=2 robw=16   3.0849   0.9734    33.37    13.76  Strongly Sust.
  bp=512 bpt=a53 l1da=4 l1d=16 l1ia=4 l1i=32 l2a=8 l2=128 l3a=4 l3=1024 nhist=2 robc=10 robd=2 robw=16   3.1106   0.9724    33.00    13.68  Strongly Sust.
  bpt=nn l1da=4 l1d=16 l1ia=4 l1i=32 l2a=8 l2=128 l3a=4 l3=1024 nnbl=16 nnlr=0.005 robc=8 robd=2 robw=16   3.1108   0.9720    33.00    13.68  Strongly Sust.
  bpt=nn l1da=4 l1d=16 l1ia=4 l1i=32 l2a=8 l2=128 l3a=4 l3=1024 nnbl=64 nnlr=0.005 robc=10 robd=2 robw=16   3.1117   0.9703    33.00    13.68  Strongly Sust.
  bpt=nn l1da=4 l1d=16 l1ia=4 l1i=32 l2a=4 l2=128 l3a=4 l3=1024 nnbl=64 nnlr=0.005 robc=10 robd=2 robw=16   3.1149   0.9699    32.98    13.66  Strongly Sust.
  Ran sniper 1 time this iteration (116 total).

=== Iteration 111 ===
  Evaluating 1 configuration(s) (top acquisition score of 400 candidates)...
  [mesmo] bpt=tage l1da=4 l1d=16 l1ia=8 l1i=32 l2a=4 l2=512 l3a=16 l3=4096 robc=8 robd=8 robw=512  ASI= 0.0246  S=1.0583  A= 119.58  P=762.98  [Unsustainable]
  Deleted 1 non-Pareto output directory.

  Pareto front after iteration 111 (16 points, HV=3.2711):
  Params                                  ASI  Speedup     Area  PeakPow  Region
  ──────────────────────────────────────────────────────────────────────────────
  bpt=pentium_m l1da=8 l1d=64 l1ia=8 l1i=16 l2a=4 l2=512 l3a=8 l3=4096 robc=10 robd=2 robw=1024   0.8626   1.0609    70.94    37.26  Unsustainable
  bpt=pentium_m l1da=4 l1d=64 l1ia=4 l1i=16 l2a=8 l2=512 l3a=16 l3=1024 robc=2 robd=2 robw=1024   1.1369   1.0609    47.72    33.88  Strongly Sust.
  bpt=pentium_m l1da=8 l1d=64 l1ia=8 l1i=16 l2a=8 l2=512 l3a=16 l3=1024 robc=10 robd=2 robw=512   1.5034   1.0608    50.78    25.06  Strongly Sust.
  bpt=pentium_m l1da=4 l1d=64 l1ia=8 l1i=64 l2a=8 l2=512 l3a=16 l3=2048 robc=10 robd=4 robw=128   1.6488   1.0608    53.40    22.41  Strongly Sust.
  bpt=pentium_m l1da=4 l1d=64 l1ia=8 l1i=64 l2a=8 l2=512 l3a=16 l3=2048 robc=8 robd=4 robw=128   1.6488   1.0607    53.40    22.41  Strongly Sust.
  bpt=pentium_m l1da=4 l1d=64 l1ia=4 l1i=16 l2a=8 l2=512 l3a=8 l3=1024 robc=10 robd=2 robw=64   2.5978   1.0606    41.00    15.54  Strongly Sust.
  bpt=nn l1da=4 l1d=64 l1ia=4 l1i=32 l2a=8 l2=512 l3a=4 l3=1024 nnbl=64 nnlr=0.0005 robc=8 robd=2 robw=32   2.6225   1.0606    41.18    15.37  Strongly Sust.
  bpt=nn l1da=4 l1d=32 l1ia=4 l1i=64 l2a=4 l2=256 l3a=4 l3=1024 nnbl=16 nnlr=0.005 robc=2 robd=2 robw=16   2.9891   1.0002    34.74    14.08  Strongly Sust.
  bpt=nn l1da=4 l1d=32 l1ia=4 l1i=64 l2a=4 l2=256 l3a=4 l3=1024 nnbl=16 nnlr=0.005 robc=10 robd=2 robw=16   2.9892   1.0000    34.74    14.08  Strongly Sust.
  bpt=nn l1da=4 l1d=64 l1ia=4 l1i=32 l2a=8 l2=128 l3a=4 l3=1024 nnbl=64 nnlr=0.0005 robc=8 robd=2 robw=32   3.0414   0.9746    33.46    13.95  Strongly Sust.
  bp=2048 bpt=a53 l1da=4 l1d=64 l1ia=4 l1i=32 l2a=8 l2=128 l3a=4 l3=1024 nhist=2 robc=8 robd=2 robw=16   3.0844   0.9744    33.37    13.76  Strongly Sust.
  bpt=nn l1da=4 l1d=64 l1ia=4 l1i=32 l2a=8 l2=128 l3a=4 l3=1024 nnbl=16 nnlr=0.0005 robc=8 robd=2 robw=16   3.0849   0.9734    33.37    13.76  Strongly Sust.
  bp=512 bpt=a53 l1da=4 l1d=16 l1ia=4 l1i=32 l2a=8 l2=128 l3a=4 l3=1024 nhist=2 robc=10 robd=2 robw=16   3.1106   0.9724    33.00    13.68  Strongly Sust.
  bpt=nn l1da=4 l1d=16 l1ia=4 l1i=32 l2a=8 l2=128 l3a=4 l3=1024 nnbl=16 nnlr=0.005 robc=8 robd=2 robw=16   3.1108   0.9720    33.00    13.68  Strongly Sust.
  bpt=nn l1da=4 l1d=16 l1ia=4 l1i=32 l2a=8 l2=128 l3a=4 l3=1024 nnbl=64 nnlr=0.005 robc=10 robd=2 robw=16   3.1117   0.9703    33.00    13.68  Strongly Sust.
  bpt=nn l1da=4 l1d=16 l1ia=4 l1i=32 l2a=4 l2=128 l3a=4 l3=1024 nnbl=64 nnlr=0.005 robc=10 robd=2 robw=16   3.1149   0.9699    32.98    13.66  Strongly Sust.
  Ran sniper 1 time this iteration (117 total).

=== Iteration 112 ===
  Evaluating 1 configuration(s) (top acquisition score of 400 candidates)...
  [mesmo] bp=512 bpt=a53 l1da=4 l1d=64 l1ia=8 l1i=32 l2a=4 l2=512 l3a=16 l3=8192 nhist=4 robc=8 robd=8 robw=64  ASI= 0.4706  S=1.0605  A= 106.59  P= 47.51  [Unsustainable]
  Deleted 1 non-Pareto output directory.

  Pareto front after iteration 112 (16 points, HV=3.2711):
  Params                                  ASI  Speedup     Area  PeakPow  Region
  ──────────────────────────────────────────────────────────────────────────────
  bpt=pentium_m l1da=8 l1d=64 l1ia=8 l1i=16 l2a=4 l2=512 l3a=8 l3=4096 robc=10 robd=2 robw=1024   0.8626   1.0609    70.94    37.26  Unsustainable
  bpt=pentium_m l1da=4 l1d=64 l1ia=4 l1i=16 l2a=8 l2=512 l3a=16 l3=1024 robc=2 robd=2 robw=1024   1.1369   1.0609    47.72    33.88  Strongly Sust.
  bpt=pentium_m l1da=8 l1d=64 l1ia=8 l1i=16 l2a=8 l2=512 l3a=16 l3=1024 robc=10 robd=2 robw=512   1.5034   1.0608    50.78    25.06  Strongly Sust.
  bpt=pentium_m l1da=4 l1d=64 l1ia=8 l1i=64 l2a=8 l2=512 l3a=16 l3=2048 robc=10 robd=4 robw=128   1.6488   1.0608    53.40    22.41  Strongly Sust.
  bpt=pentium_m l1da=4 l1d=64 l1ia=8 l1i=64 l2a=8 l2=512 l3a=16 l3=2048 robc=8 robd=4 robw=128   1.6488   1.0607    53.40    22.41  Strongly Sust.
  bpt=pentium_m l1da=4 l1d=64 l1ia=4 l1i=16 l2a=8 l2=512 l3a=8 l3=1024 robc=10 robd=2 robw=64   2.5978   1.0606    41.00    15.54  Strongly Sust.
  bpt=nn l1da=4 l1d=64 l1ia=4 l1i=32 l2a=8 l2=512 l3a=4 l3=1024 nnbl=64 nnlr=0.0005 robc=8 robd=2 robw=32   2.6225   1.0606    41.18    15.37  Strongly Sust.
  bpt=nn l1da=4 l1d=32 l1ia=4 l1i=64 l2a=4 l2=256 l3a=4 l3=1024 nnbl=16 nnlr=0.005 robc=2 robd=2 robw=16   2.9891   1.0002    34.74    14.08  Strongly Sust.
  bpt=nn l1da=4 l1d=32 l1ia=4 l1i=64 l2a=4 l2=256 l3a=4 l3=1024 nnbl=16 nnlr=0.005 robc=10 robd=2 robw=16   2.9892   1.0000    34.74    14.08  Strongly Sust.
  bpt=nn l1da=4 l1d=64 l1ia=4 l1i=32 l2a=8 l2=128 l3a=4 l3=1024 nnbl=64 nnlr=0.0005 robc=8 robd=2 robw=32   3.0414   0.9746    33.46    13.95  Strongly Sust.
  bp=2048 bpt=a53 l1da=4 l1d=64 l1ia=4 l1i=32 l2a=8 l2=128 l3a=4 l3=1024 nhist=2 robc=8 robd=2 robw=16   3.0844   0.9744    33.37    13.76  Strongly Sust.
  bpt=nn l1da=4 l1d=64 l1ia=4 l1i=32 l2a=8 l2=128 l3a=4 l3=1024 nnbl=16 nnlr=0.0005 robc=8 robd=2 robw=16   3.0849   0.9734    33.37    13.76  Strongly Sust.
  bp=512 bpt=a53 l1da=4 l1d=16 l1ia=4 l1i=32 l2a=8 l2=128 l3a=4 l3=1024 nhist=2 robc=10 robd=2 robw=16   3.1106   0.9724    33.00    13.68  Strongly Sust.
  bpt=nn l1da=4 l1d=16 l1ia=4 l1i=32 l2a=8 l2=128 l3a=4 l3=1024 nnbl=16 nnlr=0.005 robc=8 robd=2 robw=16   3.1108   0.9720    33.00    13.68  Strongly Sust.
  bpt=nn l1da=4 l1d=16 l1ia=4 l1i=32 l2a=8 l2=128 l3a=4 l3=1024 nnbl=64 nnlr=0.005 robc=10 robd=2 robw=16   3.1117   0.9703    33.00    13.68  Strongly Sust.
  bpt=nn l1da=4 l1d=16 l1ia=4 l1i=32 l2a=4 l2=128 l3a=4 l3=1024 nnbl=64 nnlr=0.005 robc=10 robd=2 robw=16   3.1149   0.9699    32.98    13.66  Strongly Sust.
  Ran sniper 1 time this iteration (118 total).

=== Iteration 113 ===
  Evaluating 1 configuration(s) (top acquisition score of 400 candidates)...
  [mesmo] bpt=tage l1da=4 l1d=16 l1ia=4 l1i=32 l2a=4 l2=128 l3a=4 l3=1024 robc=10 robd=2 robw=16  ASI= 3.1136  S=0.9724  A=  32.98  P= 13.67  [Strongly Sust.]
  Deleted 3 non-Pareto output directories.

  Pareto front after iteration 113 (14 points, HV=3.2711):
  Params                                  ASI  Speedup     Area  PeakPow  Region
  ──────────────────────────────────────────────────────────────────────────────
  bpt=pentium_m l1da=8 l1d=64 l1ia=8 l1i=16 l2a=4 l2=512 l3a=8 l3=4096 robc=10 robd=2 robw=1024   0.8626   1.0609    70.94    37.26  Unsustainable
  bpt=pentium_m l1da=4 l1d=64 l1ia=4 l1i=16 l2a=8 l2=512 l3a=16 l3=1024 robc=2 robd=2 robw=1024   1.1369   1.0609    47.72    33.88  Strongly Sust.
  bpt=pentium_m l1da=8 l1d=64 l1ia=8 l1i=16 l2a=8 l2=512 l3a=16 l3=1024 robc=10 robd=2 robw=512   1.5034   1.0608    50.78    25.06  Strongly Sust.
  bpt=pentium_m l1da=4 l1d=64 l1ia=8 l1i=64 l2a=8 l2=512 l3a=16 l3=2048 robc=10 robd=4 robw=128   1.6488   1.0608    53.40    22.41  Strongly Sust.
  bpt=pentium_m l1da=4 l1d=64 l1ia=8 l1i=64 l2a=8 l2=512 l3a=16 l3=2048 robc=8 robd=4 robw=128   1.6488   1.0607    53.40    22.41  Strongly Sust.
  bpt=pentium_m l1da=4 l1d=64 l1ia=4 l1i=16 l2a=8 l2=512 l3a=8 l3=1024 robc=10 robd=2 robw=64   2.5978   1.0606    41.00    15.54  Strongly Sust.
  bpt=nn l1da=4 l1d=64 l1ia=4 l1i=32 l2a=8 l2=512 l3a=4 l3=1024 nnbl=64 nnlr=0.0005 robc=8 robd=2 robw=32   2.6225   1.0606    41.18    15.37  Strongly Sust.
  bpt=nn l1da=4 l1d=32 l1ia=4 l1i=64 l2a=4 l2=256 l3a=4 l3=1024 nnbl=16 nnlr=0.005 robc=2 robd=2 robw=16   2.9891   1.0002    34.74    14.08  Strongly Sust.
  bpt=nn l1da=4 l1d=32 l1ia=4 l1i=64 l2a=4 l2=256 l3a=4 l3=1024 nnbl=16 nnlr=0.005 robc=10 robd=2 robw=16   2.9892   1.0000    34.74    14.08  Strongly Sust.
  bpt=nn l1da=4 l1d=64 l1ia=4 l1i=32 l2a=8 l2=128 l3a=4 l3=1024 nnbl=64 nnlr=0.0005 robc=8 robd=2 robw=32   3.0414   0.9746    33.46    13.95  Strongly Sust.
  bp=2048 bpt=a53 l1da=4 l1d=64 l1ia=4 l1i=32 l2a=8 l2=128 l3a=4 l3=1024 nhist=2 robc=8 robd=2 robw=16   3.0844   0.9744    33.37    13.76  Strongly Sust.
  bpt=nn l1da=4 l1d=64 l1ia=4 l1i=32 l2a=8 l2=128 l3a=4 l3=1024 nnbl=16 nnlr=0.0005 robc=8 robd=2 robw=16   3.0849   0.9734    33.37    13.76  Strongly Sust.
  bpt=tage l1da=4 l1d=16 l1ia=4 l1i=32 l2a=4 l2=128 l3a=4 l3=1024 robc=10 robd=2 robw=16   3.1136   0.9724    32.98    13.67  Strongly Sust.
  bpt=nn l1da=4 l1d=16 l1ia=4 l1i=32 l2a=4 l2=128 l3a=4 l3=1024 nnbl=64 nnlr=0.005 robc=10 robd=2 robw=16   3.1149   0.9699    32.98    13.66  Strongly Sust.
  Ran sniper 1 time this iteration (119 total).

=== Iteration 114 ===
  Evaluating 1 configuration(s) (top acquisition score of 400 candidates)...
  [mesmo] bpt=pentium_m l1da=8 l1d=16 l1ia=8 l1i=32 l2a=8 l2=512 l3a=8 l3=4096 robc=4 robd=10 robw=16  ASI= 0.5179  S=1.0581  A=  80.91  P= 56.78  [Unsustainable]
  Deleted 1 non-Pareto output directory.

  Pareto front after iteration 114 (14 points, HV=3.2711):
  Params                                  ASI  Speedup     Area  PeakPow  Region
  ──────────────────────────────────────────────────────────────────────────────
  bpt=pentium_m l1da=8 l1d=64 l1ia=8 l1i=16 l2a=4 l2=512 l3a=8 l3=4096 robc=10 robd=2 robw=1024   0.8626   1.0609    70.94    37.26  Unsustainable
  bpt=pentium_m l1da=4 l1d=64 l1ia=4 l1i=16 l2a=8 l2=512 l3a=16 l3=1024 robc=2 robd=2 robw=1024   1.1369   1.0609    47.72    33.88  Strongly Sust.
  bpt=pentium_m l1da=8 l1d=64 l1ia=8 l1i=16 l2a=8 l2=512 l3a=16 l3=1024 robc=10 robd=2 robw=512   1.5034   1.0608    50.78    25.06  Strongly Sust.
  bpt=pentium_m l1da=4 l1d=64 l1ia=8 l1i=64 l2a=8 l2=512 l3a=16 l3=2048 robc=10 robd=4 robw=128   1.6488   1.0608    53.40    22.41  Strongly Sust.
  bpt=pentium_m l1da=4 l1d=64 l1ia=8 l1i=64 l2a=8 l2=512 l3a=16 l3=2048 robc=8 robd=4 robw=128   1.6488   1.0607    53.40    22.41  Strongly Sust.
  bpt=pentium_m l1da=4 l1d=64 l1ia=4 l1i=16 l2a=8 l2=512 l3a=8 l3=1024 robc=10 robd=2 robw=64   2.5978   1.0606    41.00    15.54  Strongly Sust.
  bpt=nn l1da=4 l1d=64 l1ia=4 l1i=32 l2a=8 l2=512 l3a=4 l3=1024 nnbl=64 nnlr=0.0005 robc=8 robd=2 robw=32   2.6225   1.0606    41.18    15.37  Strongly Sust.
  bpt=nn l1da=4 l1d=32 l1ia=4 l1i=64 l2a=4 l2=256 l3a=4 l3=1024 nnbl=16 nnlr=0.005 robc=2 robd=2 robw=16   2.9891   1.0002    34.74    14.08  Strongly Sust.
  bpt=nn l1da=4 l1d=32 l1ia=4 l1i=64 l2a=4 l2=256 l3a=4 l3=1024 nnbl=16 nnlr=0.005 robc=10 robd=2 robw=16   2.9892   1.0000    34.74    14.08  Strongly Sust.
  bpt=nn l1da=4 l1d=64 l1ia=4 l1i=32 l2a=8 l2=128 l3a=4 l3=1024 nnbl=64 nnlr=0.0005 robc=8 robd=2 robw=32   3.0414   0.9746    33.46    13.95  Strongly Sust.
  bp=2048 bpt=a53 l1da=4 l1d=64 l1ia=4 l1i=32 l2a=8 l2=128 l3a=4 l3=1024 nhist=2 robc=8 robd=2 robw=16   3.0844   0.9744    33.37    13.76  Strongly Sust.
  bpt=nn l1da=4 l1d=64 l1ia=4 l1i=32 l2a=8 l2=128 l3a=4 l3=1024 nnbl=16 nnlr=0.0005 robc=8 robd=2 robw=16   3.0849   0.9734    33.37    13.76  Strongly Sust.
  bpt=tage l1da=4 l1d=16 l1ia=4 l1i=32 l2a=4 l2=128 l3a=4 l3=1024 robc=10 robd=2 robw=16   3.1136   0.9724    32.98    13.67  Strongly Sust.
  bpt=nn l1da=4 l1d=16 l1ia=4 l1i=32 l2a=4 l2=128 l3a=4 l3=1024 nnbl=64 nnlr=0.005 robc=10 robd=2 robw=16   3.1149   0.9699    32.98    13.66  Strongly Sust.
  Ran sniper 1 time this iteration (120 total).

=== Iteration 115 ===
  Evaluating 1 configuration(s) (top acquisition score of 400 candidates)...
  [mesmo] bpt=nn l1da=4 l1d=64 l1ia=4 l1i=32 l2a=8 l2=512 l3a=8 l3=4096 nnbl=64 nnlr=0.0005 robc=4 robd=10 robw=128  ASI= 0.0574  S=0.9469  A=  91.04  P=464.08  [Unsustainable]
  Deleted 1 non-Pareto output directory.

  Pareto front after iteration 115 (14 points, HV=3.2711):
  Params                                  ASI  Speedup     Area  PeakPow  Region
  ──────────────────────────────────────────────────────────────────────────────
  bpt=pentium_m l1da=8 l1d=64 l1ia=8 l1i=16 l2a=4 l2=512 l3a=8 l3=4096 robc=10 robd=2 robw=1024   0.8626   1.0609    70.94    37.26  Unsustainable
  bpt=pentium_m l1da=4 l1d=64 l1ia=4 l1i=16 l2a=8 l2=512 l3a=16 l3=1024 robc=2 robd=2 robw=1024   1.1369   1.0609    47.72    33.88  Strongly Sust.
  bpt=pentium_m l1da=8 l1d=64 l1ia=8 l1i=16 l2a=8 l2=512 l3a=16 l3=1024 robc=10 robd=2 robw=512   1.5034   1.0608    50.78    25.06  Strongly Sust.
  bpt=pentium_m l1da=4 l1d=64 l1ia=8 l1i=64 l2a=8 l2=512 l3a=16 l3=2048 robc=10 robd=4 robw=128   1.6488   1.0608    53.40    22.41  Strongly Sust.
  bpt=pentium_m l1da=4 l1d=64 l1ia=8 l1i=64 l2a=8 l2=512 l3a=16 l3=2048 robc=8 robd=4 robw=128   1.6488   1.0607    53.40    22.41  Strongly Sust.
  bpt=pentium_m l1da=4 l1d=64 l1ia=4 l1i=16 l2a=8 l2=512 l3a=8 l3=1024 robc=10 robd=2 robw=64   2.5978   1.0606    41.00    15.54  Strongly Sust.
  bpt=nn l1da=4 l1d=64 l1ia=4 l1i=32 l2a=8 l2=512 l3a=4 l3=1024 nnbl=64 nnlr=0.0005 robc=8 robd=2 robw=32   2.6225   1.0606    41.18    15.37  Strongly Sust.
  bpt=nn l1da=4 l1d=32 l1ia=4 l1i=64 l2a=4 l2=256 l3a=4 l3=1024 nnbl=16 nnlr=0.005 robc=2 robd=2 robw=16   2.9891   1.0002    34.74    14.08  Strongly Sust.
  bpt=nn l1da=4 l1d=32 l1ia=4 l1i=64 l2a=4 l2=256 l3a=4 l3=1024 nnbl=16 nnlr=0.005 robc=10 robd=2 robw=16   2.9892   1.0000    34.74    14.08  Strongly Sust.
  bpt=nn l1da=4 l1d=64 l1ia=4 l1i=32 l2a=8 l2=128 l3a=4 l3=1024 nnbl=64 nnlr=0.0005 robc=8 robd=2 robw=32   3.0414   0.9746    33.46    13.95  Strongly Sust.
  bp=2048 bpt=a53 l1da=4 l1d=64 l1ia=4 l1i=32 l2a=8 l2=128 l3a=4 l3=1024 nhist=2 robc=8 robd=2 robw=16   3.0844   0.9744    33.37    13.76  Strongly Sust.
  bpt=nn l1da=4 l1d=64 l1ia=4 l1i=32 l2a=8 l2=128 l3a=4 l3=1024 nnbl=16 nnlr=0.0005 robc=8 robd=2 robw=16   3.0849   0.9734    33.37    13.76  Strongly Sust.
  bpt=tage l1da=4 l1d=16 l1ia=4 l1i=32 l2a=4 l2=128 l3a=4 l3=1024 robc=10 robd=2 robw=16   3.1136   0.9724    32.98    13.67  Strongly Sust.
  bpt=nn l1da=4 l1d=16 l1ia=4 l1i=32 l2a=4 l2=128 l3a=4 l3=1024 nnbl=64 nnlr=0.005 robc=10 robd=2 robw=16   3.1149   0.9699    32.98    13.66  Strongly Sust.
  Ran sniper 1 time this iteration (121 total).

=== Iteration 116 ===
  Evaluating 1 configuration(s) (top acquisition score of 400 candidates)...
  [mesmo] bp=1024 bpt=a53 l1da=8 l1d=64 l1ia=8 l1i=32 l2a=8 l2=512 l3a=4 l3=2048 nhist=2 robc=8 robd=10 robw=128  ASI= 0.0611  S=1.0606  A=  84.78  P=463.94  [Unsustainable]
  Deleted 1 non-Pareto output directory.

  Pareto front after iteration 116 (14 points, HV=3.2711):
  Params                                  ASI  Speedup     Area  PeakPow  Region
  ──────────────────────────────────────────────────────────────────────────────
  bpt=pentium_m l1da=8 l1d=64 l1ia=8 l1i=16 l2a=4 l2=512 l3a=8 l3=4096 robc=10 robd=2 robw=1024   0.8626   1.0609    70.94    37.26  Unsustainable
  bpt=pentium_m l1da=4 l1d=64 l1ia=4 l1i=16 l2a=8 l2=512 l3a=16 l3=1024 robc=2 robd=2 robw=1024   1.1369   1.0609    47.72    33.88  Strongly Sust.
  bpt=pentium_m l1da=8 l1d=64 l1ia=8 l1i=16 l2a=8 l2=512 l3a=16 l3=1024 robc=10 robd=2 robw=512   1.5034   1.0608    50.78    25.06  Strongly Sust.
  bpt=pentium_m l1da=4 l1d=64 l1ia=8 l1i=64 l2a=8 l2=512 l3a=16 l3=2048 robc=10 robd=4 robw=128   1.6488   1.0608    53.40    22.41  Strongly Sust.
  bpt=pentium_m l1da=4 l1d=64 l1ia=8 l1i=64 l2a=8 l2=512 l3a=16 l3=2048 robc=8 robd=4 robw=128   1.6488   1.0607    53.40    22.41  Strongly Sust.
  bpt=pentium_m l1da=4 l1d=64 l1ia=4 l1i=16 l2a=8 l2=512 l3a=8 l3=1024 robc=10 robd=2 robw=64   2.5978   1.0606    41.00    15.54  Strongly Sust.
  bpt=nn l1da=4 l1d=64 l1ia=4 l1i=32 l2a=8 l2=512 l3a=4 l3=1024 nnbl=64 nnlr=0.0005 robc=8 robd=2 robw=32   2.6225   1.0606    41.18    15.37  Strongly Sust.
  bpt=nn l1da=4 l1d=32 l1ia=4 l1i=64 l2a=4 l2=256 l3a=4 l3=1024 nnbl=16 nnlr=0.005 robc=2 robd=2 robw=16   2.9891   1.0002    34.74    14.08  Strongly Sust.
  bpt=nn l1da=4 l1d=32 l1ia=4 l1i=64 l2a=4 l2=256 l3a=4 l3=1024 nnbl=16 nnlr=0.005 robc=10 robd=2 robw=16   2.9892   1.0000    34.74    14.08  Strongly Sust.
  bpt=nn l1da=4 l1d=64 l1ia=4 l1i=32 l2a=8 l2=128 l3a=4 l3=1024 nnbl=64 nnlr=0.0005 robc=8 robd=2 robw=32   3.0414   0.9746    33.46    13.95  Strongly Sust.
  bp=2048 bpt=a53 l1da=4 l1d=64 l1ia=4 l1i=32 l2a=8 l2=128 l3a=4 l3=1024 nhist=2 robc=8 robd=2 robw=16   3.0844   0.9744    33.37    13.76  Strongly Sust.
  bpt=nn l1da=4 l1d=64 l1ia=4 l1i=32 l2a=8 l2=128 l3a=4 l3=1024 nnbl=16 nnlr=0.0005 robc=8 robd=2 robw=16   3.0849   0.9734    33.37    13.76  Strongly Sust.
  bpt=tage l1da=4 l1d=16 l1ia=4 l1i=32 l2a=4 l2=128 l3a=4 l3=1024 robc=10 robd=2 robw=16   3.1136   0.9724    32.98    13.67  Strongly Sust.
  bpt=nn l1da=4 l1d=16 l1ia=4 l1i=32 l2a=4 l2=128 l3a=4 l3=1024 nnbl=64 nnlr=0.005 robc=10 robd=2 robw=16   3.1149   0.9699    32.98    13.66  Strongly Sust.
  Ran sniper 1 time this iteration (122 total).

=== Iteration 117 ===
  Evaluating 1 configuration(s) (top acquisition score of 400 candidates)...
  [mesmo] bpt=tage l1da=8 l1d=32 l1ia=4 l1i=64 l2a=4 l2=512 l3a=4 l3=1024 robc=8 robd=4 robw=16  ASI= 1.9063  S=1.0590  A=  48.41  P= 20.10  [Strongly Sust.]
  Deleted 1 non-Pareto output directory.

  Pareto front after iteration 117 (14 points, HV=3.2711):
  Params                                  ASI  Speedup     Area  PeakPow  Region
  ──────────────────────────────────────────────────────────────────────────────
  bpt=pentium_m l1da=8 l1d=64 l1ia=8 l1i=16 l2a=4 l2=512 l3a=8 l3=4096 robc=10 robd=2 robw=1024   0.8626   1.0609    70.94    37.26  Unsustainable
  bpt=pentium_m l1da=4 l1d=64 l1ia=4 l1i=16 l2a=8 l2=512 l3a=16 l3=1024 robc=2 robd=2 robw=1024   1.1369   1.0609    47.72    33.88  Strongly Sust.
  bpt=pentium_m l1da=8 l1d=64 l1ia=8 l1i=16 l2a=8 l2=512 l3a=16 l3=1024 robc=10 robd=2 robw=512   1.5034   1.0608    50.78    25.06  Strongly Sust.
  bpt=pentium_m l1da=4 l1d=64 l1ia=8 l1i=64 l2a=8 l2=512 l3a=16 l3=2048 robc=10 robd=4 robw=128   1.6488   1.0608    53.40    22.41  Strongly Sust.
  bpt=pentium_m l1da=4 l1d=64 l1ia=8 l1i=64 l2a=8 l2=512 l3a=16 l3=2048 robc=8 robd=4 robw=128   1.6488   1.0607    53.40    22.41  Strongly Sust.
  bpt=pentium_m l1da=4 l1d=64 l1ia=4 l1i=16 l2a=8 l2=512 l3a=8 l3=1024 robc=10 robd=2 robw=64   2.5978   1.0606    41.00    15.54  Strongly Sust.
  bpt=nn l1da=4 l1d=64 l1ia=4 l1i=32 l2a=8 l2=512 l3a=4 l3=1024 nnbl=64 nnlr=0.0005 robc=8 robd=2 robw=32   2.6225   1.0606    41.18    15.37  Strongly Sust.
  bpt=nn l1da=4 l1d=32 l1ia=4 l1i=64 l2a=4 l2=256 l3a=4 l3=1024 nnbl=16 nnlr=0.005 robc=2 robd=2 robw=16   2.9891   1.0002    34.74    14.08  Strongly Sust.
  bpt=nn l1da=4 l1d=32 l1ia=4 l1i=64 l2a=4 l2=256 l3a=4 l3=1024 nnbl=16 nnlr=0.005 robc=10 robd=2 robw=16   2.9892   1.0000    34.74    14.08  Strongly Sust.
  bpt=nn l1da=4 l1d=64 l1ia=4 l1i=32 l2a=8 l2=128 l3a=4 l3=1024 nnbl=64 nnlr=0.0005 robc=8 robd=2 robw=32   3.0414   0.9746    33.46    13.95  Strongly Sust.
  bp=2048 bpt=a53 l1da=4 l1d=64 l1ia=4 l1i=32 l2a=8 l2=128 l3a=4 l3=1024 nhist=2 robc=8 robd=2 robw=16   3.0844   0.9744    33.37    13.76  Strongly Sust.
  bpt=nn l1da=4 l1d=64 l1ia=4 l1i=32 l2a=8 l2=128 l3a=4 l3=1024 nnbl=16 nnlr=0.0005 robc=8 robd=2 robw=16   3.0849   0.9734    33.37    13.76  Strongly Sust.
  bpt=tage l1da=4 l1d=16 l1ia=4 l1i=32 l2a=4 l2=128 l3a=4 l3=1024 robc=10 robd=2 robw=16   3.1136   0.9724    32.98    13.67  Strongly Sust.
  bpt=nn l1da=4 l1d=16 l1ia=4 l1i=32 l2a=4 l2=128 l3a=4 l3=1024 nnbl=64 nnlr=0.005 robc=10 robd=2 robw=16   3.1149   0.9699    32.98    13.66  Strongly Sust.
  Ran sniper 1 time this iteration (123 total).

=== Iteration 118 ===
  Evaluating 1 configuration(s) (top acquisition score of 400 candidates)...
  [mesmo] bpt=tage l1da=4 l1d=16 l1ia=8 l1i=64 l2a=8 l2=512 l3a=16 l3=2048 robc=2 robd=8 robw=512  ASI= 0.0289  S=1.0584  A= 107.94  P=761.43  [Unsustainable]
  Deleted 1 non-Pareto output directory.

  Pareto front after iteration 118 (14 points, HV=3.2711):
  Params                                  ASI  Speedup     Area  PeakPow  Region
  ──────────────────────────────────────────────────────────────────────────────
  bpt=pentium_m l1da=8 l1d=64 l1ia=8 l1i=16 l2a=4 l2=512 l3a=8 l3=4096 robc=10 robd=2 robw=1024   0.8626   1.0609    70.94    37.26  Unsustainable
  bpt=pentium_m l1da=4 l1d=64 l1ia=4 l1i=16 l2a=8 l2=512 l3a=16 l3=1024 robc=2 robd=2 robw=1024   1.1369   1.0609    47.72    33.88  Strongly Sust.
  bpt=pentium_m l1da=8 l1d=64 l1ia=8 l1i=16 l2a=8 l2=512 l3a=16 l3=1024 robc=10 robd=2 robw=512   1.5034   1.0608    50.78    25.06  Strongly Sust.
  bpt=pentium_m l1da=4 l1d=64 l1ia=8 l1i=64 l2a=8 l2=512 l3a=16 l3=2048 robc=10 robd=4 robw=128   1.6488   1.0608    53.40    22.41  Strongly Sust.
  bpt=pentium_m l1da=4 l1d=64 l1ia=8 l1i=64 l2a=8 l2=512 l3a=16 l3=2048 robc=8 robd=4 robw=128   1.6488   1.0607    53.40    22.41  Strongly Sust.
  bpt=pentium_m l1da=4 l1d=64 l1ia=4 l1i=16 l2a=8 l2=512 l3a=8 l3=1024 robc=10 robd=2 robw=64   2.5978   1.0606    41.00    15.54  Strongly Sust.
  bpt=nn l1da=4 l1d=64 l1ia=4 l1i=32 l2a=8 l2=512 l3a=4 l3=1024 nnbl=64 nnlr=0.0005 robc=8 robd=2 robw=32   2.6225   1.0606    41.18    15.37  Strongly Sust.
  bpt=nn l1da=4 l1d=32 l1ia=4 l1i=64 l2a=4 l2=256 l3a=4 l3=1024 nnbl=16 nnlr=0.005 robc=2 robd=2 robw=16   2.9891   1.0002    34.74    14.08  Strongly Sust.
  bpt=nn l1da=4 l1d=32 l1ia=4 l1i=64 l2a=4 l2=256 l3a=4 l3=1024 nnbl=16 nnlr=0.005 robc=10 robd=2 robw=16   2.9892   1.0000    34.74    14.08  Strongly Sust.
  bpt=nn l1da=4 l1d=64 l1ia=4 l1i=32 l2a=8 l2=128 l3a=4 l3=1024 nnbl=64 nnlr=0.0005 robc=8 robd=2 robw=32   3.0414   0.9746    33.46    13.95  Strongly Sust.
  bp=2048 bpt=a53 l1da=4 l1d=64 l1ia=4 l1i=32 l2a=8 l2=128 l3a=4 l3=1024 nhist=2 robc=8 robd=2 robw=16   3.0844   0.9744    33.37    13.76  Strongly Sust.
  bpt=nn l1da=4 l1d=64 l1ia=4 l1i=32 l2a=8 l2=128 l3a=4 l3=1024 nnbl=16 nnlr=0.0005 robc=8 robd=2 robw=16   3.0849   0.9734    33.37    13.76  Strongly Sust.
  bpt=tage l1da=4 l1d=16 l1ia=4 l1i=32 l2a=4 l2=128 l3a=4 l3=1024 robc=10 robd=2 robw=16   3.1136   0.9724    32.98    13.67  Strongly Sust.
  bpt=nn l1da=4 l1d=16 l1ia=4 l1i=32 l2a=4 l2=128 l3a=4 l3=1024 nnbl=64 nnlr=0.005 robc=10 robd=2 robw=16   3.1149   0.9699    32.98    13.66  Strongly Sust.
  Ran sniper 1 time this iteration (124 total).

=== Iteration 119 ===
  Evaluating 1 configuration(s) (top acquisition score of 400 candidates)...
  [mesmo] bp=512 bpt=a53 l1da=8 l1d=64 l1ia=4 l1i=32 l2a=4 l2=512 l3a=4 l3=4096 nhist=3 robc=8 robd=8 robw=32  ASI= 0.7162  S=1.0606  A=  76.38  P= 42.79  [Unsustainable]
  Deleted 1 non-Pareto output directory.

  Pareto front after iteration 119 (14 points, HV=3.2711):
  Params                                  ASI  Speedup     Area  PeakPow  Region
  ──────────────────────────────────────────────────────────────────────────────
  bpt=pentium_m l1da=8 l1d=64 l1ia=8 l1i=16 l2a=4 l2=512 l3a=8 l3=4096 robc=10 robd=2 robw=1024   0.8626   1.0609    70.94    37.26  Unsustainable
  bpt=pentium_m l1da=4 l1d=64 l1ia=4 l1i=16 l2a=8 l2=512 l3a=16 l3=1024 robc=2 robd=2 robw=1024   1.1369   1.0609    47.72    33.88  Strongly Sust.
  bpt=pentium_m l1da=8 l1d=64 l1ia=8 l1i=16 l2a=8 l2=512 l3a=16 l3=1024 robc=10 robd=2 robw=512   1.5034   1.0608    50.78    25.06  Strongly Sust.
  bpt=pentium_m l1da=4 l1d=64 l1ia=8 l1i=64 l2a=8 l2=512 l3a=16 l3=2048 robc=10 robd=4 robw=128   1.6488   1.0608    53.40    22.41  Strongly Sust.
  bpt=pentium_m l1da=4 l1d=64 l1ia=8 l1i=64 l2a=8 l2=512 l3a=16 l3=2048 robc=8 robd=4 robw=128   1.6488   1.0607    53.40    22.41  Strongly Sust.
  bpt=pentium_m l1da=4 l1d=64 l1ia=4 l1i=16 l2a=8 l2=512 l3a=8 l3=1024 robc=10 robd=2 robw=64   2.5978   1.0606    41.00    15.54  Strongly Sust.
  bpt=nn l1da=4 l1d=64 l1ia=4 l1i=32 l2a=8 l2=512 l3a=4 l3=1024 nnbl=64 nnlr=0.0005 robc=8 robd=2 robw=32   2.6225   1.0606    41.18    15.37  Strongly Sust.
  bpt=nn l1da=4 l1d=32 l1ia=4 l1i=64 l2a=4 l2=256 l3a=4 l3=1024 nnbl=16 nnlr=0.005 robc=2 robd=2 robw=16   2.9891   1.0002    34.74    14.08  Strongly Sust.
  bpt=nn l1da=4 l1d=32 l1ia=4 l1i=64 l2a=4 l2=256 l3a=4 l3=1024 nnbl=16 nnlr=0.005 robc=10 robd=2 robw=16   2.9892   1.0000    34.74    14.08  Strongly Sust.
  bpt=nn l1da=4 l1d=64 l1ia=4 l1i=32 l2a=8 l2=128 l3a=4 l3=1024 nnbl=64 nnlr=0.0005 robc=8 robd=2 robw=32   3.0414   0.9746    33.46    13.95  Strongly Sust.
  bp=2048 bpt=a53 l1da=4 l1d=64 l1ia=4 l1i=32 l2a=8 l2=128 l3a=4 l3=1024 nhist=2 robc=8 robd=2 robw=16   3.0844   0.9744    33.37    13.76  Strongly Sust.
  bpt=nn l1da=4 l1d=64 l1ia=4 l1i=32 l2a=8 l2=128 l3a=4 l3=1024 nnbl=16 nnlr=0.0005 robc=8 robd=2 robw=16   3.0849   0.9734    33.37    13.76  Strongly Sust.
  bpt=tage l1da=4 l1d=16 l1ia=4 l1i=32 l2a=4 l2=128 l3a=4 l3=1024 robc=10 robd=2 robw=16   3.1136   0.9724    32.98    13.67  Strongly Sust.
  bpt=nn l1da=4 l1d=16 l1ia=4 l1i=32 l2a=4 l2=128 l3a=4 l3=1024 nnbl=64 nnlr=0.005 robc=10 robd=2 robw=16   3.1149   0.9699    32.98    13.66  Strongly Sust.
  Ran sniper 1 time this iteration (125 total).

=== Iteration 120 ===
  Evaluating 1 configuration(s) (top acquisition score of 400 candidates)...
  [mesmo] bp=2048 bpt=a53 l1da=8 l1d=32 l1ia=8 l1i=32 l2a=8 l2=512 l3a=8 l3=1024 nhist=3 robc=10 robd=10 robw=32  ASI= 0.5900  S=1.0590  A=  64.17  P= 57.63  [Unsustainable]
  Deleted 1 non-Pareto output directory.

  Pareto front after iteration 120 (14 points, HV=3.2711):
  Params                                  ASI  Speedup     Area  PeakPow  Region
  ──────────────────────────────────────────────────────────────────────────────
  bpt=pentium_m l1da=8 l1d=64 l1ia=8 l1i=16 l2a=4 l2=512 l3a=8 l3=4096 robc=10 robd=2 robw=1024   0.8626   1.0609    70.94    37.26  Unsustainable
  bpt=pentium_m l1da=4 l1d=64 l1ia=4 l1i=16 l2a=8 l2=512 l3a=16 l3=1024 robc=2 robd=2 robw=1024   1.1369   1.0609    47.72    33.88  Strongly Sust.
  bpt=pentium_m l1da=8 l1d=64 l1ia=8 l1i=16 l2a=8 l2=512 l3a=16 l3=1024 robc=10 robd=2 robw=512   1.5034   1.0608    50.78    25.06  Strongly Sust.
  bpt=pentium_m l1da=4 l1d=64 l1ia=8 l1i=64 l2a=8 l2=512 l3a=16 l3=2048 robc=10 robd=4 robw=128   1.6488   1.0608    53.40    22.41  Strongly Sust.
  bpt=pentium_m l1da=4 l1d=64 l1ia=8 l1i=64 l2a=8 l2=512 l3a=16 l3=2048 robc=8 robd=4 robw=128   1.6488   1.0607    53.40    22.41  Strongly Sust.
  bpt=pentium_m l1da=4 l1d=64 l1ia=4 l1i=16 l2a=8 l2=512 l3a=8 l3=1024 robc=10 robd=2 robw=64   2.5978   1.0606    41.00    15.54  Strongly Sust.
  bpt=nn l1da=4 l1d=64 l1ia=4 l1i=32 l2a=8 l2=512 l3a=4 l3=1024 nnbl=64 nnlr=0.0005 robc=8 robd=2 robw=32   2.6225   1.0606    41.18    15.37  Strongly Sust.
  bpt=nn l1da=4 l1d=32 l1ia=4 l1i=64 l2a=4 l2=256 l3a=4 l3=1024 nnbl=16 nnlr=0.005 robc=2 robd=2 robw=16   2.9891   1.0002    34.74    14.08  Strongly Sust.
  bpt=nn l1da=4 l1d=32 l1ia=4 l1i=64 l2a=4 l2=256 l3a=4 l3=1024 nnbl=16 nnlr=0.005 robc=10 robd=2 robw=16   2.9892   1.0000    34.74    14.08  Strongly Sust.
  bpt=nn l1da=4 l1d=64 l1ia=4 l1i=32 l2a=8 l2=128 l3a=4 l3=1024 nnbl=64 nnlr=0.0005 robc=8 robd=2 robw=32   3.0414   0.9746    33.46    13.95  Strongly Sust.
  bp=2048 bpt=a53 l1da=4 l1d=64 l1ia=4 l1i=32 l2a=8 l2=128 l3a=4 l3=1024 nhist=2 robc=8 robd=2 robw=16   3.0844   0.9744    33.37    13.76  Strongly Sust.
  bpt=nn l1da=4 l1d=64 l1ia=4 l1i=32 l2a=8 l2=128 l3a=4 l3=1024 nnbl=16 nnlr=0.0005 robc=8 robd=2 robw=16   3.0849   0.9734    33.37    13.76  Strongly Sust.
  bpt=tage l1da=4 l1d=16 l1ia=4 l1i=32 l2a=4 l2=128 l3a=4 l3=1024 robc=10 robd=2 robw=16   3.1136   0.9724    32.98    13.67  Strongly Sust.
  bpt=nn l1da=4 l1d=16 l1ia=4 l1i=32 l2a=4 l2=128 l3a=4 l3=1024 nnbl=64 nnlr=0.005 robc=10 robd=2 robw=16   3.1149   0.9699    32.98    13.66  Strongly Sust.
  Ran sniper 1 time this iteration (126 total).

=== Iteration 121 ===
  Evaluating 1 configuration(s) (top acquisition score of 400 candidates)...
  [mesmo] bp=2048 bpt=a53 l1da=8 l1d=32 l1ia=4 l1i=64 l2a=8 l2=512 l3a=16 l3=1024 nhist=2 robc=2 robd=4 robw=128  ASI= 1.7463  S=1.0590  A=  51.18  P= 21.51  [Strongly Sust.]
  Deleted 1 non-Pareto output directory.

  Pareto front after iteration 121 (14 points, HV=3.2711):
  Params                                  ASI  Speedup     Area  PeakPow  Region
  ──────────────────────────────────────────────────────────────────────────────
  bpt=pentium_m l1da=8 l1d=64 l1ia=8 l1i=16 l2a=4 l2=512 l3a=8 l3=4096 robc=10 robd=2 robw=1024   0.8626   1.0609    70.94    37.26  Unsustainable
  bpt=pentium_m l1da=4 l1d=64 l1ia=4 l1i=16 l2a=8 l2=512 l3a=16 l3=1024 robc=2 robd=2 robw=1024   1.1369   1.0609    47.72    33.88  Strongly Sust.
  bpt=pentium_m l1da=8 l1d=64 l1ia=8 l1i=16 l2a=8 l2=512 l3a=16 l3=1024 robc=10 robd=2 robw=512   1.5034   1.0608    50.78    25.06  Strongly Sust.
  bpt=pentium_m l1da=4 l1d=64 l1ia=8 l1i=64 l2a=8 l2=512 l3a=16 l3=2048 robc=10 robd=4 robw=128   1.6488   1.0608    53.40    22.41  Strongly Sust.
  bpt=pentium_m l1da=4 l1d=64 l1ia=8 l1i=64 l2a=8 l2=512 l3a=16 l3=2048 robc=8 robd=4 robw=128   1.6488   1.0607    53.40    22.41  Strongly Sust.
  bpt=pentium_m l1da=4 l1d=64 l1ia=4 l1i=16 l2a=8 l2=512 l3a=8 l3=1024 robc=10 robd=2 robw=64   2.5978   1.0606    41.00    15.54  Strongly Sust.
  bpt=nn l1da=4 l1d=64 l1ia=4 l1i=32 l2a=8 l2=512 l3a=4 l3=1024 nnbl=64 nnlr=0.0005 robc=8 robd=2 robw=32   2.6225   1.0606    41.18    15.37  Strongly Sust.
  bpt=nn l1da=4 l1d=32 l1ia=4 l1i=64 l2a=4 l2=256 l3a=4 l3=1024 nnbl=16 nnlr=0.005 robc=2 robd=2 robw=16   2.9891   1.0002    34.74    14.08  Strongly Sust.
  bpt=nn l1da=4 l1d=32 l1ia=4 l1i=64 l2a=4 l2=256 l3a=4 l3=1024 nnbl=16 nnlr=0.005 robc=10 robd=2 robw=16   2.9892   1.0000    34.74    14.08  Strongly Sust.
  bpt=nn l1da=4 l1d=64 l1ia=4 l1i=32 l2a=8 l2=128 l3a=4 l3=1024 nnbl=64 nnlr=0.0005 robc=8 robd=2 robw=32   3.0414   0.9746    33.46    13.95  Strongly Sust.
  bp=2048 bpt=a53 l1da=4 l1d=64 l1ia=4 l1i=32 l2a=8 l2=128 l3a=4 l3=1024 nhist=2 robc=8 robd=2 robw=16   3.0844   0.9744    33.37    13.76  Strongly Sust.
  bpt=nn l1da=4 l1d=64 l1ia=4 l1i=32 l2a=8 l2=128 l3a=4 l3=1024 nnbl=16 nnlr=0.0005 robc=8 robd=2 robw=16   3.0849   0.9734    33.37    13.76  Strongly Sust.
  bpt=tage l1da=4 l1d=16 l1ia=4 l1i=32 l2a=4 l2=128 l3a=4 l3=1024 robc=10 robd=2 robw=16   3.1136   0.9724    32.98    13.67  Strongly Sust.
  bpt=nn l1da=4 l1d=16 l1ia=4 l1i=32 l2a=4 l2=128 l3a=4 l3=1024 nnbl=64 nnlr=0.005 robc=10 robd=2 robw=16   3.1149   0.9699    32.98    13.66  Strongly Sust.
  Ran sniper 1 time this iteration (127 total).

=== Iteration 122 ===
  Evaluating 1 configuration(s) (top acquisition score of 400 candidates)...
  [mesmo] bpt=pentium_m l1da=8 l1d=16 l1ia=8 l1i=64 l2a=4 l2=512 l3a=16 l3=1024 robc=2 robd=10 robw=1024  ASI=-0.0057  S=1.0584  A= 242.39  P=2631.65  [Unsustainable]
  Deleted 1 non-Pareto output directory.

  Pareto front after iteration 122 (14 points, HV=3.2711):
  Params                                  ASI  Speedup     Area  PeakPow  Region
  ──────────────────────────────────────────────────────────────────────────────
  bpt=pentium_m l1da=8 l1d=64 l1ia=8 l1i=16 l2a=4 l2=512 l3a=8 l3=4096 robc=10 robd=2 robw=1024   0.8626   1.0609    70.94    37.26  Unsustainable
  bpt=pentium_m l1da=4 l1d=64 l1ia=4 l1i=16 l2a=8 l2=512 l3a=16 l3=1024 robc=2 robd=2 robw=1024   1.1369   1.0609    47.72    33.88  Strongly Sust.
  bpt=pentium_m l1da=8 l1d=64 l1ia=8 l1i=16 l2a=8 l2=512 l3a=16 l3=1024 robc=10 robd=2 robw=512   1.5034   1.0608    50.78    25.06  Strongly Sust.
  bpt=pentium_m l1da=4 l1d=64 l1ia=8 l1i=64 l2a=8 l2=512 l3a=16 l3=2048 robc=10 robd=4 robw=128   1.6488   1.0608    53.40    22.41  Strongly Sust.
  bpt=pentium_m l1da=4 l1d=64 l1ia=8 l1i=64 l2a=8 l2=512 l3a=16 l3=2048 robc=8 robd=4 robw=128   1.6488   1.0607    53.40    22.41  Strongly Sust.
  bpt=pentium_m l1da=4 l1d=64 l1ia=4 l1i=16 l2a=8 l2=512 l3a=8 l3=1024 robc=10 robd=2 robw=64   2.5978   1.0606    41.00    15.54  Strongly Sust.
  bpt=nn l1da=4 l1d=64 l1ia=4 l1i=32 l2a=8 l2=512 l3a=4 l3=1024 nnbl=64 nnlr=0.0005 robc=8 robd=2 robw=32   2.6225   1.0606    41.18    15.37  Strongly Sust.
  bpt=nn l1da=4 l1d=32 l1ia=4 l1i=64 l2a=4 l2=256 l3a=4 l3=1024 nnbl=16 nnlr=0.005 robc=2 robd=2 robw=16   2.9891   1.0002    34.74    14.08  Strongly Sust.
  bpt=nn l1da=4 l1d=32 l1ia=4 l1i=64 l2a=4 l2=256 l3a=4 l3=1024 nnbl=16 nnlr=0.005 robc=10 robd=2 robw=16   2.9892   1.0000    34.74    14.08  Strongly Sust.
  bpt=nn l1da=4 l1d=64 l1ia=4 l1i=32 l2a=8 l2=128 l3a=4 l3=1024 nnbl=64 nnlr=0.0005 robc=8 robd=2 robw=32   3.0414   0.9746    33.46    13.95  Strongly Sust.
  bp=2048 bpt=a53 l1da=4 l1d=64 l1ia=4 l1i=32 l2a=8 l2=128 l3a=4 l3=1024 nhist=2 robc=8 robd=2 robw=16   3.0844   0.9744    33.37    13.76  Strongly Sust.
  bpt=nn l1da=4 l1d=64 l1ia=4 l1i=32 l2a=8 l2=128 l3a=4 l3=1024 nnbl=16 nnlr=0.0005 robc=8 robd=2 robw=16   3.0849   0.9734    33.37    13.76  Strongly Sust.
  bpt=tage l1da=4 l1d=16 l1ia=4 l1i=32 l2a=4 l2=128 l3a=4 l3=1024 robc=10 robd=2 robw=16   3.1136   0.9724    32.98    13.67  Strongly Sust.
  bpt=nn l1da=4 l1d=16 l1ia=4 l1i=32 l2a=4 l2=128 l3a=4 l3=1024 nnbl=64 nnlr=0.005 robc=10 robd=2 robw=16   3.1149   0.9699    32.98    13.66  Strongly Sust.
  Ran sniper 1 time this iteration (128 total).

=== Iteration 123 ===
  Evaluating 1 configuration(s) (top acquisition score of 400 candidates)...
  [mesmo] bpt=tage l1da=4 l1d=64 l1ia=4 l1i=64 l2a=8 l2=512 l3a=4 l3=1024 robc=4 robd=8 robw=512  ASI= 0.0318  S=1.0608  A=  99.93  P=760.14  [Unsustainable]
  Deleted 1 non-Pareto output directory.

  Pareto front after iteration 123 (14 points, HV=3.2711):
  Params                                  ASI  Speedup     Area  PeakPow  Region
  ──────────────────────────────────────────────────────────────────────────────
  bpt=pentium_m l1da=8 l1d=64 l1ia=8 l1i=16 l2a=4 l2=512 l3a=8 l3=4096 robc=10 robd=2 robw=1024   0.8626   1.0609    70.94    37.26  Unsustainable
  bpt=pentium_m l1da=4 l1d=64 l1ia=4 l1i=16 l2a=8 l2=512 l3a=16 l3=1024 robc=2 robd=2 robw=1024   1.1369   1.0609    47.72    33.88  Strongly Sust.
  bpt=pentium_m l1da=8 l1d=64 l1ia=8 l1i=16 l2a=8 l2=512 l3a=16 l3=1024 robc=10 robd=2 robw=512   1.5034   1.0608    50.78    25.06  Strongly Sust.
  bpt=pentium_m l1da=4 l1d=64 l1ia=8 l1i=64 l2a=8 l2=512 l3a=16 l3=2048 robc=10 robd=4 robw=128   1.6488   1.0608    53.40    22.41  Strongly Sust.
  bpt=pentium_m l1da=4 l1d=64 l1ia=8 l1i=64 l2a=8 l2=512 l3a=16 l3=2048 robc=8 robd=4 robw=128   1.6488   1.0607    53.40    22.41  Strongly Sust.
  bpt=pentium_m l1da=4 l1d=64 l1ia=4 l1i=16 l2a=8 l2=512 l3a=8 l3=1024 robc=10 robd=2 robw=64   2.5978   1.0606    41.00    15.54  Strongly Sust.
  bpt=nn l1da=4 l1d=64 l1ia=4 l1i=32 l2a=8 l2=512 l3a=4 l3=1024 nnbl=64 nnlr=0.0005 robc=8 robd=2 robw=32   2.6225   1.0606    41.18    15.37  Strongly Sust.
  bpt=nn l1da=4 l1d=32 l1ia=4 l1i=64 l2a=4 l2=256 l3a=4 l3=1024 nnbl=16 nnlr=0.005 robc=2 robd=2 robw=16   2.9891   1.0002    34.74    14.08  Strongly Sust.
  bpt=nn l1da=4 l1d=32 l1ia=4 l1i=64 l2a=4 l2=256 l3a=4 l3=1024 nnbl=16 nnlr=0.005 robc=10 robd=2 robw=16   2.9892   1.0000    34.74    14.08  Strongly Sust.
  bpt=nn l1da=4 l1d=64 l1ia=4 l1i=32 l2a=8 l2=128 l3a=4 l3=1024 nnbl=64 nnlr=0.0005 robc=8 robd=2 robw=32   3.0414   0.9746    33.46    13.95  Strongly Sust.
  bp=2048 bpt=a53 l1da=4 l1d=64 l1ia=4 l1i=32 l2a=8 l2=128 l3a=4 l3=1024 nhist=2 robc=8 robd=2 robw=16   3.0844   0.9744    33.37    13.76  Strongly Sust.
  bpt=nn l1da=4 l1d=64 l1ia=4 l1i=32 l2a=8 l2=128 l3a=4 l3=1024 nnbl=16 nnlr=0.0005 robc=8 robd=2 robw=16   3.0849   0.9734    33.37    13.76  Strongly Sust.
  bpt=tage l1da=4 l1d=16 l1ia=4 l1i=32 l2a=4 l2=128 l3a=4 l3=1024 robc=10 robd=2 robw=16   3.1136   0.9724    32.98    13.67  Strongly Sust.
  bpt=nn l1da=4 l1d=16 l1ia=4 l1i=32 l2a=4 l2=128 l3a=4 l3=1024 nnbl=64 nnlr=0.005 robc=10 robd=2 robw=16   3.1149   0.9699    32.98    13.66  Strongly Sust.
  Ran sniper 1 time this iteration (129 total).

=== Iteration 124 ===
  Evaluating 1 configuration(s) (top acquisition score of 400 candidates)...
  [mesmo] bpt=nn l1da=4 l1d=64 l1ia=4 l1i=32 l2a=8 l2=128 l3a=4 l3=1024 nnbl=64 nnlr=0.005 robc=8 robd=2 robw=16  ASI= 3.0851  S=0.9730  A=  33.37  P= 13.76  [Strongly Sust.]

  Pareto front after iteration 124 (15 points, HV=3.2711):
  Params                                  ASI  Speedup     Area  PeakPow  Region
  ──────────────────────────────────────────────────────────────────────────────
  bpt=pentium_m l1da=8 l1d=64 l1ia=8 l1i=16 l2a=4 l2=512 l3a=8 l3=4096 robc=10 robd=2 robw=1024   0.8626   1.0609    70.94    37.26  Unsustainable
  bpt=pentium_m l1da=4 l1d=64 l1ia=4 l1i=16 l2a=8 l2=512 l3a=16 l3=1024 robc=2 robd=2 robw=1024   1.1369   1.0609    47.72    33.88  Strongly Sust.
  bpt=pentium_m l1da=8 l1d=64 l1ia=8 l1i=16 l2a=8 l2=512 l3a=16 l3=1024 robc=10 robd=2 robw=512   1.5034   1.0608    50.78    25.06  Strongly Sust.
  bpt=pentium_m l1da=4 l1d=64 l1ia=8 l1i=64 l2a=8 l2=512 l3a=16 l3=2048 robc=10 robd=4 robw=128   1.6488   1.0608    53.40    22.41  Strongly Sust.
  bpt=pentium_m l1da=4 l1d=64 l1ia=8 l1i=64 l2a=8 l2=512 l3a=16 l3=2048 robc=8 robd=4 robw=128   1.6488   1.0607    53.40    22.41  Strongly Sust.
  bpt=pentium_m l1da=4 l1d=64 l1ia=4 l1i=16 l2a=8 l2=512 l3a=8 l3=1024 robc=10 robd=2 robw=64   2.5978   1.0606    41.00    15.54  Strongly Sust.
  bpt=nn l1da=4 l1d=64 l1ia=4 l1i=32 l2a=8 l2=512 l3a=4 l3=1024 nnbl=64 nnlr=0.0005 robc=8 robd=2 robw=32   2.6225   1.0606    41.18    15.37  Strongly Sust.
  bpt=nn l1da=4 l1d=32 l1ia=4 l1i=64 l2a=4 l2=256 l3a=4 l3=1024 nnbl=16 nnlr=0.005 robc=2 robd=2 robw=16   2.9891   1.0002    34.74    14.08  Strongly Sust.
  bpt=nn l1da=4 l1d=32 l1ia=4 l1i=64 l2a=4 l2=256 l3a=4 l3=1024 nnbl=16 nnlr=0.005 robc=10 robd=2 robw=16   2.9892   1.0000    34.74    14.08  Strongly Sust.
  bpt=nn l1da=4 l1d=64 l1ia=4 l1i=32 l2a=8 l2=128 l3a=4 l3=1024 nnbl=64 nnlr=0.0005 robc=8 robd=2 robw=32   3.0414   0.9746    33.46    13.95  Strongly Sust.
  bp=2048 bpt=a53 l1da=4 l1d=64 l1ia=4 l1i=32 l2a=8 l2=128 l3a=4 l3=1024 nhist=2 robc=8 robd=2 robw=16   3.0844   0.9744    33.37    13.76  Strongly Sust.
  bpt=nn l1da=4 l1d=64 l1ia=4 l1i=32 l2a=8 l2=128 l3a=4 l3=1024 nnbl=16 nnlr=0.0005 robc=8 robd=2 robw=16   3.0849   0.9734    33.37    13.76  Strongly Sust.
  bpt=nn l1da=4 l1d=64 l1ia=4 l1i=32 l2a=8 l2=128 l3a=4 l3=1024 nnbl=64 nnlr=0.005 robc=8 robd=2 robw=16   3.0851   0.9730    33.37    13.76  Strongly Sust.
  bpt=tage l1da=4 l1d=16 l1ia=4 l1i=32 l2a=4 l2=128 l3a=4 l3=1024 robc=10 robd=2 robw=16   3.1136   0.9724    32.98    13.67  Strongly Sust.
  bpt=nn l1da=4 l1d=16 l1ia=4 l1i=32 l2a=4 l2=128 l3a=4 l3=1024 nnbl=64 nnlr=0.005 robc=10 robd=2 robw=16   3.1149   0.9699    32.98    13.66  Strongly Sust.
  Ran sniper 1 time this iteration (130 total).

=== Iteration 125 ===
  Evaluating 1 configuration(s) (top acquisition score of 400 candidates)...
  [mesmo] bp=2048 bpt=a53 l1da=4 l1d=64 l1ia=4 l1i=32 l2a=8 l2=128 l3a=8 l3=1024 nhist=2 robc=8 robd=2 robw=16  ASI= 3.0823  S=0.9745  A=  33.37  P= 13.77  [Strongly Sust.]

  Pareto front after iteration 125 (16 points, HV=3.2711):
  Params                                  ASI  Speedup     Area  PeakPow  Region
  ──────────────────────────────────────────────────────────────────────────────
  bpt=pentium_m l1da=8 l1d=64 l1ia=8 l1i=16 l2a=4 l2=512 l3a=8 l3=4096 robc=10 robd=2 robw=1024   0.8626   1.0609    70.94    37.26  Unsustainable
  bpt=pentium_m l1da=4 l1d=64 l1ia=4 l1i=16 l2a=8 l2=512 l3a=16 l3=1024 robc=2 robd=2 robw=1024   1.1369   1.0609    47.72    33.88  Strongly Sust.
  bpt=pentium_m l1da=8 l1d=64 l1ia=8 l1i=16 l2a=8 l2=512 l3a=16 l3=1024 robc=10 robd=2 robw=512   1.5034   1.0608    50.78    25.06  Strongly Sust.
  bpt=pentium_m l1da=4 l1d=64 l1ia=8 l1i=64 l2a=8 l2=512 l3a=16 l3=2048 robc=10 robd=4 robw=128   1.6488   1.0608    53.40    22.41  Strongly Sust.
  bpt=pentium_m l1da=4 l1d=64 l1ia=8 l1i=64 l2a=8 l2=512 l3a=16 l3=2048 robc=8 robd=4 robw=128   1.6488   1.0607    53.40    22.41  Strongly Sust.
  bpt=pentium_m l1da=4 l1d=64 l1ia=4 l1i=16 l2a=8 l2=512 l3a=8 l3=1024 robc=10 robd=2 robw=64   2.5978   1.0606    41.00    15.54  Strongly Sust.
  bpt=nn l1da=4 l1d=64 l1ia=4 l1i=32 l2a=8 l2=512 l3a=4 l3=1024 nnbl=64 nnlr=0.0005 robc=8 robd=2 robw=32   2.6225   1.0606    41.18    15.37  Strongly Sust.
  bpt=nn l1da=4 l1d=32 l1ia=4 l1i=64 l2a=4 l2=256 l3a=4 l3=1024 nnbl=16 nnlr=0.005 robc=2 robd=2 robw=16   2.9891   1.0002    34.74    14.08  Strongly Sust.
  bpt=nn l1da=4 l1d=32 l1ia=4 l1i=64 l2a=4 l2=256 l3a=4 l3=1024 nnbl=16 nnlr=0.005 robc=10 robd=2 robw=16   2.9892   1.0000    34.74    14.08  Strongly Sust.
  bpt=nn l1da=4 l1d=64 l1ia=4 l1i=32 l2a=8 l2=128 l3a=4 l3=1024 nnbl=64 nnlr=0.0005 robc=8 robd=2 robw=32   3.0414   0.9746    33.46    13.95  Strongly Sust.
  bp=2048 bpt=a53 l1da=4 l1d=64 l1ia=4 l1i=32 l2a=8 l2=128 l3a=8 l3=1024 nhist=2 robc=8 robd=2 robw=16   3.0823   0.9745    33.37    13.77  Strongly Sust.
  bp=2048 bpt=a53 l1da=4 l1d=64 l1ia=4 l1i=32 l2a=8 l2=128 l3a=4 l3=1024 nhist=2 robc=8 robd=2 robw=16   3.0844   0.9744    33.37    13.76  Strongly Sust.
  bpt=nn l1da=4 l1d=64 l1ia=4 l1i=32 l2a=8 l2=128 l3a=4 l3=1024 nnbl=16 nnlr=0.0005 robc=8 robd=2 robw=16   3.0849   0.9734    33.37    13.76  Strongly Sust.
  bpt=nn l1da=4 l1d=64 l1ia=4 l1i=32 l2a=8 l2=128 l3a=4 l3=1024 nnbl=64 nnlr=0.005 robc=8 robd=2 robw=16   3.0851   0.9730    33.37    13.76  Strongly Sust.
  bpt=tage l1da=4 l1d=16 l1ia=4 l1i=32 l2a=4 l2=128 l3a=4 l3=1024 robc=10 robd=2 robw=16   3.1136   0.9724    32.98    13.67  Strongly Sust.
  bpt=nn l1da=4 l1d=16 l1ia=4 l1i=32 l2a=4 l2=128 l3a=4 l3=1024 nnbl=64 nnlr=0.005 robc=10 robd=2 robw=16   3.1149   0.9699    32.98    13.66  Strongly Sust.
  Ran sniper 1 time this iteration (131 total).

=== Iteration 126 ===
  Evaluating 1 configuration(s) (top acquisition score of 400 candidates)...
  [mesmo] bpt=pentium_m l1da=8 l1d=64 l1ia=4 l1i=64 l2a=8 l2=512 l3a=4 l3=2048 robc=8 robd=4 robw=1024  ASI= 0.2219  S=1.0609  A=  72.96  P=142.35  [Unsustainable]

  Pareto front after iteration 126 (17 points, HV=3.2711):
  Params                                  ASI  Speedup     Area  PeakPow  Region
  ──────────────────────────────────────────────────────────────────────────────
  bpt=pentium_m l1da=8 l1d=64 l1ia=4 l1i=64 l2a=8 l2=512 l3a=4 l3=2048 robc=8 robd=4 robw=1024   0.2219   1.0609    72.96   142.35  Unsustainable
  bpt=pentium_m l1da=8 l1d=64 l1ia=8 l1i=16 l2a=4 l2=512 l3a=8 l3=4096 robc=10 robd=2 robw=1024   0.8626   1.0609    70.94    37.26  Unsustainable
  bpt=pentium_m l1da=4 l1d=64 l1ia=4 l1i=16 l2a=8 l2=512 l3a=16 l3=1024 robc=2 robd=2 robw=1024   1.1369   1.0609    47.72    33.88  Strongly Sust.
  bpt=pentium_m l1da=8 l1d=64 l1ia=8 l1i=16 l2a=8 l2=512 l3a=16 l3=1024 robc=10 robd=2 robw=512   1.5034   1.0608    50.78    25.06  Strongly Sust.
  bpt=pentium_m l1da=4 l1d=64 l1ia=8 l1i=64 l2a=8 l2=512 l3a=16 l3=2048 robc=10 robd=4 robw=128   1.6488   1.0608    53.40    22.41  Strongly Sust.
  bpt=pentium_m l1da=4 l1d=64 l1ia=8 l1i=64 l2a=8 l2=512 l3a=16 l3=2048 robc=8 robd=4 robw=128   1.6488   1.0607    53.40    22.41  Strongly Sust.
  bpt=pentium_m l1da=4 l1d=64 l1ia=4 l1i=16 l2a=8 l2=512 l3a=8 l3=1024 robc=10 robd=2 robw=64   2.5978   1.0606    41.00    15.54  Strongly Sust.
  bpt=nn l1da=4 l1d=64 l1ia=4 l1i=32 l2a=8 l2=512 l3a=4 l3=1024 nnbl=64 nnlr=0.0005 robc=8 robd=2 robw=32   2.6225   1.0606    41.18    15.37  Strongly Sust.
  bpt=nn l1da=4 l1d=32 l1ia=4 l1i=64 l2a=4 l2=256 l3a=4 l3=1024 nnbl=16 nnlr=0.005 robc=2 robd=2 robw=16   2.9891   1.0002    34.74    14.08  Strongly Sust.
  bpt=nn l1da=4 l1d=32 l1ia=4 l1i=64 l2a=4 l2=256 l3a=4 l3=1024 nnbl=16 nnlr=0.005 robc=10 robd=2 robw=16   2.9892   1.0000    34.74    14.08  Strongly Sust.
  bpt=nn l1da=4 l1d=64 l1ia=4 l1i=32 l2a=8 l2=128 l3a=4 l3=1024 nnbl=64 nnlr=0.0005 robc=8 robd=2 robw=32   3.0414   0.9746    33.46    13.95  Strongly Sust.
  bp=2048 bpt=a53 l1da=4 l1d=64 l1ia=4 l1i=32 l2a=8 l2=128 l3a=8 l3=1024 nhist=2 robc=8 robd=2 robw=16   3.0823   0.9745    33.37    13.77  Strongly Sust.
  bp=2048 bpt=a53 l1da=4 l1d=64 l1ia=4 l1i=32 l2a=8 l2=128 l3a=4 l3=1024 nhist=2 robc=8 robd=2 robw=16   3.0844   0.9744    33.37    13.76  Strongly Sust.
  bpt=nn l1da=4 l1d=64 l1ia=4 l1i=32 l2a=8 l2=128 l3a=4 l3=1024 nnbl=16 nnlr=0.0005 robc=8 robd=2 robw=16   3.0849   0.9734    33.37    13.76  Strongly Sust.
  bpt=nn l1da=4 l1d=64 l1ia=4 l1i=32 l2a=8 l2=128 l3a=4 l3=1024 nnbl=64 nnlr=0.005 robc=8 robd=2 robw=16   3.0851   0.9730    33.37    13.76  Strongly Sust.
  bpt=tage l1da=4 l1d=16 l1ia=4 l1i=32 l2a=4 l2=128 l3a=4 l3=1024 robc=10 robd=2 robw=16   3.1136   0.9724    32.98    13.67  Strongly Sust.
  bpt=nn l1da=4 l1d=16 l1ia=4 l1i=32 l2a=4 l2=128 l3a=4 l3=1024 nnbl=64 nnlr=0.005 robc=10 robd=2 robw=16   3.1149   0.9699    32.98    13.66  Strongly Sust.
  Ran sniper 1 time this iteration (132 total).

=== Iteration 127 ===
  Evaluating 1 configuration(s) (top acquisition score of 400 candidates)...
  [mesmo] bp=512 bpt=a53 l1da=4 l1d=64 l1ia=8 l1i=32 l2a=4 l2=512 l3a=8 l3=1024 nhist=2 robc=8 robd=2 robw=512  ASI= 1.6055  S=1.0605  A=  44.54  P= 24.53  [Strongly Sust.]
  Deleted 1 non-Pareto output directory.

  Pareto front after iteration 127 (17 points, HV=3.2711):
  Params                                  ASI  Speedup     Area  PeakPow  Region
  ──────────────────────────────────────────────────────────────────────────────
  bpt=pentium_m l1da=8 l1d=64 l1ia=4 l1i=64 l2a=8 l2=512 l3a=4 l3=2048 robc=8 robd=4 robw=1024   0.2219   1.0609    72.96   142.35  Unsustainable
  bpt=pentium_m l1da=8 l1d=64 l1ia=8 l1i=16 l2a=4 l2=512 l3a=8 l3=4096 robc=10 robd=2 robw=1024   0.8626   1.0609    70.94    37.26  Unsustainable
  bpt=pentium_m l1da=4 l1d=64 l1ia=4 l1i=16 l2a=8 l2=512 l3a=16 l3=1024 robc=2 robd=2 robw=1024   1.1369   1.0609    47.72    33.88  Strongly Sust.
  bpt=pentium_m l1da=8 l1d=64 l1ia=8 l1i=16 l2a=8 l2=512 l3a=16 l3=1024 robc=10 robd=2 robw=512   1.5034   1.0608    50.78    25.06  Strongly Sust.
  bpt=pentium_m l1da=4 l1d=64 l1ia=8 l1i=64 l2a=8 l2=512 l3a=16 l3=2048 robc=10 robd=4 robw=128   1.6488   1.0608    53.40    22.41  Strongly Sust.
  bpt=pentium_m l1da=4 l1d=64 l1ia=8 l1i=64 l2a=8 l2=512 l3a=16 l3=2048 robc=8 robd=4 robw=128   1.6488   1.0607    53.40    22.41  Strongly Sust.
  bpt=pentium_m l1da=4 l1d=64 l1ia=4 l1i=16 l2a=8 l2=512 l3a=8 l3=1024 robc=10 robd=2 robw=64   2.5978   1.0606    41.00    15.54  Strongly Sust.
  bpt=nn l1da=4 l1d=64 l1ia=4 l1i=32 l2a=8 l2=512 l3a=4 l3=1024 nnbl=64 nnlr=0.0005 robc=8 robd=2 robw=32   2.6225   1.0606    41.18    15.37  Strongly Sust.
  bpt=nn l1da=4 l1d=32 l1ia=4 l1i=64 l2a=4 l2=256 l3a=4 l3=1024 nnbl=16 nnlr=0.005 robc=2 robd=2 robw=16   2.9891   1.0002    34.74    14.08  Strongly Sust.
  bpt=nn l1da=4 l1d=32 l1ia=4 l1i=64 l2a=4 l2=256 l3a=4 l3=1024 nnbl=16 nnlr=0.005 robc=10 robd=2 robw=16   2.9892   1.0000    34.74    14.08  Strongly Sust.
  bpt=nn l1da=4 l1d=64 l1ia=4 l1i=32 l2a=8 l2=128 l3a=4 l3=1024 nnbl=64 nnlr=0.0005 robc=8 robd=2 robw=32   3.0414   0.9746    33.46    13.95  Strongly Sust.
  bp=2048 bpt=a53 l1da=4 l1d=64 l1ia=4 l1i=32 l2a=8 l2=128 l3a=8 l3=1024 nhist=2 robc=8 robd=2 robw=16   3.0823   0.9745    33.37    13.77  Strongly Sust.
  bp=2048 bpt=a53 l1da=4 l1d=64 l1ia=4 l1i=32 l2a=8 l2=128 l3a=4 l3=1024 nhist=2 robc=8 robd=2 robw=16   3.0844   0.9744    33.37    13.76  Strongly Sust.
  bpt=nn l1da=4 l1d=64 l1ia=4 l1i=32 l2a=8 l2=128 l3a=4 l3=1024 nnbl=16 nnlr=0.0005 robc=8 robd=2 robw=16   3.0849   0.9734    33.37    13.76  Strongly Sust.
  bpt=nn l1da=4 l1d=64 l1ia=4 l1i=32 l2a=8 l2=128 l3a=4 l3=1024 nnbl=64 nnlr=0.005 robc=8 robd=2 robw=16   3.0851   0.9730    33.37    13.76  Strongly Sust.
  bpt=tage l1da=4 l1d=16 l1ia=4 l1i=32 l2a=4 l2=128 l3a=4 l3=1024 robc=10 robd=2 robw=16   3.1136   0.9724    32.98    13.67  Strongly Sust.
  bpt=nn l1da=4 l1d=16 l1ia=4 l1i=32 l2a=4 l2=128 l3a=4 l3=1024 nnbl=64 nnlr=0.005 robc=10 robd=2 robw=16   3.1149   0.9699    32.98    13.66  Strongly Sust.
  Ran sniper 1 time this iteration (133 total).

=== Iteration 128 ===
  Evaluating 1 configuration(s) (top acquisition score of 400 candidates)...
  [mesmo] bpt=nn l1da=4 l1d=16 l1ia=4 l1i=32 l2a=4 l2=256 l3a=4 l3=1024 nnbl=64 nnlr=0.005 robc=10 robd=2 robw=16  ASI= 3.0272  S=0.9977  A=  33.96  P= 13.97  [Strongly Sust.]

  Pareto front after iteration 128 (18 points, HV=3.2720):
  Params                                  ASI  Speedup     Area  PeakPow  Region
  ──────────────────────────────────────────────────────────────────────────────
  bpt=pentium_m l1da=8 l1d=64 l1ia=4 l1i=64 l2a=8 l2=512 l3a=4 l3=2048 robc=8 robd=4 robw=1024   0.2219   1.0609    72.96   142.35  Unsustainable
  bpt=pentium_m l1da=8 l1d=64 l1ia=8 l1i=16 l2a=4 l2=512 l3a=8 l3=4096 robc=10 robd=2 robw=1024   0.8626   1.0609    70.94    37.26  Unsustainable
  bpt=pentium_m l1da=4 l1d=64 l1ia=4 l1i=16 l2a=8 l2=512 l3a=16 l3=1024 robc=2 robd=2 robw=1024   1.1369   1.0609    47.72    33.88  Strongly Sust.
  bpt=pentium_m l1da=8 l1d=64 l1ia=8 l1i=16 l2a=8 l2=512 l3a=16 l3=1024 robc=10 robd=2 robw=512   1.5034   1.0608    50.78    25.06  Strongly Sust.
  bpt=pentium_m l1da=4 l1d=64 l1ia=8 l1i=64 l2a=8 l2=512 l3a=16 l3=2048 robc=10 robd=4 robw=128   1.6488   1.0608    53.40    22.41  Strongly Sust.
  bpt=pentium_m l1da=4 l1d=64 l1ia=8 l1i=64 l2a=8 l2=512 l3a=16 l3=2048 robc=8 robd=4 robw=128   1.6488   1.0607    53.40    22.41  Strongly Sust.
  bpt=pentium_m l1da=4 l1d=64 l1ia=4 l1i=16 l2a=8 l2=512 l3a=8 l3=1024 robc=10 robd=2 robw=64   2.5978   1.0606    41.00    15.54  Strongly Sust.
  bpt=nn l1da=4 l1d=64 l1ia=4 l1i=32 l2a=8 l2=512 l3a=4 l3=1024 nnbl=64 nnlr=0.0005 robc=8 robd=2 robw=32   2.6225   1.0606    41.18    15.37  Strongly Sust.
  bpt=nn l1da=4 l1d=32 l1ia=4 l1i=64 l2a=4 l2=256 l3a=4 l3=1024 nnbl=16 nnlr=0.005 robc=2 robd=2 robw=16   2.9891   1.0002    34.74    14.08  Strongly Sust.
  bpt=nn l1da=4 l1d=32 l1ia=4 l1i=64 l2a=4 l2=256 l3a=4 l3=1024 nnbl=16 nnlr=0.005 robc=10 robd=2 robw=16   2.9892   1.0000    34.74    14.08  Strongly Sust.
  bpt=nn l1da=4 l1d=16 l1ia=4 l1i=32 l2a=4 l2=256 l3a=4 l3=1024 nnbl=64 nnlr=0.005 robc=10 robd=2 robw=16   3.0272   0.9977    33.96    13.97  Strongly Sust.
  bpt=nn l1da=4 l1d=64 l1ia=4 l1i=32 l2a=8 l2=128 l3a=4 l3=1024 nnbl=64 nnlr=0.0005 robc=8 robd=2 robw=32   3.0414   0.9746    33.46    13.95  Strongly Sust.
  bp=2048 bpt=a53 l1da=4 l1d=64 l1ia=4 l1i=32 l2a=8 l2=128 l3a=8 l3=1024 nhist=2 robc=8 robd=2 robw=16   3.0823   0.9745    33.37    13.77  Strongly Sust.
  bp=2048 bpt=a53 l1da=4 l1d=64 l1ia=4 l1i=32 l2a=8 l2=128 l3a=4 l3=1024 nhist=2 robc=8 robd=2 robw=16   3.0844   0.9744    33.37    13.76  Strongly Sust.
  bpt=nn l1da=4 l1d=64 l1ia=4 l1i=32 l2a=8 l2=128 l3a=4 l3=1024 nnbl=16 nnlr=0.0005 robc=8 robd=2 robw=16   3.0849   0.9734    33.37    13.76  Strongly Sust.
  bpt=nn l1da=4 l1d=64 l1ia=4 l1i=32 l2a=8 l2=128 l3a=4 l3=1024 nnbl=64 nnlr=0.005 robc=8 robd=2 robw=16   3.0851   0.9730    33.37    13.76  Strongly Sust.
  bpt=tage l1da=4 l1d=16 l1ia=4 l1i=32 l2a=4 l2=128 l3a=4 l3=1024 robc=10 robd=2 robw=16   3.1136   0.9724    32.98    13.67  Strongly Sust.
  bpt=nn l1da=4 l1d=16 l1ia=4 l1i=32 l2a=4 l2=128 l3a=4 l3=1024 nnbl=64 nnlr=0.005 robc=10 robd=2 robw=16   3.1149   0.9699    32.98    13.66  Strongly Sust.
  Ran sniper 1 time this iteration (134 total).

=== Iteration 129 ===
  Evaluating 1 configuration(s) (top acquisition score of 400 candidates)...
  [mesmo] bpt=pentium_m l1da=4 l1d=64 l1ia=8 l1i=32 l2a=8 l2=512 l3a=16 l3=1024 robc=8 robd=4 robw=64  ASI= 1.7965  S=1.0606  A=  48.05  P= 21.39  [Strongly Sust.]

  Pareto front after iteration 129 (19 points, HV=3.2720):
  Params                                  ASI  Speedup     Area  PeakPow  Region
  ──────────────────────────────────────────────────────────────────────────────
  bpt=pentium_m l1da=8 l1d=64 l1ia=4 l1i=64 l2a=8 l2=512 l3a=4 l3=2048 robc=8 robd=4 robw=1024   0.2219   1.0609    72.96   142.35  Unsustainable
  bpt=pentium_m l1da=8 l1d=64 l1ia=8 l1i=16 l2a=4 l2=512 l3a=8 l3=4096 robc=10 robd=2 robw=1024   0.8626   1.0609    70.94    37.26  Unsustainable
  bpt=pentium_m l1da=4 l1d=64 l1ia=4 l1i=16 l2a=8 l2=512 l3a=16 l3=1024 robc=2 robd=2 robw=1024   1.1369   1.0609    47.72    33.88  Strongly Sust.
  bpt=pentium_m l1da=8 l1d=64 l1ia=8 l1i=16 l2a=8 l2=512 l3a=16 l3=1024 robc=10 robd=2 robw=512   1.5034   1.0608    50.78    25.06  Strongly Sust.
  bpt=pentium_m l1da=4 l1d=64 l1ia=8 l1i=64 l2a=8 l2=512 l3a=16 l3=2048 robc=10 robd=4 robw=128   1.6488   1.0608    53.40    22.41  Strongly Sust.
  bpt=pentium_m l1da=4 l1d=64 l1ia=8 l1i=64 l2a=8 l2=512 l3a=16 l3=2048 robc=8 robd=4 robw=128   1.6488   1.0607    53.40    22.41  Strongly Sust.
  bpt=pentium_m l1da=4 l1d=64 l1ia=8 l1i=32 l2a=8 l2=512 l3a=16 l3=1024 robc=8 robd=4 robw=64   1.7965   1.0606    48.05    21.39  Strongly Sust.
  bpt=pentium_m l1da=4 l1d=64 l1ia=4 l1i=16 l2a=8 l2=512 l3a=8 l3=1024 robc=10 robd=2 robw=64   2.5978   1.0606    41.00    15.54  Strongly Sust.
  bpt=nn l1da=4 l1d=64 l1ia=4 l1i=32 l2a=8 l2=512 l3a=4 l3=1024 nnbl=64 nnlr=0.0005 robc=8 robd=2 robw=32   2.6225   1.0606    41.18    15.37  Strongly Sust.
  bpt=nn l1da=4 l1d=32 l1ia=4 l1i=64 l2a=4 l2=256 l3a=4 l3=1024 nnbl=16 nnlr=0.005 robc=2 robd=2 robw=16   2.9891   1.0002    34.74    14.08  Strongly Sust.
  bpt=nn l1da=4 l1d=32 l1ia=4 l1i=64 l2a=4 l2=256 l3a=4 l3=1024 nnbl=16 nnlr=0.005 robc=10 robd=2 robw=16   2.9892   1.0000    34.74    14.08  Strongly Sust.
  bpt=nn l1da=4 l1d=16 l1ia=4 l1i=32 l2a=4 l2=256 l3a=4 l3=1024 nnbl=64 nnlr=0.005 robc=10 robd=2 robw=16   3.0272   0.9977    33.96    13.97  Strongly Sust.
  bpt=nn l1da=4 l1d=64 l1ia=4 l1i=32 l2a=8 l2=128 l3a=4 l3=1024 nnbl=64 nnlr=0.0005 robc=8 robd=2 robw=32   3.0414   0.9746    33.46    13.95  Strongly Sust.
  bp=2048 bpt=a53 l1da=4 l1d=64 l1ia=4 l1i=32 l2a=8 l2=128 l3a=8 l3=1024 nhist=2 robc=8 robd=2 robw=16   3.0823   0.9745    33.37    13.77  Strongly Sust.
  bp=2048 bpt=a53 l1da=4 l1d=64 l1ia=4 l1i=32 l2a=8 l2=128 l3a=4 l3=1024 nhist=2 robc=8 robd=2 robw=16   3.0844   0.9744    33.37    13.76  Strongly Sust.
  bpt=nn l1da=4 l1d=64 l1ia=4 l1i=32 l2a=8 l2=128 l3a=4 l3=1024 nnbl=16 nnlr=0.0005 robc=8 robd=2 robw=16   3.0849   0.9734    33.37    13.76  Strongly Sust.
  bpt=nn l1da=4 l1d=64 l1ia=4 l1i=32 l2a=8 l2=128 l3a=4 l3=1024 nnbl=64 nnlr=0.005 robc=8 robd=2 robw=16   3.0851   0.9730    33.37    13.76  Strongly Sust.
  bpt=tage l1da=4 l1d=16 l1ia=4 l1i=32 l2a=4 l2=128 l3a=4 l3=1024 robc=10 robd=2 robw=16   3.1136   0.9724    32.98    13.67  Strongly Sust.
  bpt=nn l1da=4 l1d=16 l1ia=4 l1i=32 l2a=4 l2=128 l3a=4 l3=1024 nnbl=64 nnlr=0.005 robc=10 robd=2 robw=16   3.1149   0.9699    32.98    13.66  Strongly Sust.
  Ran sniper 1 time this iteration (135 total).

=== Iteration 130 ===
  Evaluating 1 configuration(s) (top acquisition score of 400 candidates)...
  [mesmo] bp=2048 bpt=a53 l1da=4 l1d=64 l1ia=4 l1i=32 l2a=8 l2=128 l3a=4 l3=2048 nhist=2 robc=8 robd=2 robw=16  ASI= 2.7997  S=0.9746  A=  40.33  P= 14.48  [Strongly Sust.]
  Deleted 1 non-Pareto output directory.

  Pareto front after iteration 130 (19 points, HV=3.2720):
  Params                                  ASI  Speedup     Area  PeakPow  Region
  ──────────────────────────────────────────────────────────────────────────────
  bpt=pentium_m l1da=8 l1d=64 l1ia=4 l1i=64 l2a=8 l2=512 l3a=4 l3=2048 robc=8 robd=4 robw=1024   0.2219   1.0609    72.96   142.35  Unsustainable
  bpt=pentium_m l1da=8 l1d=64 l1ia=8 l1i=16 l2a=4 l2=512 l3a=8 l3=4096 robc=10 robd=2 robw=1024   0.8626   1.0609    70.94    37.26  Unsustainable
  bpt=pentium_m l1da=4 l1d=64 l1ia=4 l1i=16 l2a=8 l2=512 l3a=16 l3=1024 robc=2 robd=2 robw=1024   1.1369   1.0609    47.72    33.88  Strongly Sust.
  bpt=pentium_m l1da=8 l1d=64 l1ia=8 l1i=16 l2a=8 l2=512 l3a=16 l3=1024 robc=10 robd=2 robw=512   1.5034   1.0608    50.78    25.06  Strongly Sust.
  bpt=pentium_m l1da=4 l1d=64 l1ia=8 l1i=64 l2a=8 l2=512 l3a=16 l3=2048 robc=10 robd=4 robw=128   1.6488   1.0608    53.40    22.41  Strongly Sust.
  bpt=pentium_m l1da=4 l1d=64 l1ia=8 l1i=64 l2a=8 l2=512 l3a=16 l3=2048 robc=8 robd=4 robw=128   1.6488   1.0607    53.40    22.41  Strongly Sust.
  bpt=pentium_m l1da=4 l1d=64 l1ia=8 l1i=32 l2a=8 l2=512 l3a=16 l3=1024 robc=8 robd=4 robw=64   1.7965   1.0606    48.05    21.39  Strongly Sust.
  bpt=pentium_m l1da=4 l1d=64 l1ia=4 l1i=16 l2a=8 l2=512 l3a=8 l3=1024 robc=10 robd=2 robw=64   2.5978   1.0606    41.00    15.54  Strongly Sust.
  bpt=nn l1da=4 l1d=64 l1ia=4 l1i=32 l2a=8 l2=512 l3a=4 l3=1024 nnbl=64 nnlr=0.0005 robc=8 robd=2 robw=32   2.6225   1.0606    41.18    15.37  Strongly Sust.
  bpt=nn l1da=4 l1d=32 l1ia=4 l1i=64 l2a=4 l2=256 l3a=4 l3=1024 nnbl=16 nnlr=0.005 robc=2 robd=2 robw=16   2.9891   1.0002    34.74    14.08  Strongly Sust.
  bpt=nn l1da=4 l1d=32 l1ia=4 l1i=64 l2a=4 l2=256 l3a=4 l3=1024 nnbl=16 nnlr=0.005 robc=10 robd=2 robw=16   2.9892   1.0000    34.74    14.08  Strongly Sust.
  bpt=nn l1da=4 l1d=16 l1ia=4 l1i=32 l2a=4 l2=256 l3a=4 l3=1024 nnbl=64 nnlr=0.005 robc=10 robd=2 robw=16   3.0272   0.9977    33.96    13.97  Strongly Sust.
  bpt=nn l1da=4 l1d=64 l1ia=4 l1i=32 l2a=8 l2=128 l3a=4 l3=1024 nnbl=64 nnlr=0.0005 robc=8 robd=2 robw=32   3.0414   0.9746    33.46    13.95  Strongly Sust.
  bp=2048 bpt=a53 l1da=4 l1d=64 l1ia=4 l1i=32 l2a=8 l2=128 l3a=8 l3=1024 nhist=2 robc=8 robd=2 robw=16   3.0823   0.9745    33.37    13.77  Strongly Sust.
  bp=2048 bpt=a53 l1da=4 l1d=64 l1ia=4 l1i=32 l2a=8 l2=128 l3a=4 l3=1024 nhist=2 robc=8 robd=2 robw=16   3.0844   0.9744    33.37    13.76  Strongly Sust.
  bpt=nn l1da=4 l1d=64 l1ia=4 l1i=32 l2a=8 l2=128 l3a=4 l3=1024 nnbl=16 nnlr=0.0005 robc=8 robd=2 robw=16   3.0849   0.9734    33.37    13.76  Strongly Sust.
  bpt=nn l1da=4 l1d=64 l1ia=4 l1i=32 l2a=8 l2=128 l3a=4 l3=1024 nnbl=64 nnlr=0.005 robc=8 robd=2 robw=16   3.0851   0.9730    33.37    13.76  Strongly Sust.
  bpt=tage l1da=4 l1d=16 l1ia=4 l1i=32 l2a=4 l2=128 l3a=4 l3=1024 robc=10 robd=2 robw=16   3.1136   0.9724    32.98    13.67  Strongly Sust.
  bpt=nn l1da=4 l1d=16 l1ia=4 l1i=32 l2a=4 l2=128 l3a=4 l3=1024 nnbl=64 nnlr=0.005 robc=10 robd=2 robw=16   3.1149   0.9699    32.98    13.66  Strongly Sust.
  Ran sniper 1 time this iteration (136 total).

=== Iteration 131 ===
  Evaluating 1 configuration(s) (top acquisition score of 400 candidates)...
  [mesmo] bpt=pentium_m l1da=4 l1d=64 l1ia=8 l1i=16 l2a=4 l2=512 l3a=4 l3=1024 robc=8 robd=4 robw=1024  ASI= 0.2435  S=1.0608  A=  62.29  P=141.75  [Unsustainable]
  Deleted 1 non-Pareto output directory.

  Pareto front after iteration 131 (19 points, HV=3.2720):
  Params                                  ASI  Speedup     Area  PeakPow  Region
  ──────────────────────────────────────────────────────────────────────────────
  bpt=pentium_m l1da=8 l1d=64 l1ia=4 l1i=64 l2a=8 l2=512 l3a=4 l3=2048 robc=8 robd=4 robw=1024   0.2219   1.0609    72.96   142.35  Unsustainable
  bpt=pentium_m l1da=8 l1d=64 l1ia=8 l1i=16 l2a=4 l2=512 l3a=8 l3=4096 robc=10 robd=2 robw=1024   0.8626   1.0609    70.94    37.26  Unsustainable
  bpt=pentium_m l1da=4 l1d=64 l1ia=4 l1i=16 l2a=8 l2=512 l3a=16 l3=1024 robc=2 robd=2 robw=1024   1.1369   1.0609    47.72    33.88  Strongly Sust.
  bpt=pentium_m l1da=8 l1d=64 l1ia=8 l1i=16 l2a=8 l2=512 l3a=16 l3=1024 robc=10 robd=2 robw=512   1.5034   1.0608    50.78    25.06  Strongly Sust.
  bpt=pentium_m l1da=4 l1d=64 l1ia=8 l1i=64 l2a=8 l2=512 l3a=16 l3=2048 robc=10 robd=4 robw=128   1.6488   1.0608    53.40    22.41  Strongly Sust.
  bpt=pentium_m l1da=4 l1d=64 l1ia=8 l1i=64 l2a=8 l2=512 l3a=16 l3=2048 robc=8 robd=4 robw=128   1.6488   1.0607    53.40    22.41  Strongly Sust.
  bpt=pentium_m l1da=4 l1d=64 l1ia=8 l1i=32 l2a=8 l2=512 l3a=16 l3=1024 robc=8 robd=4 robw=64   1.7965   1.0606    48.05    21.39  Strongly Sust.
  bpt=pentium_m l1da=4 l1d=64 l1ia=4 l1i=16 l2a=8 l2=512 l3a=8 l3=1024 robc=10 robd=2 robw=64   2.5978   1.0606    41.00    15.54  Strongly Sust.
  bpt=nn l1da=4 l1d=64 l1ia=4 l1i=32 l2a=8 l2=512 l3a=4 l3=1024 nnbl=64 nnlr=0.0005 robc=8 robd=2 robw=32   2.6225   1.0606    41.18    15.37  Strongly Sust.
  bpt=nn l1da=4 l1d=32 l1ia=4 l1i=64 l2a=4 l2=256 l3a=4 l3=1024 nnbl=16 nnlr=0.005 robc=2 robd=2 robw=16   2.9891   1.0002    34.74    14.08  Strongly Sust.
  bpt=nn l1da=4 l1d=32 l1ia=4 l1i=64 l2a=4 l2=256 l3a=4 l3=1024 nnbl=16 nnlr=0.005 robc=10 robd=2 robw=16   2.9892   1.0000    34.74    14.08  Strongly Sust.
  bpt=nn l1da=4 l1d=16 l1ia=4 l1i=32 l2a=4 l2=256 l3a=4 l3=1024 nnbl=64 nnlr=0.005 robc=10 robd=2 robw=16   3.0272   0.9977    33.96    13.97  Strongly Sust.
  bpt=nn l1da=4 l1d=64 l1ia=4 l1i=32 l2a=8 l2=128 l3a=4 l3=1024 nnbl=64 nnlr=0.0005 robc=8 robd=2 robw=32   3.0414   0.9746    33.46    13.95  Strongly Sust.
  bp=2048 bpt=a53 l1da=4 l1d=64 l1ia=4 l1i=32 l2a=8 l2=128 l3a=8 l3=1024 nhist=2 robc=8 robd=2 robw=16   3.0823   0.9745    33.37    13.77  Strongly Sust.
  bp=2048 bpt=a53 l1da=4 l1d=64 l1ia=4 l1i=32 l2a=8 l2=128 l3a=4 l3=1024 nhist=2 robc=8 robd=2 robw=16   3.0844   0.9744    33.37    13.76  Strongly Sust.
  bpt=nn l1da=4 l1d=64 l1ia=4 l1i=32 l2a=8 l2=128 l3a=4 l3=1024 nnbl=16 nnlr=0.0005 robc=8 robd=2 robw=16   3.0849   0.9734    33.37    13.76  Strongly Sust.
  bpt=nn l1da=4 l1d=64 l1ia=4 l1i=32 l2a=8 l2=128 l3a=4 l3=1024 nnbl=64 nnlr=0.005 robc=8 robd=2 robw=16   3.0851   0.9730    33.37    13.76  Strongly Sust.
  bpt=tage l1da=4 l1d=16 l1ia=4 l1i=32 l2a=4 l2=128 l3a=4 l3=1024 robc=10 robd=2 robw=16   3.1136   0.9724    32.98    13.67  Strongly Sust.
  bpt=nn l1da=4 l1d=16 l1ia=4 l1i=32 l2a=4 l2=128 l3a=4 l3=1024 nnbl=64 nnlr=0.005 robc=10 robd=2 robw=16   3.1149   0.9699    32.98    13.66  Strongly Sust.
  Ran sniper 1 time this iteration (137 total).

=== Iteration 132 ===
  Evaluating 1 configuration(s) (top acquisition score of 400 candidates)...
  [mesmo] bpt=nn l1da=4 l1d=32 l1ia=4 l1i=16 l2a=4 l2=256 l3a=4 l3=1024 nnbl=16 nnlr=0.005 robc=10 robd=2 robw=16  ASI= 3.0249  S=1.0002  A=  33.91  P= 13.99  [Strongly Sust.]
  Deleted 1 non-Pareto output directory.

  Pareto front after iteration 132 (19 points, HV=3.2721):
  Params                                  ASI  Speedup     Area  PeakPow  Region
  ──────────────────────────────────────────────────────────────────────────────
  bpt=pentium_m l1da=8 l1d=64 l1ia=4 l1i=64 l2a=8 l2=512 l3a=4 l3=2048 robc=8 robd=4 robw=1024   0.2219   1.0609    72.96   142.35  Unsustainable
  bpt=pentium_m l1da=8 l1d=64 l1ia=8 l1i=16 l2a=4 l2=512 l3a=8 l3=4096 robc=10 robd=2 robw=1024   0.8626   1.0609    70.94    37.26  Unsustainable
  bpt=pentium_m l1da=4 l1d=64 l1ia=4 l1i=16 l2a=8 l2=512 l3a=16 l3=1024 robc=2 robd=2 robw=1024   1.1369   1.0609    47.72    33.88  Strongly Sust.
  bpt=pentium_m l1da=8 l1d=64 l1ia=8 l1i=16 l2a=8 l2=512 l3a=16 l3=1024 robc=10 robd=2 robw=512   1.5034   1.0608    50.78    25.06  Strongly Sust.
  bpt=pentium_m l1da=4 l1d=64 l1ia=8 l1i=64 l2a=8 l2=512 l3a=16 l3=2048 robc=10 robd=4 robw=128   1.6488   1.0608    53.40    22.41  Strongly Sust.
  bpt=pentium_m l1da=4 l1d=64 l1ia=8 l1i=64 l2a=8 l2=512 l3a=16 l3=2048 robc=8 robd=4 robw=128   1.6488   1.0607    53.40    22.41  Strongly Sust.
  bpt=pentium_m l1da=4 l1d=64 l1ia=8 l1i=32 l2a=8 l2=512 l3a=16 l3=1024 robc=8 robd=4 robw=64   1.7965   1.0606    48.05    21.39  Strongly Sust.
  bpt=pentium_m l1da=4 l1d=64 l1ia=4 l1i=16 l2a=8 l2=512 l3a=8 l3=1024 robc=10 robd=2 robw=64   2.5978   1.0606    41.00    15.54  Strongly Sust.
  bpt=nn l1da=4 l1d=64 l1ia=4 l1i=32 l2a=8 l2=512 l3a=4 l3=1024 nnbl=64 nnlr=0.0005 robc=8 robd=2 robw=32   2.6225   1.0606    41.18    15.37  Strongly Sust.
  bpt=nn l1da=4 l1d=32 l1ia=4 l1i=64 l2a=4 l2=256 l3a=4 l3=1024 nnbl=16 nnlr=0.005 robc=2 robd=2 robw=16   2.9891   1.0002    34.74    14.08  Strongly Sust.
  bpt=nn l1da=4 l1d=32 l1ia=4 l1i=16 l2a=4 l2=256 l3a=4 l3=1024 nnbl=16 nnlr=0.005 robc=10 robd=2 robw=16   3.0249   1.0002    33.91    13.99  Strongly Sust.
  bpt=nn l1da=4 l1d=16 l1ia=4 l1i=32 l2a=4 l2=256 l3a=4 l3=1024 nnbl=64 nnlr=0.005 robc=10 robd=2 robw=16   3.0272   0.9977    33.96    13.97  Strongly Sust.
  bpt=nn l1da=4 l1d=64 l1ia=4 l1i=32 l2a=8 l2=128 l3a=4 l3=1024 nnbl=64 nnlr=0.0005 robc=8 robd=2 robw=32   3.0414   0.9746    33.46    13.95  Strongly Sust.
  bp=2048 bpt=a53 l1da=4 l1d=64 l1ia=4 l1i=32 l2a=8 l2=128 l3a=8 l3=1024 nhist=2 robc=8 robd=2 robw=16   3.0823   0.9745    33.37    13.77  Strongly Sust.
  bp=2048 bpt=a53 l1da=4 l1d=64 l1ia=4 l1i=32 l2a=8 l2=128 l3a=4 l3=1024 nhist=2 robc=8 robd=2 robw=16   3.0844   0.9744    33.37    13.76  Strongly Sust.
  bpt=nn l1da=4 l1d=64 l1ia=4 l1i=32 l2a=8 l2=128 l3a=4 l3=1024 nnbl=16 nnlr=0.0005 robc=8 robd=2 robw=16   3.0849   0.9734    33.37    13.76  Strongly Sust.
  bpt=nn l1da=4 l1d=64 l1ia=4 l1i=32 l2a=8 l2=128 l3a=4 l3=1024 nnbl=64 nnlr=0.005 robc=8 robd=2 robw=16   3.0851   0.9730    33.37    13.76  Strongly Sust.
  bpt=tage l1da=4 l1d=16 l1ia=4 l1i=32 l2a=4 l2=128 l3a=4 l3=1024 robc=10 robd=2 robw=16   3.1136   0.9724    32.98    13.67  Strongly Sust.
  bpt=nn l1da=4 l1d=16 l1ia=4 l1i=32 l2a=4 l2=128 l3a=4 l3=1024 nnbl=64 nnlr=0.005 robc=10 robd=2 robw=16   3.1149   0.9699    32.98    13.66  Strongly Sust.
  Ran sniper 1 time this iteration (138 total).

=== Iteration 133 ===
  Evaluating 1 configuration(s) (top acquisition score of 400 candidates)...
  [mesmo] bpt=nn l1da=4 l1d=64 l1ia=4 l1i=32 l2a=8 l2=128 l3a=4 l3=1024 nnbl=16 nnlr=0.0005 robc=8 robd=2 robw=64  ASI= 3.0054  S=0.9673  A=  33.52  P= 14.11  [Strongly Sust.]
  Deleted 1 non-Pareto output directory.

  Pareto front after iteration 133 (19 points, HV=3.2721):
  Params                                  ASI  Speedup     Area  PeakPow  Region
  ──────────────────────────────────────────────────────────────────────────────
  bpt=pentium_m l1da=8 l1d=64 l1ia=4 l1i=64 l2a=8 l2=512 l3a=4 l3=2048 robc=8 robd=4 robw=1024   0.2219   1.0609    72.96   142.35  Unsustainable
  bpt=pentium_m l1da=8 l1d=64 l1ia=8 l1i=16 l2a=4 l2=512 l3a=8 l3=4096 robc=10 robd=2 robw=1024   0.8626   1.0609    70.94    37.26  Unsustainable
  bpt=pentium_m l1da=4 l1d=64 l1ia=4 l1i=16 l2a=8 l2=512 l3a=16 l3=1024 robc=2 robd=2 robw=1024   1.1369   1.0609    47.72    33.88  Strongly Sust.
  bpt=pentium_m l1da=8 l1d=64 l1ia=8 l1i=16 l2a=8 l2=512 l3a=16 l3=1024 robc=10 robd=2 robw=512   1.5034   1.0608    50.78    25.06  Strongly Sust.
  bpt=pentium_m l1da=4 l1d=64 l1ia=8 l1i=64 l2a=8 l2=512 l3a=16 l3=2048 robc=10 robd=4 robw=128   1.6488   1.0608    53.40    22.41  Strongly Sust.
  bpt=pentium_m l1da=4 l1d=64 l1ia=8 l1i=64 l2a=8 l2=512 l3a=16 l3=2048 robc=8 robd=4 robw=128   1.6488   1.0607    53.40    22.41  Strongly Sust.
  bpt=pentium_m l1da=4 l1d=64 l1ia=8 l1i=32 l2a=8 l2=512 l3a=16 l3=1024 robc=8 robd=4 robw=64   1.7965   1.0606    48.05    21.39  Strongly Sust.
  bpt=pentium_m l1da=4 l1d=64 l1ia=4 l1i=16 l2a=8 l2=512 l3a=8 l3=1024 robc=10 robd=2 robw=64   2.5978   1.0606    41.00    15.54  Strongly Sust.
  bpt=nn l1da=4 l1d=64 l1ia=4 l1i=32 l2a=8 l2=512 l3a=4 l3=1024 nnbl=64 nnlr=0.0005 robc=8 robd=2 robw=32   2.6225   1.0606    41.18    15.37  Strongly Sust.
  bpt=nn l1da=4 l1d=32 l1ia=4 l1i=64 l2a=4 l2=256 l3a=4 l3=1024 nnbl=16 nnlr=0.005 robc=2 robd=2 robw=16   2.9891   1.0002    34.74    14.08  Strongly Sust.
  bpt=nn l1da=4 l1d=32 l1ia=4 l1i=16 l2a=4 l2=256 l3a=4 l3=1024 nnbl=16 nnlr=0.005 robc=10 robd=2 robw=16   3.0249   1.0002    33.91    13.99  Strongly Sust.
  bpt=nn l1da=4 l1d=16 l1ia=4 l1i=32 l2a=4 l2=256 l3a=4 l3=1024 nnbl=64 nnlr=0.005 robc=10 robd=2 robw=16   3.0272   0.9977    33.96    13.97  Strongly Sust.
  bpt=nn l1da=4 l1d=64 l1ia=4 l1i=32 l2a=8 l2=128 l3a=4 l3=1024 nnbl=64 nnlr=0.0005 robc=8 robd=2 robw=32   3.0414   0.9746    33.46    13.95  Strongly Sust.
  bp=2048 bpt=a53 l1da=4 l1d=64 l1ia=4 l1i=32 l2a=8 l2=128 l3a=8 l3=1024 nhist=2 robc=8 robd=2 robw=16   3.0823   0.9745    33.37    13.77  Strongly Sust.
  bp=2048 bpt=a53 l1da=4 l1d=64 l1ia=4 l1i=32 l2a=8 l2=128 l3a=4 l3=1024 nhist=2 robc=8 robd=2 robw=16   3.0844   0.9744    33.37    13.76  Strongly Sust.
  bpt=nn l1da=4 l1d=64 l1ia=4 l1i=32 l2a=8 l2=128 l3a=4 l3=1024 nnbl=16 nnlr=0.0005 robc=8 robd=2 robw=16   3.0849   0.9734    33.37    13.76  Strongly Sust.
  bpt=nn l1da=4 l1d=64 l1ia=4 l1i=32 l2a=8 l2=128 l3a=4 l3=1024 nnbl=64 nnlr=0.005 robc=8 robd=2 robw=16   3.0851   0.9730    33.37    13.76  Strongly Sust.
  bpt=tage l1da=4 l1d=16 l1ia=4 l1i=32 l2a=4 l2=128 l3a=4 l3=1024 robc=10 robd=2 robw=16   3.1136   0.9724    32.98    13.67  Strongly Sust.
  bpt=nn l1da=4 l1d=16 l1ia=4 l1i=32 l2a=4 l2=128 l3a=4 l3=1024 nnbl=64 nnlr=0.005 robc=10 robd=2 robw=16   3.1149   0.9699    32.98    13.66  Strongly Sust.
  Ran sniper 1 time this iteration (139 total).

=== Iteration 134 ===
  Evaluating 1 configuration(s) (top acquisition score of 400 candidates)...
  [mesmo] bp=2048 bpt=a53 l1da=8 l1d=64 l1ia=4 l1i=32 l2a=8 l2=128 l3a=8 l3=1024 nhist=2 robc=8 robd=2 robw=16  ASI= 2.9013  S=0.9744  A=  37.79  P= 14.21  [Strongly Sust.]
  Deleted 1 non-Pareto output directory.

  Pareto front after iteration 134 (19 points, HV=3.2721):
  Params                                  ASI  Speedup     Area  PeakPow  Region
  ──────────────────────────────────────────────────────────────────────────────
  bpt=pentium_m l1da=8 l1d=64 l1ia=4 l1i=64 l2a=8 l2=512 l3a=4 l3=2048 robc=8 robd=4 robw=1024   0.2219   1.0609    72.96   142.35  Unsustainable
  bpt=pentium_m l1da=8 l1d=64 l1ia=8 l1i=16 l2a=4 l2=512 l3a=8 l3=4096 robc=10 robd=2 robw=1024   0.8626   1.0609    70.94    37.26  Unsustainable
  bpt=pentium_m l1da=4 l1d=64 l1ia=4 l1i=16 l2a=8 l2=512 l3a=16 l3=1024 robc=2 robd=2 robw=1024   1.1369   1.0609    47.72    33.88  Strongly Sust.
  bpt=pentium_m l1da=8 l1d=64 l1ia=8 l1i=16 l2a=8 l2=512 l3a=16 l3=1024 robc=10 robd=2 robw=512   1.5034   1.0608    50.78    25.06  Strongly Sust.
  bpt=pentium_m l1da=4 l1d=64 l1ia=8 l1i=64 l2a=8 l2=512 l3a=16 l3=2048 robc=10 robd=4 robw=128   1.6488   1.0608    53.40    22.41  Strongly Sust.
  bpt=pentium_m l1da=4 l1d=64 l1ia=8 l1i=64 l2a=8 l2=512 l3a=16 l3=2048 robc=8 robd=4 robw=128   1.6488   1.0607    53.40    22.41  Strongly Sust.
  bpt=pentium_m l1da=4 l1d=64 l1ia=8 l1i=32 l2a=8 l2=512 l3a=16 l3=1024 robc=8 robd=4 robw=64   1.7965   1.0606    48.05    21.39  Strongly Sust.
  bpt=pentium_m l1da=4 l1d=64 l1ia=4 l1i=16 l2a=8 l2=512 l3a=8 l3=1024 robc=10 robd=2 robw=64   2.5978   1.0606    41.00    15.54  Strongly Sust.
  bpt=nn l1da=4 l1d=64 l1ia=4 l1i=32 l2a=8 l2=512 l3a=4 l3=1024 nnbl=64 nnlr=0.0005 robc=8 robd=2 robw=32   2.6225   1.0606    41.18    15.37  Strongly Sust.
  bpt=nn l1da=4 l1d=32 l1ia=4 l1i=64 l2a=4 l2=256 l3a=4 l3=1024 nnbl=16 nnlr=0.005 robc=2 robd=2 robw=16   2.9891   1.0002    34.74    14.08  Strongly Sust.
  bpt=nn l1da=4 l1d=32 l1ia=4 l1i=16 l2a=4 l2=256 l3a=4 l3=1024 nnbl=16 nnlr=0.005 robc=10 robd=2 robw=16   3.0249   1.0002    33.91    13.99  Strongly Sust.
  bpt=nn l1da=4 l1d=16 l1ia=4 l1i=32 l2a=4 l2=256 l3a=4 l3=1024 nnbl=64 nnlr=0.005 robc=10 robd=2 robw=16   3.0272   0.9977    33.96    13.97  Strongly Sust.
  bpt=nn l1da=4 l1d=64 l1ia=4 l1i=32 l2a=8 l2=128 l3a=4 l3=1024 nnbl=64 nnlr=0.0005 robc=8 robd=2 robw=32   3.0414   0.9746    33.46    13.95  Strongly Sust.
  bp=2048 bpt=a53 l1da=4 l1d=64 l1ia=4 l1i=32 l2a=8 l2=128 l3a=8 l3=1024 nhist=2 robc=8 robd=2 robw=16   3.0823   0.9745    33.37    13.77  Strongly Sust.
  bp=2048 bpt=a53 l1da=4 l1d=64 l1ia=4 l1i=32 l2a=8 l2=128 l3a=4 l3=1024 nhist=2 robc=8 robd=2 robw=16   3.0844   0.9744    33.37    13.76  Strongly Sust.
  bpt=nn l1da=4 l1d=64 l1ia=4 l1i=32 l2a=8 l2=128 l3a=4 l3=1024 nnbl=16 nnlr=0.0005 robc=8 robd=2 robw=16   3.0849   0.9734    33.37    13.76  Strongly Sust.
  bpt=nn l1da=4 l1d=64 l1ia=4 l1i=32 l2a=8 l2=128 l3a=4 l3=1024 nnbl=64 nnlr=0.005 robc=8 robd=2 robw=16   3.0851   0.9730    33.37    13.76  Strongly Sust.
  bpt=tage l1da=4 l1d=16 l1ia=4 l1i=32 l2a=4 l2=128 l3a=4 l3=1024 robc=10 robd=2 robw=16   3.1136   0.9724    32.98    13.67  Strongly Sust.
  bpt=nn l1da=4 l1d=16 l1ia=4 l1i=32 l2a=4 l2=128 l3a=4 l3=1024 nnbl=64 nnlr=0.005 robc=10 robd=2 robw=16   3.1149   0.9699    32.98    13.66  Strongly Sust.
  Ran sniper 1 time this iteration (140 total).

=== Iteration 135 ===
  Evaluating 1 configuration(s) (top acquisition score of 400 candidates)...
  [mesmo] bp=2048 bpt=a53 l1da=8 l1d=32 l1ia=8 l1i=16 l2a=8 l2=512 l3a=4 l3=4096 nhist=3 robc=10 robd=2 robw=32  ASI= 1.7843  S=1.0590  A=  66.02  P= 18.77  [Strongly Sust.]
  Deleted 1 non-Pareto output directory.

  Pareto front after iteration 135 (19 points, HV=3.2721):
  Params                                  ASI  Speedup     Area  PeakPow  Region
  ──────────────────────────────────────────────────────────────────────────────
  bpt=pentium_m l1da=8 l1d=64 l1ia=4 l1i=64 l2a=8 l2=512 l3a=4 l3=2048 robc=8 robd=4 robw=1024   0.2219   1.0609    72.96   142.35  Unsustainable
  bpt=pentium_m l1da=8 l1d=64 l1ia=8 l1i=16 l2a=4 l2=512 l3a=8 l3=4096 robc=10 robd=2 robw=1024   0.8626   1.0609    70.94    37.26  Unsustainable
  bpt=pentium_m l1da=4 l1d=64 l1ia=4 l1i=16 l2a=8 l2=512 l3a=16 l3=1024 robc=2 robd=2 robw=1024   1.1369   1.0609    47.72    33.88  Strongly Sust.
  bpt=pentium_m l1da=8 l1d=64 l1ia=8 l1i=16 l2a=8 l2=512 l3a=16 l3=1024 robc=10 robd=2 robw=512   1.5034   1.0608    50.78    25.06  Strongly Sust.
  bpt=pentium_m l1da=4 l1d=64 l1ia=8 l1i=64 l2a=8 l2=512 l3a=16 l3=2048 robc=10 robd=4 robw=128   1.6488   1.0608    53.40    22.41  Strongly Sust.
  bpt=pentium_m l1da=4 l1d=64 l1ia=8 l1i=64 l2a=8 l2=512 l3a=16 l3=2048 robc=8 robd=4 robw=128   1.6488   1.0607    53.40    22.41  Strongly Sust.
  bpt=pentium_m l1da=4 l1d=64 l1ia=8 l1i=32 l2a=8 l2=512 l3a=16 l3=1024 robc=8 robd=4 robw=64   1.7965   1.0606    48.05    21.39  Strongly Sust.
  bpt=pentium_m l1da=4 l1d=64 l1ia=4 l1i=16 l2a=8 l2=512 l3a=8 l3=1024 robc=10 robd=2 robw=64   2.5978   1.0606    41.00    15.54  Strongly Sust.
  bpt=nn l1da=4 l1d=64 l1ia=4 l1i=32 l2a=8 l2=512 l3a=4 l3=1024 nnbl=64 nnlr=0.0005 robc=8 robd=2 robw=32   2.6225   1.0606    41.18    15.37  Strongly Sust.
  bpt=nn l1da=4 l1d=32 l1ia=4 l1i=64 l2a=4 l2=256 l3a=4 l3=1024 nnbl=16 nnlr=0.005 robc=2 robd=2 robw=16   2.9891   1.0002    34.74    14.08  Strongly Sust.
  bpt=nn l1da=4 l1d=32 l1ia=4 l1i=16 l2a=4 l2=256 l3a=4 l3=1024 nnbl=16 nnlr=0.005 robc=10 robd=2 robw=16   3.0249   1.0002    33.91    13.99  Strongly Sust.
  bpt=nn l1da=4 l1d=16 l1ia=4 l1i=32 l2a=4 l2=256 l3a=4 l3=1024 nnbl=64 nnlr=0.005 robc=10 robd=2 robw=16   3.0272   0.9977    33.96    13.97  Strongly Sust.
  bpt=nn l1da=4 l1d=64 l1ia=4 l1i=32 l2a=8 l2=128 l3a=4 l3=1024 nnbl=64 nnlr=0.0005 robc=8 robd=2 robw=32   3.0414   0.9746    33.46    13.95  Strongly Sust.
  bp=2048 bpt=a53 l1da=4 l1d=64 l1ia=4 l1i=32 l2a=8 l2=128 l3a=8 l3=1024 nhist=2 robc=8 robd=2 robw=16   3.0823   0.9745    33.37    13.77  Strongly Sust.
  bp=2048 bpt=a53 l1da=4 l1d=64 l1ia=4 l1i=32 l2a=8 l2=128 l3a=4 l3=1024 nhist=2 robc=8 robd=2 robw=16   3.0844   0.9744    33.37    13.76  Strongly Sust.
  bpt=nn l1da=4 l1d=64 l1ia=4 l1i=32 l2a=8 l2=128 l3a=4 l3=1024 nnbl=16 nnlr=0.0005 robc=8 robd=2 robw=16   3.0849   0.9734    33.37    13.76  Strongly Sust.
  bpt=nn l1da=4 l1d=64 l1ia=4 l1i=32 l2a=8 l2=128 l3a=4 l3=1024 nnbl=64 nnlr=0.005 robc=8 robd=2 robw=16   3.0851   0.9730    33.37    13.76  Strongly Sust.
  bpt=tage l1da=4 l1d=16 l1ia=4 l1i=32 l2a=4 l2=128 l3a=4 l3=1024 robc=10 robd=2 robw=16   3.1136   0.9724    32.98    13.67  Strongly Sust.
  bpt=nn l1da=4 l1d=16 l1ia=4 l1i=32 l2a=4 l2=128 l3a=4 l3=1024 nnbl=64 nnlr=0.005 robc=10 robd=2 robw=16   3.1149   0.9699    32.98    13.66  Strongly Sust.
  Ran sniper 1 time this iteration (141 total).

=== Iteration 136 ===
  Evaluating 1 configuration(s) (top acquisition score of 400 candidates)...
  [mesmo] bpt=nn l1da=4 l1d=32 l1ia=4 l1i=64 l2a=4 l2=256 l3a=4 l3=1024 nnbl=32 nnlr=0.005 robc=2 robd=2 robw=16  ASI= 2.9894  S=0.9996  A=  34.74  P= 14.08  [Strongly Sust.]
  Deleted 1 non-Pareto output directory.

  Pareto front after iteration 136 (19 points, HV=3.2721):
  Params                                  ASI  Speedup     Area  PeakPow  Region
  ──────────────────────────────────────────────────────────────────────────────
  bpt=pentium_m l1da=8 l1d=64 l1ia=4 l1i=64 l2a=8 l2=512 l3a=4 l3=2048 robc=8 robd=4 robw=1024   0.2219   1.0609    72.96   142.35  Unsustainable
  bpt=pentium_m l1da=8 l1d=64 l1ia=8 l1i=16 l2a=4 l2=512 l3a=8 l3=4096 robc=10 robd=2 robw=1024   0.8626   1.0609    70.94    37.26  Unsustainable
  bpt=pentium_m l1da=4 l1d=64 l1ia=4 l1i=16 l2a=8 l2=512 l3a=16 l3=1024 robc=2 robd=2 robw=1024   1.1369   1.0609    47.72    33.88  Strongly Sust.
  bpt=pentium_m l1da=8 l1d=64 l1ia=8 l1i=16 l2a=8 l2=512 l3a=16 l3=1024 robc=10 robd=2 robw=512   1.5034   1.0608    50.78    25.06  Strongly Sust.
  bpt=pentium_m l1da=4 l1d=64 l1ia=8 l1i=64 l2a=8 l2=512 l3a=16 l3=2048 robc=10 robd=4 robw=128   1.6488   1.0608    53.40    22.41  Strongly Sust.
  bpt=pentium_m l1da=4 l1d=64 l1ia=8 l1i=64 l2a=8 l2=512 l3a=16 l3=2048 robc=8 robd=4 robw=128   1.6488   1.0607    53.40    22.41  Strongly Sust.
  bpt=pentium_m l1da=4 l1d=64 l1ia=8 l1i=32 l2a=8 l2=512 l3a=16 l3=1024 robc=8 robd=4 robw=64   1.7965   1.0606    48.05    21.39  Strongly Sust.
  bpt=pentium_m l1da=4 l1d=64 l1ia=4 l1i=16 l2a=8 l2=512 l3a=8 l3=1024 robc=10 robd=2 robw=64   2.5978   1.0606    41.00    15.54  Strongly Sust.
  bpt=nn l1da=4 l1d=64 l1ia=4 l1i=32 l2a=8 l2=512 l3a=4 l3=1024 nnbl=64 nnlr=0.0005 robc=8 robd=2 robw=32   2.6225   1.0606    41.18    15.37  Strongly Sust.
  bpt=nn l1da=4 l1d=32 l1ia=4 l1i=64 l2a=4 l2=256 l3a=4 l3=1024 nnbl=16 nnlr=0.005 robc=2 robd=2 robw=16   2.9891   1.0002    34.74    14.08  Strongly Sust.
  bpt=nn l1da=4 l1d=32 l1ia=4 l1i=16 l2a=4 l2=256 l3a=4 l3=1024 nnbl=16 nnlr=0.005 robc=10 robd=2 robw=16   3.0249   1.0002    33.91    13.99  Strongly Sust.
  bpt=nn l1da=4 l1d=16 l1ia=4 l1i=32 l2a=4 l2=256 l3a=4 l3=1024 nnbl=64 nnlr=0.005 robc=10 robd=2 robw=16   3.0272   0.9977    33.96    13.97  Strongly Sust.
  bpt=nn l1da=4 l1d=64 l1ia=4 l1i=32 l2a=8 l2=128 l3a=4 l3=1024 nnbl=64 nnlr=0.0005 robc=8 robd=2 robw=32   3.0414   0.9746    33.46    13.95  Strongly Sust.
  bp=2048 bpt=a53 l1da=4 l1d=64 l1ia=4 l1i=32 l2a=8 l2=128 l3a=8 l3=1024 nhist=2 robc=8 robd=2 robw=16   3.0823   0.9745    33.37    13.77  Strongly Sust.
  bp=2048 bpt=a53 l1da=4 l1d=64 l1ia=4 l1i=32 l2a=8 l2=128 l3a=4 l3=1024 nhist=2 robc=8 robd=2 robw=16   3.0844   0.9744    33.37    13.76  Strongly Sust.
  bpt=nn l1da=4 l1d=64 l1ia=4 l1i=32 l2a=8 l2=128 l3a=4 l3=1024 nnbl=16 nnlr=0.0005 robc=8 robd=2 robw=16   3.0849   0.9734    33.37    13.76  Strongly Sust.
  bpt=nn l1da=4 l1d=64 l1ia=4 l1i=32 l2a=8 l2=128 l3a=4 l3=1024 nnbl=64 nnlr=0.005 robc=8 robd=2 robw=16   3.0851   0.9730    33.37    13.76  Strongly Sust.
  bpt=tage l1da=4 l1d=16 l1ia=4 l1i=32 l2a=4 l2=128 l3a=4 l3=1024 robc=10 robd=2 robw=16   3.1136   0.9724    32.98    13.67  Strongly Sust.
  bpt=nn l1da=4 l1d=16 l1ia=4 l1i=32 l2a=4 l2=128 l3a=4 l3=1024 nnbl=64 nnlr=0.005 robc=10 robd=2 robw=16   3.1149   0.9699    32.98    13.66  Strongly Sust.
  Ran sniper 1 time this iteration (142 total).

=== Iteration 137 ===
  Evaluating 1 configuration(s) (top acquisition score of 400 candidates)...
  [mesmo] bp=2048 bpt=a53 l1da=4 l1d=64 l1ia=4 l1i=32 l2a=8 l2=128 l3a=4 l3=1024 nhist=4 robc=8 robd=2 robw=16  ASI= 3.0843  S=0.9745  A=  33.37  P= 13.76  [Strongly Sust.]

  Pareto front after iteration 137 (20 points, HV=3.2721):
  Params                                  ASI  Speedup     Area  PeakPow  Region
  ──────────────────────────────────────────────────────────────────────────────
  bpt=pentium_m l1da=8 l1d=64 l1ia=4 l1i=64 l2a=8 l2=512 l3a=4 l3=2048 robc=8 robd=4 robw=1024   0.2219   1.0609    72.96   142.35  Unsustainable
  bpt=pentium_m l1da=8 l1d=64 l1ia=8 l1i=16 l2a=4 l2=512 l3a=8 l3=4096 robc=10 robd=2 robw=1024   0.8626   1.0609    70.94    37.26  Unsustainable
  bpt=pentium_m l1da=4 l1d=64 l1ia=4 l1i=16 l2a=8 l2=512 l3a=16 l3=1024 robc=2 robd=2 robw=1024   1.1369   1.0609    47.72    33.88  Strongly Sust.
  bpt=pentium_m l1da=8 l1d=64 l1ia=8 l1i=16 l2a=8 l2=512 l3a=16 l3=1024 robc=10 robd=2 robw=512   1.5034   1.0608    50.78    25.06  Strongly Sust.
  bpt=pentium_m l1da=4 l1d=64 l1ia=8 l1i=64 l2a=8 l2=512 l3a=16 l3=2048 robc=10 robd=4 robw=128   1.6488   1.0608    53.40    22.41  Strongly Sust.
  bpt=pentium_m l1da=4 l1d=64 l1ia=8 l1i=64 l2a=8 l2=512 l3a=16 l3=2048 robc=8 robd=4 robw=128   1.6488   1.0607    53.40    22.41  Strongly Sust.
  bpt=pentium_m l1da=4 l1d=64 l1ia=8 l1i=32 l2a=8 l2=512 l3a=16 l3=1024 robc=8 robd=4 robw=64   1.7965   1.0606    48.05    21.39  Strongly Sust.
  bpt=pentium_m l1da=4 l1d=64 l1ia=4 l1i=16 l2a=8 l2=512 l3a=8 l3=1024 robc=10 robd=2 robw=64   2.5978   1.0606    41.00    15.54  Strongly Sust.
  bpt=nn l1da=4 l1d=64 l1ia=4 l1i=32 l2a=8 l2=512 l3a=4 l3=1024 nnbl=64 nnlr=0.0005 robc=8 robd=2 robw=32   2.6225   1.0606    41.18    15.37  Strongly Sust.
  bpt=nn l1da=4 l1d=32 l1ia=4 l1i=64 l2a=4 l2=256 l3a=4 l3=1024 nnbl=16 nnlr=0.005 robc=2 robd=2 robw=16   2.9891   1.0002    34.74    14.08  Strongly Sust.
  bpt=nn l1da=4 l1d=32 l1ia=4 l1i=16 l2a=4 l2=256 l3a=4 l3=1024 nnbl=16 nnlr=0.005 robc=10 robd=2 robw=16   3.0249   1.0002    33.91    13.99  Strongly Sust.
  bpt=nn l1da=4 l1d=16 l1ia=4 l1i=32 l2a=4 l2=256 l3a=4 l3=1024 nnbl=64 nnlr=0.005 robc=10 robd=2 robw=16   3.0272   0.9977    33.96    13.97  Strongly Sust.
  bpt=nn l1da=4 l1d=64 l1ia=4 l1i=32 l2a=8 l2=128 l3a=4 l3=1024 nnbl=64 nnlr=0.0005 robc=8 robd=2 robw=32   3.0414   0.9746    33.46    13.95  Strongly Sust.
  bp=2048 bpt=a53 l1da=4 l1d=64 l1ia=4 l1i=32 l2a=8 l2=128 l3a=8 l3=1024 nhist=2 robc=8 robd=2 robw=16   3.0823   0.9745    33.37    13.77  Strongly Sust.
  bp=2048 bpt=a53 l1da=4 l1d=64 l1ia=4 l1i=32 l2a=8 l2=128 l3a=4 l3=1024 nhist=4 robc=8 robd=2 robw=16   3.0843   0.9745    33.37    13.76  Strongly Sust.
  bp=2048 bpt=a53 l1da=4 l1d=64 l1ia=4 l1i=32 l2a=8 l2=128 l3a=4 l3=1024 nhist=2 robc=8 robd=2 robw=16   3.0844   0.9744    33.37    13.76  Strongly Sust.
  bpt=nn l1da=4 l1d=64 l1ia=4 l1i=32 l2a=8 l2=128 l3a=4 l3=1024 nnbl=16 nnlr=0.0005 robc=8 robd=2 robw=16   3.0849   0.9734    33.37    13.76  Strongly Sust.
  bpt=nn l1da=4 l1d=64 l1ia=4 l1i=32 l2a=8 l2=128 l3a=4 l3=1024 nnbl=64 nnlr=0.005 robc=8 robd=2 robw=16   3.0851   0.9730    33.37    13.76  Strongly Sust.
  bpt=tage l1da=4 l1d=16 l1ia=4 l1i=32 l2a=4 l2=128 l3a=4 l3=1024 robc=10 robd=2 robw=16   3.1136   0.9724    32.98    13.67  Strongly Sust.
  bpt=nn l1da=4 l1d=16 l1ia=4 l1i=32 l2a=4 l2=128 l3a=4 l3=1024 nnbl=64 nnlr=0.005 robc=10 robd=2 robw=16   3.1149   0.9699    32.98    13.66  Strongly Sust.
  Ran sniper 1 time this iteration (143 total).

=== Iteration 138 ===
  Evaluating 1 configuration(s) (top acquisition score of 400 candidates)...
  [mesmo] bp=2048 bpt=a53 l1da=4 l1d=64 l1ia=4 l1i=32 l2a=4 l2=128 l3a=4 l3=1024 nhist=4 robc=8 robd=2 robw=16  ASI= 3.0873  S=0.9746  A=  33.35  P= 13.75  [Strongly Sust.]
  Deleted 6 non-Pareto output directories.

  Pareto front after iteration 138 (15 points, HV=3.2721):
  Params                                  ASI  Speedup     Area  PeakPow  Region
  ──────────────────────────────────────────────────────────────────────────────
  bpt=pentium_m l1da=8 l1d=64 l1ia=4 l1i=64 l2a=8 l2=512 l3a=4 l3=2048 robc=8 robd=4 robw=1024   0.2219   1.0609    72.96   142.35  Unsustainable
  bpt=pentium_m l1da=8 l1d=64 l1ia=8 l1i=16 l2a=4 l2=512 l3a=8 l3=4096 robc=10 robd=2 robw=1024   0.8626   1.0609    70.94    37.26  Unsustainable
  bpt=pentium_m l1da=4 l1d=64 l1ia=4 l1i=16 l2a=8 l2=512 l3a=16 l3=1024 robc=2 robd=2 robw=1024   1.1369   1.0609    47.72    33.88  Strongly Sust.
  bpt=pentium_m l1da=8 l1d=64 l1ia=8 l1i=16 l2a=8 l2=512 l3a=16 l3=1024 robc=10 robd=2 robw=512   1.5034   1.0608    50.78    25.06  Strongly Sust.
  bpt=pentium_m l1da=4 l1d=64 l1ia=8 l1i=64 l2a=8 l2=512 l3a=16 l3=2048 robc=10 robd=4 robw=128   1.6488   1.0608    53.40    22.41  Strongly Sust.
  bpt=pentium_m l1da=4 l1d=64 l1ia=8 l1i=64 l2a=8 l2=512 l3a=16 l3=2048 robc=8 robd=4 robw=128   1.6488   1.0607    53.40    22.41  Strongly Sust.
  bpt=pentium_m l1da=4 l1d=64 l1ia=8 l1i=32 l2a=8 l2=512 l3a=16 l3=1024 robc=8 robd=4 robw=64   1.7965   1.0606    48.05    21.39  Strongly Sust.
  bpt=pentium_m l1da=4 l1d=64 l1ia=4 l1i=16 l2a=8 l2=512 l3a=8 l3=1024 robc=10 robd=2 robw=64   2.5978   1.0606    41.00    15.54  Strongly Sust.
  bpt=nn l1da=4 l1d=64 l1ia=4 l1i=32 l2a=8 l2=512 l3a=4 l3=1024 nnbl=64 nnlr=0.0005 robc=8 robd=2 robw=32   2.6225   1.0606    41.18    15.37  Strongly Sust.
  bpt=nn l1da=4 l1d=32 l1ia=4 l1i=64 l2a=4 l2=256 l3a=4 l3=1024 nnbl=16 nnlr=0.005 robc=2 robd=2 robw=16   2.9891   1.0002    34.74    14.08  Strongly Sust.
  bpt=nn l1da=4 l1d=32 l1ia=4 l1i=16 l2a=4 l2=256 l3a=4 l3=1024 nnbl=16 nnlr=0.005 robc=10 robd=2 robw=16   3.0249   1.0002    33.91    13.99  Strongly Sust.
  bpt=nn l1da=4 l1d=16 l1ia=4 l1i=32 l2a=4 l2=256 l3a=4 l3=1024 nnbl=64 nnlr=0.005 robc=10 robd=2 robw=16   3.0272   0.9977    33.96    13.97  Strongly Sust.
  bp=2048 bpt=a53 l1da=4 l1d=64 l1ia=4 l1i=32 l2a=4 l2=128 l3a=4 l3=1024 nhist=4 robc=8 robd=2 robw=16   3.0873   0.9746    33.35    13.75  Strongly Sust.
  bpt=tage l1da=4 l1d=16 l1ia=4 l1i=32 l2a=4 l2=128 l3a=4 l3=1024 robc=10 robd=2 robw=16   3.1136   0.9724    32.98    13.67  Strongly Sust.
  bpt=nn l1da=4 l1d=16 l1ia=4 l1i=32 l2a=4 l2=128 l3a=4 l3=1024 nnbl=64 nnlr=0.005 robc=10 robd=2 robw=16   3.1149   0.9699    32.98    13.66  Strongly Sust.
  Ran sniper 1 time this iteration (144 total).

=== Iteration 139 ===
  Evaluating 1 configuration(s) (top acquisition score of 400 candidates)...
  [mesmo] bpt=nn l1da=8 l1d=32 l1ia=8 l1i=64 l2a=8 l2=512 l3a=4 l3=2048 nnbl=16 nnlr=0.001 robc=2 robd=8 robw=64  ASI= 0.7759  S=1.0487  A=  66.31  P= 43.06  [Unsustainable]
  Deleted 1 non-Pareto output directory.

  Pareto front after iteration 139 (15 points, HV=3.2721):
  Params                                  ASI  Speedup     Area  PeakPow  Region
  ──────────────────────────────────────────────────────────────────────────────
  bpt=pentium_m l1da=8 l1d=64 l1ia=4 l1i=64 l2a=8 l2=512 l3a=4 l3=2048 robc=8 robd=4 robw=1024   0.2219   1.0609    72.96   142.35  Unsustainable
  bpt=pentium_m l1da=8 l1d=64 l1ia=8 l1i=16 l2a=4 l2=512 l3a=8 l3=4096 robc=10 robd=2 robw=1024   0.8626   1.0609    70.94    37.26  Unsustainable
  bpt=pentium_m l1da=4 l1d=64 l1ia=4 l1i=16 l2a=8 l2=512 l3a=16 l3=1024 robc=2 robd=2 robw=1024   1.1369   1.0609    47.72    33.88  Strongly Sust.
  bpt=pentium_m l1da=8 l1d=64 l1ia=8 l1i=16 l2a=8 l2=512 l3a=16 l3=1024 robc=10 robd=2 robw=512   1.5034   1.0608    50.78    25.06  Strongly Sust.
  bpt=pentium_m l1da=4 l1d=64 l1ia=8 l1i=64 l2a=8 l2=512 l3a=16 l3=2048 robc=10 robd=4 robw=128   1.6488   1.0608    53.40    22.41  Strongly Sust.
  bpt=pentium_m l1da=4 l1d=64 l1ia=8 l1i=64 l2a=8 l2=512 l3a=16 l3=2048 robc=8 robd=4 robw=128   1.6488   1.0607    53.40    22.41  Strongly Sust.
  bpt=pentium_m l1da=4 l1d=64 l1ia=8 l1i=32 l2a=8 l2=512 l3a=16 l3=1024 robc=8 robd=4 robw=64   1.7965   1.0606    48.05    21.39  Strongly Sust.
  bpt=pentium_m l1da=4 l1d=64 l1ia=4 l1i=16 l2a=8 l2=512 l3a=8 l3=1024 robc=10 robd=2 robw=64   2.5978   1.0606    41.00    15.54  Strongly Sust.
  bpt=nn l1da=4 l1d=64 l1ia=4 l1i=32 l2a=8 l2=512 l3a=4 l3=1024 nnbl=64 nnlr=0.0005 robc=8 robd=2 robw=32   2.6225   1.0606    41.18    15.37  Strongly Sust.
  bpt=nn l1da=4 l1d=32 l1ia=4 l1i=64 l2a=4 l2=256 l3a=4 l3=1024 nnbl=16 nnlr=0.005 robc=2 robd=2 robw=16   2.9891   1.0002    34.74    14.08  Strongly Sust.
  bpt=nn l1da=4 l1d=32 l1ia=4 l1i=16 l2a=4 l2=256 l3a=4 l3=1024 nnbl=16 nnlr=0.005 robc=10 robd=2 robw=16   3.0249   1.0002    33.91    13.99  Strongly Sust.
  bpt=nn l1da=4 l1d=16 l1ia=4 l1i=32 l2a=4 l2=256 l3a=4 l3=1024 nnbl=64 nnlr=0.005 robc=10 robd=2 robw=16   3.0272   0.9977    33.96    13.97  Strongly Sust.
  bp=2048 bpt=a53 l1da=4 l1d=64 l1ia=4 l1i=32 l2a=4 l2=128 l3a=4 l3=1024 nhist=4 robc=8 robd=2 robw=16   3.0873   0.9746    33.35    13.75  Strongly Sust.
  bpt=tage l1da=4 l1d=16 l1ia=4 l1i=32 l2a=4 l2=128 l3a=4 l3=1024 robc=10 robd=2 robw=16   3.1136   0.9724    32.98    13.67  Strongly Sust.
  bpt=nn l1da=4 l1d=16 l1ia=4 l1i=32 l2a=4 l2=128 l3a=4 l3=1024 nnbl=64 nnlr=0.005 robc=10 robd=2 robw=16   3.1149   0.9699    32.98    13.66  Strongly Sust.
  Ran sniper 1 time this iteration (145 total).

=== Iteration 140 ===
  Evaluating 1 configuration(s) (top acquisition score of 400 candidates)...
  [mesmo] bp=2048 bpt=a53 l1da=4 l1d=64 l1ia=4 l1i=32 l2a=4 l2=128 l3a=4 l3=1024 nhist=4 robc=8 robd=2 robw=32  ASI= 3.0444  S=0.9746  A=  33.43  P= 13.94  [Strongly Sust.]

  Pareto front after iteration 140 (16 points, HV=3.2721):
  Params                                  ASI  Speedup     Area  PeakPow  Region
  ──────────────────────────────────────────────────────────────────────────────
  bpt=pentium_m l1da=8 l1d=64 l1ia=4 l1i=64 l2a=8 l2=512 l3a=4 l3=2048 robc=8 robd=4 robw=1024   0.2219   1.0609    72.96   142.35  Unsustainable
  bpt=pentium_m l1da=8 l1d=64 l1ia=8 l1i=16 l2a=4 l2=512 l3a=8 l3=4096 robc=10 robd=2 robw=1024   0.8626   1.0609    70.94    37.26  Unsustainable
  bpt=pentium_m l1da=4 l1d=64 l1ia=4 l1i=16 l2a=8 l2=512 l3a=16 l3=1024 robc=2 robd=2 robw=1024   1.1369   1.0609    47.72    33.88  Strongly Sust.
  bpt=pentium_m l1da=8 l1d=64 l1ia=8 l1i=16 l2a=8 l2=512 l3a=16 l3=1024 robc=10 robd=2 robw=512   1.5034   1.0608    50.78    25.06  Strongly Sust.
  bpt=pentium_m l1da=4 l1d=64 l1ia=8 l1i=64 l2a=8 l2=512 l3a=16 l3=2048 robc=10 robd=4 robw=128   1.6488   1.0608    53.40    22.41  Strongly Sust.
  bpt=pentium_m l1da=4 l1d=64 l1ia=8 l1i=64 l2a=8 l2=512 l3a=16 l3=2048 robc=8 robd=4 robw=128   1.6488   1.0607    53.40    22.41  Strongly Sust.
  bpt=pentium_m l1da=4 l1d=64 l1ia=8 l1i=32 l2a=8 l2=512 l3a=16 l3=1024 robc=8 robd=4 robw=64   1.7965   1.0606    48.05    21.39  Strongly Sust.
  bpt=pentium_m l1da=4 l1d=64 l1ia=4 l1i=16 l2a=8 l2=512 l3a=8 l3=1024 robc=10 robd=2 robw=64   2.5978   1.0606    41.00    15.54  Strongly Sust.
  bpt=nn l1da=4 l1d=64 l1ia=4 l1i=32 l2a=8 l2=512 l3a=4 l3=1024 nnbl=64 nnlr=0.0005 robc=8 robd=2 robw=32   2.6225   1.0606    41.18    15.37  Strongly Sust.
  bpt=nn l1da=4 l1d=32 l1ia=4 l1i=64 l2a=4 l2=256 l3a=4 l3=1024 nnbl=16 nnlr=0.005 robc=2 robd=2 robw=16   2.9891   1.0002    34.74    14.08  Strongly Sust.
  bpt=nn l1da=4 l1d=32 l1ia=4 l1i=16 l2a=4 l2=256 l3a=4 l3=1024 nnbl=16 nnlr=0.005 robc=10 robd=2 robw=16   3.0249   1.0002    33.91    13.99  Strongly Sust.
  bpt=nn l1da=4 l1d=16 l1ia=4 l1i=32 l2a=4 l2=256 l3a=4 l3=1024 nnbl=64 nnlr=0.005 robc=10 robd=2 robw=16   3.0272   0.9977    33.96    13.97  Strongly Sust.
  bp=2048 bpt=a53 l1da=4 l1d=64 l1ia=4 l1i=32 l2a=4 l2=128 l3a=4 l3=1024 nhist=4 robc=8 robd=2 robw=32   3.0444   0.9746    33.43    13.94  Strongly Sust.
  bp=2048 bpt=a53 l1da=4 l1d=64 l1ia=4 l1i=32 l2a=4 l2=128 l3a=4 l3=1024 nhist=4 robc=8 robd=2 robw=16   3.0873   0.9746    33.35    13.75  Strongly Sust.
  bpt=tage l1da=4 l1d=16 l1ia=4 l1i=32 l2a=4 l2=128 l3a=4 l3=1024 robc=10 robd=2 robw=16   3.1136   0.9724    32.98    13.67  Strongly Sust.
  bpt=nn l1da=4 l1d=16 l1ia=4 l1i=32 l2a=4 l2=128 l3a=4 l3=1024 nnbl=64 nnlr=0.005 robc=10 robd=2 robw=16   3.1149   0.9699    32.98    13.66  Strongly Sust.
  Ran sniper 1 time this iteration (146 total).

=== Iteration 141 ===
  Evaluating 1 configuration(s) (top acquisition score of 400 candidates)...
  [mesmo] bpt=nn l1da=8 l1d=32 l1ia=4 l1i=16 l2a=4 l2=512 l3a=16 l3=1024 nnbl=16 nnlr=0.005 robc=10 robd=8 robw=128  ASI= 0.1299  S=1.0586  A=  67.10  P=255.64  [Unsustainable]
  Deleted 1 non-Pareto output directory.

  Pareto front after iteration 141 (16 points, HV=3.2721):
  Params                                  ASI  Speedup     Area  PeakPow  Region
  ──────────────────────────────────────────────────────────────────────────────
  bpt=pentium_m l1da=8 l1d=64 l1ia=4 l1i=64 l2a=8 l2=512 l3a=4 l3=2048 robc=8 robd=4 robw=1024   0.2219   1.0609    72.96   142.35  Unsustainable
  bpt=pentium_m l1da=8 l1d=64 l1ia=8 l1i=16 l2a=4 l2=512 l3a=8 l3=4096 robc=10 robd=2 robw=1024   0.8626   1.0609    70.94    37.26  Unsustainable
  bpt=pentium_m l1da=4 l1d=64 l1ia=4 l1i=16 l2a=8 l2=512 l3a=16 l3=1024 robc=2 robd=2 robw=1024   1.1369   1.0609    47.72    33.88  Strongly Sust.
  bpt=pentium_m l1da=8 l1d=64 l1ia=8 l1i=16 l2a=8 l2=512 l3a=16 l3=1024 robc=10 robd=2 robw=512   1.5034   1.0608    50.78    25.06  Strongly Sust.
  bpt=pentium_m l1da=4 l1d=64 l1ia=8 l1i=64 l2a=8 l2=512 l3a=16 l3=2048 robc=10 robd=4 robw=128   1.6488   1.0608    53.40    22.41  Strongly Sust.
  bpt=pentium_m l1da=4 l1d=64 l1ia=8 l1i=64 l2a=8 l2=512 l3a=16 l3=2048 robc=8 robd=4 robw=128   1.6488   1.0607    53.40    22.41  Strongly Sust.
  bpt=pentium_m l1da=4 l1d=64 l1ia=8 l1i=32 l2a=8 l2=512 l3a=16 l3=1024 robc=8 robd=4 robw=64   1.7965   1.0606    48.05    21.39  Strongly Sust.
  bpt=pentium_m l1da=4 l1d=64 l1ia=4 l1i=16 l2a=8 l2=512 l3a=8 l3=1024 robc=10 robd=2 robw=64   2.5978   1.0606    41.00    15.54  Strongly Sust.
  bpt=nn l1da=4 l1d=64 l1ia=4 l1i=32 l2a=8 l2=512 l3a=4 l3=1024 nnbl=64 nnlr=0.0005 robc=8 robd=2 robw=32   2.6225   1.0606    41.18    15.37  Strongly Sust.
  bpt=nn l1da=4 l1d=32 l1ia=4 l1i=64 l2a=4 l2=256 l3a=4 l3=1024 nnbl=16 nnlr=0.005 robc=2 robd=2 robw=16   2.9891   1.0002    34.74    14.08  Strongly Sust.
  bpt=nn l1da=4 l1d=32 l1ia=4 l1i=16 l2a=4 l2=256 l3a=4 l3=1024 nnbl=16 nnlr=0.005 robc=10 robd=2 robw=16   3.0249   1.0002    33.91    13.99  Strongly Sust.
  bpt=nn l1da=4 l1d=16 l1ia=4 l1i=32 l2a=4 l2=256 l3a=4 l3=1024 nnbl=64 nnlr=0.005 robc=10 robd=2 robw=16   3.0272   0.9977    33.96    13.97  Strongly Sust.
  bp=2048 bpt=a53 l1da=4 l1d=64 l1ia=4 l1i=32 l2a=4 l2=128 l3a=4 l3=1024 nhist=4 robc=8 robd=2 robw=32   3.0444   0.9746    33.43    13.94  Strongly Sust.
  bp=2048 bpt=a53 l1da=4 l1d=64 l1ia=4 l1i=32 l2a=4 l2=128 l3a=4 l3=1024 nhist=4 robc=8 robd=2 robw=16   3.0873   0.9746    33.35    13.75  Strongly Sust.
  bpt=tage l1da=4 l1d=16 l1ia=4 l1i=32 l2a=4 l2=128 l3a=4 l3=1024 robc=10 robd=2 robw=16   3.1136   0.9724    32.98    13.67  Strongly Sust.
  bpt=nn l1da=4 l1d=16 l1ia=4 l1i=32 l2a=4 l2=128 l3a=4 l3=1024 nnbl=64 nnlr=0.005 robc=10 robd=2 robw=16   3.1149   0.9699    32.98    13.66  Strongly Sust.
  Ran sniper 1 time this iteration (147 total).

=== Iteration 142 ===
  Evaluating 1 configuration(s) (top acquisition score of 400 candidates)...
  [mesmo] bpt=pentium_m l1da=4 l1d=64 l1ia=8 l1i=32 l2a=4 l2=512 l3a=4 l3=8192 robc=10 robd=2 robw=512  ASI= 0.8533  S=1.0607  A=  95.01  P= 29.93  [Unsustainable]
  Deleted 1 non-Pareto output directory.

  Pareto front after iteration 142 (16 points, HV=3.2721):
  Params                                  ASI  Speedup     Area  PeakPow  Region
  ──────────────────────────────────────────────────────────────────────────────
  bpt=pentium_m l1da=8 l1d=64 l1ia=4 l1i=64 l2a=8 l2=512 l3a=4 l3=2048 robc=8 robd=4 robw=1024   0.2219   1.0609    72.96   142.35  Unsustainable
  bpt=pentium_m l1da=8 l1d=64 l1ia=8 l1i=16 l2a=4 l2=512 l3a=8 l3=4096 robc=10 robd=2 robw=1024   0.8626   1.0609    70.94    37.26  Unsustainable
  bpt=pentium_m l1da=4 l1d=64 l1ia=4 l1i=16 l2a=8 l2=512 l3a=16 l3=1024 robc=2 robd=2 robw=1024   1.1369   1.0609    47.72    33.88  Strongly Sust.
  bpt=pentium_m l1da=8 l1d=64 l1ia=8 l1i=16 l2a=8 l2=512 l3a=16 l3=1024 robc=10 robd=2 robw=512   1.5034   1.0608    50.78    25.06  Strongly Sust.
  bpt=pentium_m l1da=4 l1d=64 l1ia=8 l1i=64 l2a=8 l2=512 l3a=16 l3=2048 robc=10 robd=4 robw=128   1.6488   1.0608    53.40    22.41  Strongly Sust.
  bpt=pentium_m l1da=4 l1d=64 l1ia=8 l1i=64 l2a=8 l2=512 l3a=16 l3=2048 robc=8 robd=4 robw=128   1.6488   1.0607    53.40    22.41  Strongly Sust.
  bpt=pentium_m l1da=4 l1d=64 l1ia=8 l1i=32 l2a=8 l2=512 l3a=16 l3=1024 robc=8 robd=4 robw=64   1.7965   1.0606    48.05    21.39  Strongly Sust.
  bpt=pentium_m l1da=4 l1d=64 l1ia=4 l1i=16 l2a=8 l2=512 l3a=8 l3=1024 robc=10 robd=2 robw=64   2.5978   1.0606    41.00    15.54  Strongly Sust.
  bpt=nn l1da=4 l1d=64 l1ia=4 l1i=32 l2a=8 l2=512 l3a=4 l3=1024 nnbl=64 nnlr=0.0005 robc=8 robd=2 robw=32   2.6225   1.0606    41.18    15.37  Strongly Sust.
  bpt=nn l1da=4 l1d=32 l1ia=4 l1i=64 l2a=4 l2=256 l3a=4 l3=1024 nnbl=16 nnlr=0.005 robc=2 robd=2 robw=16   2.9891   1.0002    34.74    14.08  Strongly Sust.
  bpt=nn l1da=4 l1d=32 l1ia=4 l1i=16 l2a=4 l2=256 l3a=4 l3=1024 nnbl=16 nnlr=0.005 robc=10 robd=2 robw=16   3.0249   1.0002    33.91    13.99  Strongly Sust.
  bpt=nn l1da=4 l1d=16 l1ia=4 l1i=32 l2a=4 l2=256 l3a=4 l3=1024 nnbl=64 nnlr=0.005 robc=10 robd=2 robw=16   3.0272   0.9977    33.96    13.97  Strongly Sust.
  bp=2048 bpt=a53 l1da=4 l1d=64 l1ia=4 l1i=32 l2a=4 l2=128 l3a=4 l3=1024 nhist=4 robc=8 robd=2 robw=32   3.0444   0.9746    33.43    13.94  Strongly Sust.
  bp=2048 bpt=a53 l1da=4 l1d=64 l1ia=4 l1i=32 l2a=4 l2=128 l3a=4 l3=1024 nhist=4 robc=8 robd=2 robw=16   3.0873   0.9746    33.35    13.75  Strongly Sust.
  bpt=tage l1da=4 l1d=16 l1ia=4 l1i=32 l2a=4 l2=128 l3a=4 l3=1024 robc=10 robd=2 robw=16   3.1136   0.9724    32.98    13.67  Strongly Sust.
  bpt=nn l1da=4 l1d=16 l1ia=4 l1i=32 l2a=4 l2=128 l3a=4 l3=1024 nnbl=64 nnlr=0.005 robc=10 robd=2 robw=16   3.1149   0.9699    32.98    13.66  Strongly Sust.
  Ran sniper 1 time this iteration (148 total).

=== Iteration 143 ===
  Evaluating 1 configuration(s) (top acquisition score of 400 candidates)...
  [mesmo] bpt=pentium_m l1da=8 l1d=64 l1ia=8 l1i=64 l2a=4 l2=512 l3a=8 l3=1024 robc=10 robd=4 robw=1024  ASI= 0.2329  S=1.0607  A=  67.37  P=142.20  [Unsustainable]
  Deleted 1 non-Pareto output directory.

  Pareto front after iteration 143 (16 points, HV=3.2721):
  Params                                  ASI  Speedup     Area  PeakPow  Region
  ──────────────────────────────────────────────────────────────────────────────
  bpt=pentium_m l1da=8 l1d=64 l1ia=4 l1i=64 l2a=8 l2=512 l3a=4 l3=2048 robc=8 robd=4 robw=1024   0.2219   1.0609    72.96   142.35  Unsustainable
  bpt=pentium_m l1da=8 l1d=64 l1ia=8 l1i=16 l2a=4 l2=512 l3a=8 l3=4096 robc=10 robd=2 robw=1024   0.8626   1.0609    70.94    37.26  Unsustainable
  bpt=pentium_m l1da=4 l1d=64 l1ia=4 l1i=16 l2a=8 l2=512 l3a=16 l3=1024 robc=2 robd=2 robw=1024   1.1369   1.0609    47.72    33.88  Strongly Sust.
  bpt=pentium_m l1da=8 l1d=64 l1ia=8 l1i=16 l2a=8 l2=512 l3a=16 l3=1024 robc=10 robd=2 robw=512   1.5034   1.0608    50.78    25.06  Strongly Sust.
  bpt=pentium_m l1da=4 l1d=64 l1ia=8 l1i=64 l2a=8 l2=512 l3a=16 l3=2048 robc=10 robd=4 robw=128   1.6488   1.0608    53.40    22.41  Strongly Sust.
  bpt=pentium_m l1da=4 l1d=64 l1ia=8 l1i=64 l2a=8 l2=512 l3a=16 l3=2048 robc=8 robd=4 robw=128   1.6488   1.0607    53.40    22.41  Strongly Sust.
  bpt=pentium_m l1da=4 l1d=64 l1ia=8 l1i=32 l2a=8 l2=512 l3a=16 l3=1024 robc=8 robd=4 robw=64   1.7965   1.0606    48.05    21.39  Strongly Sust.
  bpt=pentium_m l1da=4 l1d=64 l1ia=4 l1i=16 l2a=8 l2=512 l3a=8 l3=1024 robc=10 robd=2 robw=64   2.5978   1.0606    41.00    15.54  Strongly Sust.
  bpt=nn l1da=4 l1d=64 l1ia=4 l1i=32 l2a=8 l2=512 l3a=4 l3=1024 nnbl=64 nnlr=0.0005 robc=8 robd=2 robw=32   2.6225   1.0606    41.18    15.37  Strongly Sust.
  bpt=nn l1da=4 l1d=32 l1ia=4 l1i=64 l2a=4 l2=256 l3a=4 l3=1024 nnbl=16 nnlr=0.005 robc=2 robd=2 robw=16   2.9891   1.0002    34.74    14.08  Strongly Sust.
  bpt=nn l1da=4 l1d=32 l1ia=4 l1i=16 l2a=4 l2=256 l3a=4 l3=1024 nnbl=16 nnlr=0.005 robc=10 robd=2 robw=16   3.0249   1.0002    33.91    13.99  Strongly Sust.
  bpt=nn l1da=4 l1d=16 l1ia=4 l1i=32 l2a=4 l2=256 l3a=4 l3=1024 nnbl=64 nnlr=0.005 robc=10 robd=2 robw=16   3.0272   0.9977    33.96    13.97  Strongly Sust.
  bp=2048 bpt=a53 l1da=4 l1d=64 l1ia=4 l1i=32 l2a=4 l2=128 l3a=4 l3=1024 nhist=4 robc=8 robd=2 robw=32   3.0444   0.9746    33.43    13.94  Strongly Sust.
  bp=2048 bpt=a53 l1da=4 l1d=64 l1ia=4 l1i=32 l2a=4 l2=128 l3a=4 l3=1024 nhist=4 robc=8 robd=2 robw=16   3.0873   0.9746    33.35    13.75  Strongly Sust.
  bpt=tage l1da=4 l1d=16 l1ia=4 l1i=32 l2a=4 l2=128 l3a=4 l3=1024 robc=10 robd=2 robw=16   3.1136   0.9724    32.98    13.67  Strongly Sust.
  bpt=nn l1da=4 l1d=16 l1ia=4 l1i=32 l2a=4 l2=128 l3a=4 l3=1024 nnbl=64 nnlr=0.005 robc=10 robd=2 robw=16   3.1149   0.9699    32.98    13.66  Strongly Sust.
  Ran sniper 1 time this iteration (149 total).

=== Iteration 144 ===
  Evaluating 1 configuration(s) (top acquisition score of 400 candidates)...
  [mesmo] bpt=nn l1da=4 l1d=16 l1ia=8 l1i=16 l2a=4 l2=128 l3a=8 l3=1024 nnbl=32 nnlr=0.001 robc=8 robd=2 robw=256  ASI= 2.8047  S=0.9723  A=  34.67  P= 15.01  [Strongly Sust.]
  Deleted 1 non-Pareto output directory.

  Pareto front after iteration 144 (16 points, HV=3.2721):
  Params                                  ASI  Speedup     Area  PeakPow  Region
  ──────────────────────────────────────────────────────────────────────────────
  bpt=pentium_m l1da=8 l1d=64 l1ia=4 l1i=64 l2a=8 l2=512 l3a=4 l3=2048 robc=8 robd=4 robw=1024   0.2219   1.0609    72.96   142.35  Unsustainable
  bpt=pentium_m l1da=8 l1d=64 l1ia=8 l1i=16 l2a=4 l2=512 l3a=8 l3=4096 robc=10 robd=2 robw=1024   0.8626   1.0609    70.94    37.26  Unsustainable
  bpt=pentium_m l1da=4 l1d=64 l1ia=4 l1i=16 l2a=8 l2=512 l3a=16 l3=1024 robc=2 robd=2 robw=1024   1.1369   1.0609    47.72    33.88  Strongly Sust.
  bpt=pentium_m l1da=8 l1d=64 l1ia=8 l1i=16 l2a=8 l2=512 l3a=16 l3=1024 robc=10 robd=2 robw=512   1.5034   1.0608    50.78    25.06  Strongly Sust.
  bpt=pentium_m l1da=4 l1d=64 l1ia=8 l1i=64 l2a=8 l2=512 l3a=16 l3=2048 robc=10 robd=4 robw=128   1.6488   1.0608    53.40    22.41  Strongly Sust.
  bpt=pentium_m l1da=4 l1d=64 l1ia=8 l1i=64 l2a=8 l2=512 l3a=16 l3=2048 robc=8 robd=4 robw=128   1.6488   1.0607    53.40    22.41  Strongly Sust.
  bpt=pentium_m l1da=4 l1d=64 l1ia=8 l1i=32 l2a=8 l2=512 l3a=16 l3=1024 robc=8 robd=4 robw=64   1.7965   1.0606    48.05    21.39  Strongly Sust.
  bpt=pentium_m l1da=4 l1d=64 l1ia=4 l1i=16 l2a=8 l2=512 l3a=8 l3=1024 robc=10 robd=2 robw=64   2.5978   1.0606    41.00    15.54  Strongly Sust.
  bpt=nn l1da=4 l1d=64 l1ia=4 l1i=32 l2a=8 l2=512 l3a=4 l3=1024 nnbl=64 nnlr=0.0005 robc=8 robd=2 robw=32   2.6225   1.0606    41.18    15.37  Strongly Sust.
  bpt=nn l1da=4 l1d=32 l1ia=4 l1i=64 l2a=4 l2=256 l3a=4 l3=1024 nnbl=16 nnlr=0.005 robc=2 robd=2 robw=16   2.9891   1.0002    34.74    14.08  Strongly Sust.
  bpt=nn l1da=4 l1d=32 l1ia=4 l1i=16 l2a=4 l2=256 l3a=4 l3=1024 nnbl=16 nnlr=0.005 robc=10 robd=2 robw=16   3.0249   1.0002    33.91    13.99  Strongly Sust.
  bpt=nn l1da=4 l1d=16 l1ia=4 l1i=32 l2a=4 l2=256 l3a=4 l3=1024 nnbl=64 nnlr=0.005 robc=10 robd=2 robw=16   3.0272   0.9977    33.96    13.97  Strongly Sust.
  bp=2048 bpt=a53 l1da=4 l1d=64 l1ia=4 l1i=32 l2a=4 l2=128 l3a=4 l3=1024 nhist=4 robc=8 robd=2 robw=32   3.0444   0.9746    33.43    13.94  Strongly Sust.
  bp=2048 bpt=a53 l1da=4 l1d=64 l1ia=4 l1i=32 l2a=4 l2=128 l3a=4 l3=1024 nhist=4 robc=8 robd=2 robw=16   3.0873   0.9746    33.35    13.75  Strongly Sust.
  bpt=tage l1da=4 l1d=16 l1ia=4 l1i=32 l2a=4 l2=128 l3a=4 l3=1024 robc=10 robd=2 robw=16   3.1136   0.9724    32.98    13.67  Strongly Sust.
  bpt=nn l1da=4 l1d=16 l1ia=4 l1i=32 l2a=4 l2=128 l3a=4 l3=1024 nnbl=64 nnlr=0.005 robc=10 robd=2 robw=16   3.1149   0.9699    32.98    13.66  Strongly Sust.
  Ran sniper 1 time this iteration (150 total).

=== Iteration 145 ===
  Evaluating 1 configuration(s) (top acquisition score of 400 candidates)...
  [mesmo] bp=2048 bpt=a53 l1da=4 l1d=32 l1ia=8 l1i=32 l2a=4 l2=512 l3a=4 l3=4096 nhist=3 robc=10 robd=10 robw=256  ASI= 0.0201  S=1.0590  A= 114.92  P=996.27  [Unsustainable]
  Deleted 1 non-Pareto output directory.

  Pareto front after iteration 145 (16 points, HV=3.2721):
  Params                                  ASI  Speedup     Area  PeakPow  Region
  ──────────────────────────────────────────────────────────────────────────────
  bpt=pentium_m l1da=8 l1d=64 l1ia=4 l1i=64 l2a=8 l2=512 l3a=4 l3=2048 robc=8 robd=4 robw=1024   0.2219   1.0609    72.96   142.35  Unsustainable
  bpt=pentium_m l1da=8 l1d=64 l1ia=8 l1i=16 l2a=4 l2=512 l3a=8 l3=4096 robc=10 robd=2 robw=1024   0.8626   1.0609    70.94    37.26  Unsustainable
  bpt=pentium_m l1da=4 l1d=64 l1ia=4 l1i=16 l2a=8 l2=512 l3a=16 l3=1024 robc=2 robd=2 robw=1024   1.1369   1.0609    47.72    33.88  Strongly Sust.
  bpt=pentium_m l1da=8 l1d=64 l1ia=8 l1i=16 l2a=8 l2=512 l3a=16 l3=1024 robc=10 robd=2 robw=512   1.5034   1.0608    50.78    25.06  Strongly Sust.
  bpt=pentium_m l1da=4 l1d=64 l1ia=8 l1i=64 l2a=8 l2=512 l3a=16 l3=2048 robc=10 robd=4 robw=128   1.6488   1.0608    53.40    22.41  Strongly Sust.
  bpt=pentium_m l1da=4 l1d=64 l1ia=8 l1i=64 l2a=8 l2=512 l3a=16 l3=2048 robc=8 robd=4 robw=128   1.6488   1.0607    53.40    22.41  Strongly Sust.
  bpt=pentium_m l1da=4 l1d=64 l1ia=8 l1i=32 l2a=8 l2=512 l3a=16 l3=1024 robc=8 robd=4 robw=64   1.7965   1.0606    48.05    21.39  Strongly Sust.
  bpt=pentium_m l1da=4 l1d=64 l1ia=4 l1i=16 l2a=8 l2=512 l3a=8 l3=1024 robc=10 robd=2 robw=64   2.5978   1.0606    41.00    15.54  Strongly Sust.
  bpt=nn l1da=4 l1d=64 l1ia=4 l1i=32 l2a=8 l2=512 l3a=4 l3=1024 nnbl=64 nnlr=0.0005 robc=8 robd=2 robw=32   2.6225   1.0606    41.18    15.37  Strongly Sust.
  bpt=nn l1da=4 l1d=32 l1ia=4 l1i=64 l2a=4 l2=256 l3a=4 l3=1024 nnbl=16 nnlr=0.005 robc=2 robd=2 robw=16   2.9891   1.0002    34.74    14.08  Strongly Sust.
  bpt=nn l1da=4 l1d=32 l1ia=4 l1i=16 l2a=4 l2=256 l3a=4 l3=1024 nnbl=16 nnlr=0.005 robc=10 robd=2 robw=16   3.0249   1.0002    33.91    13.99  Strongly Sust.
  bpt=nn l1da=4 l1d=16 l1ia=4 l1i=32 l2a=4 l2=256 l3a=4 l3=1024 nnbl=64 nnlr=0.005 robc=10 robd=2 robw=16   3.0272   0.9977    33.96    13.97  Strongly Sust.
  bp=2048 bpt=a53 l1da=4 l1d=64 l1ia=4 l1i=32 l2a=4 l2=128 l3a=4 l3=1024 nhist=4 robc=8 robd=2 robw=32   3.0444   0.9746    33.43    13.94  Strongly Sust.
  bp=2048 bpt=a53 l1da=4 l1d=64 l1ia=4 l1i=32 l2a=4 l2=128 l3a=4 l3=1024 nhist=4 robc=8 robd=2 robw=16   3.0873   0.9746    33.35    13.75  Strongly Sust.
  bpt=tage l1da=4 l1d=16 l1ia=4 l1i=32 l2a=4 l2=128 l3a=4 l3=1024 robc=10 robd=2 robw=16   3.1136   0.9724    32.98    13.67  Strongly Sust.
  bpt=nn l1da=4 l1d=16 l1ia=4 l1i=32 l2a=4 l2=128 l3a=4 l3=1024 nnbl=64 nnlr=0.005 robc=10 robd=2 robw=16   3.1149   0.9699    32.98    13.66  Strongly Sust.
  Ran sniper 1 time this iteration (151 total).

=== Iteration 146 ===
  Evaluating 1 configuration(s) (top acquisition score of 400 candidates)...
  [mesmo] bp=2048 bpt=a53 l1da=4 l1d=64 l1ia=4 l1i=32 l2a=4 l2=128 l3a=8 l3=1024 nhist=4 robc=8 robd=2 robw=32  ASI= 3.0424  S=0.9746  A=  33.43  P= 13.95  [Strongly Sust.]
  Deleted 1 non-Pareto output directory.

  Pareto front after iteration 146 (16 points, HV=3.2721):
  Params                                  ASI  Speedup     Area  PeakPow  Region
  ──────────────────────────────────────────────────────────────────────────────
  bpt=pentium_m l1da=8 l1d=64 l1ia=4 l1i=64 l2a=8 l2=512 l3a=4 l3=2048 robc=8 robd=4 robw=1024   0.2219   1.0609    72.96   142.35  Unsustainable
  bpt=pentium_m l1da=8 l1d=64 l1ia=8 l1i=16 l2a=4 l2=512 l3a=8 l3=4096 robc=10 robd=2 robw=1024   0.8626   1.0609    70.94    37.26  Unsustainable
  bpt=pentium_m l1da=4 l1d=64 l1ia=4 l1i=16 l2a=8 l2=512 l3a=16 l3=1024 robc=2 robd=2 robw=1024   1.1369   1.0609    47.72    33.88  Strongly Sust.
  bpt=pentium_m l1da=8 l1d=64 l1ia=8 l1i=16 l2a=8 l2=512 l3a=16 l3=1024 robc=10 robd=2 robw=512   1.5034   1.0608    50.78    25.06  Strongly Sust.
  bpt=pentium_m l1da=4 l1d=64 l1ia=8 l1i=64 l2a=8 l2=512 l3a=16 l3=2048 robc=10 robd=4 robw=128   1.6488   1.0608    53.40    22.41  Strongly Sust.
  bpt=pentium_m l1da=4 l1d=64 l1ia=8 l1i=64 l2a=8 l2=512 l3a=16 l3=2048 robc=8 robd=4 robw=128   1.6488   1.0607    53.40    22.41  Strongly Sust.
  bpt=pentium_m l1da=4 l1d=64 l1ia=8 l1i=32 l2a=8 l2=512 l3a=16 l3=1024 robc=8 robd=4 robw=64   1.7965   1.0606    48.05    21.39  Strongly Sust.
  bpt=pentium_m l1da=4 l1d=64 l1ia=4 l1i=16 l2a=8 l2=512 l3a=8 l3=1024 robc=10 robd=2 robw=64   2.5978   1.0606    41.00    15.54  Strongly Sust.
  bpt=nn l1da=4 l1d=64 l1ia=4 l1i=32 l2a=8 l2=512 l3a=4 l3=1024 nnbl=64 nnlr=0.0005 robc=8 robd=2 robw=32   2.6225   1.0606    41.18    15.37  Strongly Sust.
  bpt=nn l1da=4 l1d=32 l1ia=4 l1i=64 l2a=4 l2=256 l3a=4 l3=1024 nnbl=16 nnlr=0.005 robc=2 robd=2 robw=16   2.9891   1.0002    34.74    14.08  Strongly Sust.
  bpt=nn l1da=4 l1d=32 l1ia=4 l1i=16 l2a=4 l2=256 l3a=4 l3=1024 nnbl=16 nnlr=0.005 robc=10 robd=2 robw=16   3.0249   1.0002    33.91    13.99  Strongly Sust.
  bpt=nn l1da=4 l1d=16 l1ia=4 l1i=32 l2a=4 l2=256 l3a=4 l3=1024 nnbl=64 nnlr=0.005 robc=10 robd=2 robw=16   3.0272   0.9977    33.96    13.97  Strongly Sust.
  bp=2048 bpt=a53 l1da=4 l1d=64 l1ia=4 l1i=32 l2a=4 l2=128 l3a=4 l3=1024 nhist=4 robc=8 robd=2 robw=32   3.0444   0.9746    33.43    13.94  Strongly Sust.
  bp=2048 bpt=a53 l1da=4 l1d=64 l1ia=4 l1i=32 l2a=4 l2=128 l3a=4 l3=1024 nhist=4 robc=8 robd=2 robw=16   3.0873   0.9746    33.35    13.75  Strongly Sust.
  bpt=tage l1da=4 l1d=16 l1ia=4 l1i=32 l2a=4 l2=128 l3a=4 l3=1024 robc=10 robd=2 robw=16   3.1136   0.9724    32.98    13.67  Strongly Sust.
  bpt=nn l1da=4 l1d=16 l1ia=4 l1i=32 l2a=4 l2=128 l3a=4 l3=1024 nnbl=64 nnlr=0.005 robc=10 robd=2 robw=16   3.1149   0.9699    32.98    13.66  Strongly Sust.
  Ran sniper 1 time this iteration (152 total).

=== Iteration 147 ===
  Evaluating 1 configuration(s) (top acquisition score of 400 candidates)...
  [mesmo] bp=1024 bpt=a53 l1da=4 l1d=32 l1ia=4 l1i=16 l2a=8 l2=512 l3a=4 l3=4096 nhist=4 robc=10 robd=8 robw=1024  ASI= 0.0034  S=1.0592  A= 173.09  P=1189.47  [Unsustainable]
  Deleted 1 non-Pareto output directory.

  Pareto front after iteration 147 (16 points, HV=3.2721):
  Params                                  ASI  Speedup     Area  PeakPow  Region
  ──────────────────────────────────────────────────────────────────────────────
  bpt=pentium_m l1da=8 l1d=64 l1ia=4 l1i=64 l2a=8 l2=512 l3a=4 l3=2048 robc=8 robd=4 robw=1024   0.2219   1.0609    72.96   142.35  Unsustainable
  bpt=pentium_m l1da=8 l1d=64 l1ia=8 l1i=16 l2a=4 l2=512 l3a=8 l3=4096 robc=10 robd=2 robw=1024   0.8626   1.0609    70.94    37.26  Unsustainable
  bpt=pentium_m l1da=4 l1d=64 l1ia=4 l1i=16 l2a=8 l2=512 l3a=16 l3=1024 robc=2 robd=2 robw=1024   1.1369   1.0609    47.72    33.88  Strongly Sust.
  bpt=pentium_m l1da=8 l1d=64 l1ia=8 l1i=16 l2a=8 l2=512 l3a=16 l3=1024 robc=10 robd=2 robw=512   1.5034   1.0608    50.78    25.06  Strongly Sust.
  bpt=pentium_m l1da=4 l1d=64 l1ia=8 l1i=64 l2a=8 l2=512 l3a=16 l3=2048 robc=10 robd=4 robw=128   1.6488   1.0608    53.40    22.41  Strongly Sust.
  bpt=pentium_m l1da=4 l1d=64 l1ia=8 l1i=64 l2a=8 l2=512 l3a=16 l3=2048 robc=8 robd=4 robw=128   1.6488   1.0607    53.40    22.41  Strongly Sust.
  bpt=pentium_m l1da=4 l1d=64 l1ia=8 l1i=32 l2a=8 l2=512 l3a=16 l3=1024 robc=8 robd=4 robw=64   1.7965   1.0606    48.05    21.39  Strongly Sust.
  bpt=pentium_m l1da=4 l1d=64 l1ia=4 l1i=16 l2a=8 l2=512 l3a=8 l3=1024 robc=10 robd=2 robw=64   2.5978   1.0606    41.00    15.54  Strongly Sust.
  bpt=nn l1da=4 l1d=64 l1ia=4 l1i=32 l2a=8 l2=512 l3a=4 l3=1024 nnbl=64 nnlr=0.0005 robc=8 robd=2 robw=32   2.6225   1.0606    41.18    15.37  Strongly Sust.
  bpt=nn l1da=4 l1d=32 l1ia=4 l1i=64 l2a=4 l2=256 l3a=4 l3=1024 nnbl=16 nnlr=0.005 robc=2 robd=2 robw=16   2.9891   1.0002    34.74    14.08  Strongly Sust.
  bpt=nn l1da=4 l1d=32 l1ia=4 l1i=16 l2a=4 l2=256 l3a=4 l3=1024 nnbl=16 nnlr=0.005 robc=10 robd=2 robw=16   3.0249   1.0002    33.91    13.99  Strongly Sust.
  bpt=nn l1da=4 l1d=16 l1ia=4 l1i=32 l2a=4 l2=256 l3a=4 l3=1024 nnbl=64 nnlr=0.005 robc=10 robd=2 robw=16   3.0272   0.9977    33.96    13.97  Strongly Sust.
  bp=2048 bpt=a53 l1da=4 l1d=64 l1ia=4 l1i=32 l2a=4 l2=128 l3a=4 l3=1024 nhist=4 robc=8 robd=2 robw=32   3.0444   0.9746    33.43    13.94  Strongly Sust.
  bp=2048 bpt=a53 l1da=4 l1d=64 l1ia=4 l1i=32 l2a=4 l2=128 l3a=4 l3=1024 nhist=4 robc=8 robd=2 robw=16   3.0873   0.9746    33.35    13.75  Strongly Sust.
  bpt=tage l1da=4 l1d=16 l1ia=4 l1i=32 l2a=4 l2=128 l3a=4 l3=1024 robc=10 robd=2 robw=16   3.1136   0.9724    32.98    13.67  Strongly Sust.
  bpt=nn l1da=4 l1d=16 l1ia=4 l1i=32 l2a=4 l2=128 l3a=4 l3=1024 nnbl=64 nnlr=0.005 robc=10 robd=2 robw=16   3.1149   0.9699    32.98    13.66  Strongly Sust.
  Ran sniper 1 time this iteration (153 total).

=== Iteration 148 ===
  Evaluating 1 configuration(s) (top acquisition score of 400 candidates)...
  [mesmo] bpt=nn l1da=4 l1d=16 l1ia=4 l1i=32 l2a=4 l2=128 l3a=4 l3=1024 nnbl=64 nnlr=0.001 robc=10 robd=2 robw=16  ASI= 3.1153  S=0.9692  A=  32.98  P= 13.66  [Strongly Sust.]

  Pareto front after iteration 148 (17 points, HV=3.2724):
  Params                                  ASI  Speedup     Area  PeakPow  Region
  ──────────────────────────────────────────────────────────────────────────────
  bpt=pentium_m l1da=8 l1d=64 l1ia=4 l1i=64 l2a=8 l2=512 l3a=4 l3=2048 robc=8 robd=4 robw=1024   0.2219   1.0609    72.96   142.35  Unsustainable
  bpt=pentium_m l1da=8 l1d=64 l1ia=8 l1i=16 l2a=4 l2=512 l3a=8 l3=4096 robc=10 robd=2 robw=1024   0.8626   1.0609    70.94    37.26  Unsustainable
  bpt=pentium_m l1da=4 l1d=64 l1ia=4 l1i=16 l2a=8 l2=512 l3a=16 l3=1024 robc=2 robd=2 robw=1024   1.1369   1.0609    47.72    33.88  Strongly Sust.
  bpt=pentium_m l1da=8 l1d=64 l1ia=8 l1i=16 l2a=8 l2=512 l3a=16 l3=1024 robc=10 robd=2 robw=512   1.5034   1.0608    50.78    25.06  Strongly Sust.
  bpt=pentium_m l1da=4 l1d=64 l1ia=8 l1i=64 l2a=8 l2=512 l3a=16 l3=2048 robc=10 robd=4 robw=128   1.6488   1.0608    53.40    22.41  Strongly Sust.
  bpt=pentium_m l1da=4 l1d=64 l1ia=8 l1i=64 l2a=8 l2=512 l3a=16 l3=2048 robc=8 robd=4 robw=128   1.6488   1.0607    53.40    22.41  Strongly Sust.
  bpt=pentium_m l1da=4 l1d=64 l1ia=8 l1i=32 l2a=8 l2=512 l3a=16 l3=1024 robc=8 robd=4 robw=64   1.7965   1.0606    48.05    21.39  Strongly Sust.
  bpt=pentium_m l1da=4 l1d=64 l1ia=4 l1i=16 l2a=8 l2=512 l3a=8 l3=1024 robc=10 robd=2 robw=64   2.5978   1.0606    41.00    15.54  Strongly Sust.
  bpt=nn l1da=4 l1d=64 l1ia=4 l1i=32 l2a=8 l2=512 l3a=4 l3=1024 nnbl=64 nnlr=0.0005 robc=8 robd=2 robw=32   2.6225   1.0606    41.18    15.37  Strongly Sust.
  bpt=nn l1da=4 l1d=32 l1ia=4 l1i=64 l2a=4 l2=256 l3a=4 l3=1024 nnbl=16 nnlr=0.005 robc=2 robd=2 robw=16   2.9891   1.0002    34.74    14.08  Strongly Sust.
  bpt=nn l1da=4 l1d=32 l1ia=4 l1i=16 l2a=4 l2=256 l3a=4 l3=1024 nnbl=16 nnlr=0.005 robc=10 robd=2 robw=16   3.0249   1.0002    33.91    13.99  Strongly Sust.
  bpt=nn l1da=4 l1d=16 l1ia=4 l1i=32 l2a=4 l2=256 l3a=4 l3=1024 nnbl=64 nnlr=0.005 robc=10 robd=2 robw=16   3.0272   0.9977    33.96    13.97  Strongly Sust.
  bp=2048 bpt=a53 l1da=4 l1d=64 l1ia=4 l1i=32 l2a=4 l2=128 l3a=4 l3=1024 nhist=4 robc=8 robd=2 robw=32   3.0444   0.9746    33.43    13.94  Strongly Sust.
  bp=2048 bpt=a53 l1da=4 l1d=64 l1ia=4 l1i=32 l2a=4 l2=128 l3a=4 l3=1024 nhist=4 robc=8 robd=2 robw=16   3.0873   0.9746    33.35    13.75  Strongly Sust.
  bpt=tage l1da=4 l1d=16 l1ia=4 l1i=32 l2a=4 l2=128 l3a=4 l3=1024 robc=10 robd=2 robw=16   3.1136   0.9724    32.98    13.67  Strongly Sust.
  bpt=nn l1da=4 l1d=16 l1ia=4 l1i=32 l2a=4 l2=128 l3a=4 l3=1024 nnbl=64 nnlr=0.005 robc=10 robd=2 robw=16   3.1149   0.9699    32.98    13.66  Strongly Sust.
  bpt=nn l1da=4 l1d=16 l1ia=4 l1i=32 l2a=4 l2=128 l3a=4 l3=1024 nnbl=64 nnlr=0.001 robc=10 robd=2 robw=16   3.1153   0.9692    32.98    13.66  Strongly Sust.
  Ran sniper 1 time this iteration (154 total).

=== Iteration 149 ===
  Evaluating 1 configuration(s) (top acquisition score of 400 candidates)...
  [mesmo] bpt=nn l1da=4 l1d=32 l1ia=4 l1i=32 l2a=4 l2=128 l3a=4 l3=1024 nnbl=64 nnlr=0.001 robc=10 robd=2 robw=16  ASI= 3.1088  S=0.9604  A=  33.18  P= 13.67  [Strongly Sust.]
  Deleted 1 non-Pareto output directory.

  Pareto front after iteration 149 (17 points, HV=3.2724):
  Params                                  ASI  Speedup     Area  PeakPow  Region
  ──────────────────────────────────────────────────────────────────────────────
  bpt=pentium_m l1da=8 l1d=64 l1ia=4 l1i=64 l2a=8 l2=512 l3a=4 l3=2048 robc=8 robd=4 robw=1024   0.2219   1.0609    72.96   142.35  Unsustainable
  bpt=pentium_m l1da=8 l1d=64 l1ia=8 l1i=16 l2a=4 l2=512 l3a=8 l3=4096 robc=10 robd=2 robw=1024   0.8626   1.0609    70.94    37.26  Unsustainable
  bpt=pentium_m l1da=4 l1d=64 l1ia=4 l1i=16 l2a=8 l2=512 l3a=16 l3=1024 robc=2 robd=2 robw=1024   1.1369   1.0609    47.72    33.88  Strongly Sust.
  bpt=pentium_m l1da=8 l1d=64 l1ia=8 l1i=16 l2a=8 l2=512 l3a=16 l3=1024 robc=10 robd=2 robw=512   1.5034   1.0608    50.78    25.06  Strongly Sust.
  bpt=pentium_m l1da=4 l1d=64 l1ia=8 l1i=64 l2a=8 l2=512 l3a=16 l3=2048 robc=10 robd=4 robw=128   1.6488   1.0608    53.40    22.41  Strongly Sust.
  bpt=pentium_m l1da=4 l1d=64 l1ia=8 l1i=64 l2a=8 l2=512 l3a=16 l3=2048 robc=8 robd=4 robw=128   1.6488   1.0607    53.40    22.41  Strongly Sust.
  bpt=pentium_m l1da=4 l1d=64 l1ia=8 l1i=32 l2a=8 l2=512 l3a=16 l3=1024 robc=8 robd=4 robw=64   1.7965   1.0606    48.05    21.39  Strongly Sust.
  bpt=pentium_m l1da=4 l1d=64 l1ia=4 l1i=16 l2a=8 l2=512 l3a=8 l3=1024 robc=10 robd=2 robw=64   2.5978   1.0606    41.00    15.54  Strongly Sust.
  bpt=nn l1da=4 l1d=64 l1ia=4 l1i=32 l2a=8 l2=512 l3a=4 l3=1024 nnbl=64 nnlr=0.0005 robc=8 robd=2 robw=32   2.6225   1.0606    41.18    15.37  Strongly Sust.
  bpt=nn l1da=4 l1d=32 l1ia=4 l1i=64 l2a=4 l2=256 l3a=4 l3=1024 nnbl=16 nnlr=0.005 robc=2 robd=2 robw=16   2.9891   1.0002    34.74    14.08  Strongly Sust.
  bpt=nn l1da=4 l1d=32 l1ia=4 l1i=16 l2a=4 l2=256 l3a=4 l3=1024 nnbl=16 nnlr=0.005 robc=10 robd=2 robw=16   3.0249   1.0002    33.91    13.99  Strongly Sust.
  bpt=nn l1da=4 l1d=16 l1ia=4 l1i=32 l2a=4 l2=256 l3a=4 l3=1024 nnbl=64 nnlr=0.005 robc=10 robd=2 robw=16   3.0272   0.9977    33.96    13.97  Strongly Sust.
  bp=2048 bpt=a53 l1da=4 l1d=64 l1ia=4 l1i=32 l2a=4 l2=128 l3a=4 l3=1024 nhist=4 robc=8 robd=2 robw=32   3.0444   0.9746    33.43    13.94  Strongly Sust.
  bp=2048 bpt=a53 l1da=4 l1d=64 l1ia=4 l1i=32 l2a=4 l2=128 l3a=4 l3=1024 nhist=4 robc=8 robd=2 robw=16   3.0873   0.9746    33.35    13.75  Strongly Sust.
  bpt=tage l1da=4 l1d=16 l1ia=4 l1i=32 l2a=4 l2=128 l3a=4 l3=1024 robc=10 robd=2 robw=16   3.1136   0.9724    32.98    13.67  Strongly Sust.
  bpt=nn l1da=4 l1d=16 l1ia=4 l1i=32 l2a=4 l2=128 l3a=4 l3=1024 nnbl=64 nnlr=0.005 robc=10 robd=2 robw=16   3.1149   0.9699    32.98    13.66  Strongly Sust.
  bpt=nn l1da=4 l1d=16 l1ia=4 l1i=32 l2a=4 l2=128 l3a=4 l3=1024 nnbl=64 nnlr=0.001 robc=10 robd=2 robw=16   3.1153   0.9692    32.98    13.66  Strongly Sust.
  Ran sniper 1 time this iteration (155 total).

=== Iteration 150 ===
  Evaluating 1 configuration(s) (top acquisition score of 400 candidates)...
  [mesmo] bpt=pentium_m l1da=4 l1d=16 l1ia=8 l1i=32 l2a=8 l2=512 l3a=4 l3=2048 robc=8 robd=10 robw=64  ASI= 0.5538  S=1.0582  A=  67.59  P= 59.70  [Unsustainable]
  Deleted 1 non-Pareto output directory.

  Pareto front after iteration 150 (17 points, HV=3.2724):
  Params                                  ASI  Speedup     Area  PeakPow  Region
  ──────────────────────────────────────────────────────────────────────────────
  bpt=pentium_m l1da=8 l1d=64 l1ia=4 l1i=64 l2a=8 l2=512 l3a=4 l3=2048 robc=8 robd=4 robw=1024   0.2219   1.0609    72.96   142.35  Unsustainable
  bpt=pentium_m l1da=8 l1d=64 l1ia=8 l1i=16 l2a=4 l2=512 l3a=8 l3=4096 robc=10 robd=2 robw=1024   0.8626   1.0609    70.94    37.26  Unsustainable
  bpt=pentium_m l1da=4 l1d=64 l1ia=4 l1i=16 l2a=8 l2=512 l3a=16 l3=1024 robc=2 robd=2 robw=1024   1.1369   1.0609    47.72    33.88  Strongly Sust.
  bpt=pentium_m l1da=8 l1d=64 l1ia=8 l1i=16 l2a=8 l2=512 l3a=16 l3=1024 robc=10 robd=2 robw=512   1.5034   1.0608    50.78    25.06  Strongly Sust.
  bpt=pentium_m l1da=4 l1d=64 l1ia=8 l1i=64 l2a=8 l2=512 l3a=16 l3=2048 robc=10 robd=4 robw=128   1.6488   1.0608    53.40    22.41  Strongly Sust.
  bpt=pentium_m l1da=4 l1d=64 l1ia=8 l1i=64 l2a=8 l2=512 l3a=16 l3=2048 robc=8 robd=4 robw=128   1.6488   1.0607    53.40    22.41  Strongly Sust.
  bpt=pentium_m l1da=4 l1d=64 l1ia=8 l1i=32 l2a=8 l2=512 l3a=16 l3=1024 robc=8 robd=4 robw=64   1.7965   1.0606    48.05    21.39  Strongly Sust.
  bpt=pentium_m l1da=4 l1d=64 l1ia=4 l1i=16 l2a=8 l2=512 l3a=8 l3=1024 robc=10 robd=2 robw=64   2.5978   1.0606    41.00    15.54  Strongly Sust.
  bpt=nn l1da=4 l1d=64 l1ia=4 l1i=32 l2a=8 l2=512 l3a=4 l3=1024 nnbl=64 nnlr=0.0005 robc=8 robd=2 robw=32   2.6225   1.0606    41.18    15.37  Strongly Sust.
  bpt=nn l1da=4 l1d=32 l1ia=4 l1i=64 l2a=4 l2=256 l3a=4 l3=1024 nnbl=16 nnlr=0.005 robc=2 robd=2 robw=16   2.9891   1.0002    34.74    14.08  Strongly Sust.
  bpt=nn l1da=4 l1d=32 l1ia=4 l1i=16 l2a=4 l2=256 l3a=4 l3=1024 nnbl=16 nnlr=0.005 robc=10 robd=2 robw=16   3.0249   1.0002    33.91    13.99  Strongly Sust.
  bpt=nn l1da=4 l1d=16 l1ia=4 l1i=32 l2a=4 l2=256 l3a=4 l3=1024 nnbl=64 nnlr=0.005 robc=10 robd=2 robw=16   3.0272   0.9977    33.96    13.97  Strongly Sust.
  bp=2048 bpt=a53 l1da=4 l1d=64 l1ia=4 l1i=32 l2a=4 l2=128 l3a=4 l3=1024 nhist=4 robc=8 robd=2 robw=32   3.0444   0.9746    33.43    13.94  Strongly Sust.
  bp=2048 bpt=a53 l1da=4 l1d=64 l1ia=4 l1i=32 l2a=4 l2=128 l3a=4 l3=1024 nhist=4 robc=8 robd=2 robw=16   3.0873   0.9746    33.35    13.75  Strongly Sust.
  bpt=tage l1da=4 l1d=16 l1ia=4 l1i=32 l2a=4 l2=128 l3a=4 l3=1024 robc=10 robd=2 robw=16   3.1136   0.9724    32.98    13.67  Strongly Sust.
  bpt=nn l1da=4 l1d=16 l1ia=4 l1i=32 l2a=4 l2=128 l3a=4 l3=1024 nnbl=64 nnlr=0.005 robc=10 robd=2 robw=16   3.1149   0.9699    32.98    13.66  Strongly Sust.
  bpt=nn l1da=4 l1d=16 l1ia=4 l1i=32 l2a=4 l2=128 l3a=4 l3=1024 nnbl=64 nnlr=0.001 robc=10 robd=2 robw=16   3.1153   0.9692    32.98    13.66  Strongly Sust.
  Ran sniper 1 time this iteration (156 total).

=== Iteration 151 ===
  Evaluating 1 configuration(s) (top acquisition score of 400 candidates)...
  [mesmo] bpt=nn l1da=8 l1d=64 l1ia=8 l1i=32 l2a=4 l2=256 l3a=16 l3=1024 nnbl=64 nnlr=0.0005 robc=2 robd=2 robw=64  ASI= 2.5562  S=0.9986  A=  42.70  P= 15.61  [Strongly Sust.]
  Deleted 1 non-Pareto output directory.

  Pareto front after iteration 151 (17 points, HV=3.2724):
  Params                                  ASI  Speedup     Area  PeakPow  Region
  ──────────────────────────────────────────────────────────────────────────────
  bpt=pentium_m l1da=8 l1d=64 l1ia=4 l1i=64 l2a=8 l2=512 l3a=4 l3=2048 robc=8 robd=4 robw=1024   0.2219   1.0609    72.96   142.35  Unsustainable
  bpt=pentium_m l1da=8 l1d=64 l1ia=8 l1i=16 l2a=4 l2=512 l3a=8 l3=4096 robc=10 robd=2 robw=1024   0.8626   1.0609    70.94    37.26  Unsustainable
  bpt=pentium_m l1da=4 l1d=64 l1ia=4 l1i=16 l2a=8 l2=512 l3a=16 l3=1024 robc=2 robd=2 robw=1024   1.1369   1.0609    47.72    33.88  Strongly Sust.
  bpt=pentium_m l1da=8 l1d=64 l1ia=8 l1i=16 l2a=8 l2=512 l3a=16 l3=1024 robc=10 robd=2 robw=512   1.5034   1.0608    50.78    25.06  Strongly Sust.
  bpt=pentium_m l1da=4 l1d=64 l1ia=8 l1i=64 l2a=8 l2=512 l3a=16 l3=2048 robc=10 robd=4 robw=128   1.6488   1.0608    53.40    22.41  Strongly Sust.
  bpt=pentium_m l1da=4 l1d=64 l1ia=8 l1i=64 l2a=8 l2=512 l3a=16 l3=2048 robc=8 robd=4 robw=128   1.6488   1.0607    53.40    22.41  Strongly Sust.
  bpt=pentium_m l1da=4 l1d=64 l1ia=8 l1i=32 l2a=8 l2=512 l3a=16 l3=1024 robc=8 robd=4 robw=64   1.7965   1.0606    48.05    21.39  Strongly Sust.
  bpt=pentium_m l1da=4 l1d=64 l1ia=4 l1i=16 l2a=8 l2=512 l3a=8 l3=1024 robc=10 robd=2 robw=64   2.5978   1.0606    41.00    15.54  Strongly Sust.
  bpt=nn l1da=4 l1d=64 l1ia=4 l1i=32 l2a=8 l2=512 l3a=4 l3=1024 nnbl=64 nnlr=0.0005 robc=8 robd=2 robw=32   2.6225   1.0606    41.18    15.37  Strongly Sust.
  bpt=nn l1da=4 l1d=32 l1ia=4 l1i=64 l2a=4 l2=256 l3a=4 l3=1024 nnbl=16 nnlr=0.005 robc=2 robd=2 robw=16   2.9891   1.0002    34.74    14.08  Strongly Sust.
  bpt=nn l1da=4 l1d=32 l1ia=4 l1i=16 l2a=4 l2=256 l3a=4 l3=1024 nnbl=16 nnlr=0.005 robc=10 robd=2 robw=16   3.0249   1.0002    33.91    13.99  Strongly Sust.
  bpt=nn l1da=4 l1d=16 l1ia=4 l1i=32 l2a=4 l2=256 l3a=4 l3=1024 nnbl=64 nnlr=0.005 robc=10 robd=2 robw=16   3.0272   0.9977    33.96    13.97  Strongly Sust.
  bp=2048 bpt=a53 l1da=4 l1d=64 l1ia=4 l1i=32 l2a=4 l2=128 l3a=4 l3=1024 nhist=4 robc=8 robd=2 robw=32   3.0444   0.9746    33.43    13.94  Strongly Sust.
  bp=2048 bpt=a53 l1da=4 l1d=64 l1ia=4 l1i=32 l2a=4 l2=128 l3a=4 l3=1024 nhist=4 robc=8 robd=2 robw=16   3.0873   0.9746    33.35    13.75  Strongly Sust.
  bpt=tage l1da=4 l1d=16 l1ia=4 l1i=32 l2a=4 l2=128 l3a=4 l3=1024 robc=10 robd=2 robw=16   3.1136   0.9724    32.98    13.67  Strongly Sust.
  bpt=nn l1da=4 l1d=16 l1ia=4 l1i=32 l2a=4 l2=128 l3a=4 l3=1024 nnbl=64 nnlr=0.005 robc=10 robd=2 robw=16   3.1149   0.9699    32.98    13.66  Strongly Sust.
  bpt=nn l1da=4 l1d=16 l1ia=4 l1i=32 l2a=4 l2=128 l3a=4 l3=1024 nnbl=64 nnlr=0.001 robc=10 robd=2 robw=16   3.1153   0.9692    32.98    13.66  Strongly Sust.
  Ran sniper 1 time this iteration (157 total).

=== Iteration 152 ===
  Evaluating 1 configuration(s) (top acquisition score of 400 candidates)...
  [mesmo] bpt=tage l1da=8 l1d=64 l1ia=4 l1i=32 l2a=4 l2=256 l3a=8 l3=1024 robc=2 robd=2 robw=32  ASI= 2.7856  S=1.0019  A=  38.83  P= 14.70  [Strongly Sust.]

  Pareto front after iteration 152 (18 points, HV=3.2727):
  Params                                  ASI  Speedup     Area  PeakPow  Region
  ──────────────────────────────────────────────────────────────────────────────
  bpt=pentium_m l1da=8 l1d=64 l1ia=4 l1i=64 l2a=8 l2=512 l3a=4 l3=2048 robc=8 robd=4 robw=1024   0.2219   1.0609    72.96   142.35  Unsustainable
  bpt=pentium_m l1da=8 l1d=64 l1ia=8 l1i=16 l2a=4 l2=512 l3a=8 l3=4096 robc=10 robd=2 robw=1024   0.8626   1.0609    70.94    37.26  Unsustainable
  bpt=pentium_m l1da=4 l1d=64 l1ia=4 l1i=16 l2a=8 l2=512 l3a=16 l3=1024 robc=2 robd=2 robw=1024   1.1369   1.0609    47.72    33.88  Strongly Sust.
  bpt=pentium_m l1da=8 l1d=64 l1ia=8 l1i=16 l2a=8 l2=512 l3a=16 l3=1024 robc=10 robd=2 robw=512   1.5034   1.0608    50.78    25.06  Strongly Sust.
  bpt=pentium_m l1da=4 l1d=64 l1ia=8 l1i=64 l2a=8 l2=512 l3a=16 l3=2048 robc=10 robd=4 robw=128   1.6488   1.0608    53.40    22.41  Strongly Sust.
  bpt=pentium_m l1da=4 l1d=64 l1ia=8 l1i=64 l2a=8 l2=512 l3a=16 l3=2048 robc=8 robd=4 robw=128   1.6488   1.0607    53.40    22.41  Strongly Sust.
  bpt=pentium_m l1da=4 l1d=64 l1ia=8 l1i=32 l2a=8 l2=512 l3a=16 l3=1024 robc=8 robd=4 robw=64   1.7965   1.0606    48.05    21.39  Strongly Sust.
  bpt=pentium_m l1da=4 l1d=64 l1ia=4 l1i=16 l2a=8 l2=512 l3a=8 l3=1024 robc=10 robd=2 robw=64   2.5978   1.0606    41.00    15.54  Strongly Sust.
  bpt=nn l1da=4 l1d=64 l1ia=4 l1i=32 l2a=8 l2=512 l3a=4 l3=1024 nnbl=64 nnlr=0.0005 robc=8 robd=2 robw=32   2.6225   1.0606    41.18    15.37  Strongly Sust.
  bpt=tage l1da=8 l1d=64 l1ia=4 l1i=32 l2a=4 l2=256 l3a=8 l3=1024 robc=2 robd=2 robw=32   2.7856   1.0019    38.83    14.70  Strongly Sust.
  bpt=nn l1da=4 l1d=32 l1ia=4 l1i=64 l2a=4 l2=256 l3a=4 l3=1024 nnbl=16 nnlr=0.005 robc=2 robd=2 robw=16   2.9891   1.0002    34.74    14.08  Strongly Sust.
  bpt=nn l1da=4 l1d=32 l1ia=4 l1i=16 l2a=4 l2=256 l3a=4 l3=1024 nnbl=16 nnlr=0.005 robc=10 robd=2 robw=16   3.0249   1.0002    33.91    13.99  Strongly Sust.
  bpt=nn l1da=4 l1d=16 l1ia=4 l1i=32 l2a=4 l2=256 l3a=4 l3=1024 nnbl=64 nnlr=0.005 robc=10 robd=2 robw=16   3.0272   0.9977    33.96    13.97  Strongly Sust.
  bp=2048 bpt=a53 l1da=4 l1d=64 l1ia=4 l1i=32 l2a=4 l2=128 l3a=4 l3=1024 nhist=4 robc=8 robd=2 robw=32   3.0444   0.9746    33.43    13.94  Strongly Sust.
  bp=2048 bpt=a53 l1da=4 l1d=64 l1ia=4 l1i=32 l2a=4 l2=128 l3a=4 l3=1024 nhist=4 robc=8 robd=2 robw=16   3.0873   0.9746    33.35    13.75  Strongly Sust.
  bpt=tage l1da=4 l1d=16 l1ia=4 l1i=32 l2a=4 l2=128 l3a=4 l3=1024 robc=10 robd=2 robw=16   3.1136   0.9724    32.98    13.67  Strongly Sust.
  bpt=nn l1da=4 l1d=16 l1ia=4 l1i=32 l2a=4 l2=128 l3a=4 l3=1024 nnbl=64 nnlr=0.005 robc=10 robd=2 robw=16   3.1149   0.9699    32.98    13.66  Strongly Sust.
  bpt=nn l1da=4 l1d=16 l1ia=4 l1i=32 l2a=4 l2=128 l3a=4 l3=1024 nnbl=64 nnlr=0.001 robc=10 robd=2 robw=16   3.1153   0.9692    32.98    13.66  Strongly Sust.
  Ran sniper 1 time this iteration (158 total).

=== Iteration 153 ===
  Evaluating 1 configuration(s) (top acquisition score of 400 candidates)...
  [mesmo] bp=2048 bpt=a53 l1da=8 l1d=32 l1ia=8 l1i=64 l2a=8 l2=512 l3a=8 l3=4096 nhist=4 robc=8 robd=8 robw=16  ASI= 0.7335  S=1.0590  A=  77.16  P= 41.49  [Unsustainable]
  Deleted 1 non-Pareto output directory.

  Pareto front after iteration 153 (18 points, HV=3.2727):
  Params                                  ASI  Speedup     Area  PeakPow  Region
  ──────────────────────────────────────────────────────────────────────────────
  bpt=pentium_m l1da=8 l1d=64 l1ia=4 l1i=64 l2a=8 l2=512 l3a=4 l3=2048 robc=8 robd=4 robw=1024   0.2219   1.0609    72.96   142.35  Unsustainable
  bpt=pentium_m l1da=8 l1d=64 l1ia=8 l1i=16 l2a=4 l2=512 l3a=8 l3=4096 robc=10 robd=2 robw=1024   0.8626   1.0609    70.94    37.26  Unsustainable
  bpt=pentium_m l1da=4 l1d=64 l1ia=4 l1i=16 l2a=8 l2=512 l3a=16 l3=1024 robc=2 robd=2 robw=1024   1.1369   1.0609    47.72    33.88  Strongly Sust.
  bpt=pentium_m l1da=8 l1d=64 l1ia=8 l1i=16 l2a=8 l2=512 l3a=16 l3=1024 robc=10 robd=2 robw=512   1.5034   1.0608    50.78    25.06  Strongly Sust.
  bpt=pentium_m l1da=4 l1d=64 l1ia=8 l1i=64 l2a=8 l2=512 l3a=16 l3=2048 robc=10 robd=4 robw=128   1.6488   1.0608    53.40    22.41  Strongly Sust.
  bpt=pentium_m l1da=4 l1d=64 l1ia=8 l1i=64 l2a=8 l2=512 l3a=16 l3=2048 robc=8 robd=4 robw=128   1.6488   1.0607    53.40    22.41  Strongly Sust.
  bpt=pentium_m l1da=4 l1d=64 l1ia=8 l1i=32 l2a=8 l2=512 l3a=16 l3=1024 robc=8 robd=4 robw=64   1.7965   1.0606    48.05    21.39  Strongly Sust.
  bpt=pentium_m l1da=4 l1d=64 l1ia=4 l1i=16 l2a=8 l2=512 l3a=8 l3=1024 robc=10 robd=2 robw=64   2.5978   1.0606    41.00    15.54  Strongly Sust.
  bpt=nn l1da=4 l1d=64 l1ia=4 l1i=32 l2a=8 l2=512 l3a=4 l3=1024 nnbl=64 nnlr=0.0005 robc=8 robd=2 robw=32   2.6225   1.0606    41.18    15.37  Strongly Sust.
  bpt=tage l1da=8 l1d=64 l1ia=4 l1i=32 l2a=4 l2=256 l3a=8 l3=1024 robc=2 robd=2 robw=32   2.7856   1.0019    38.83    14.70  Strongly Sust.
  bpt=nn l1da=4 l1d=32 l1ia=4 l1i=64 l2a=4 l2=256 l3a=4 l3=1024 nnbl=16 nnlr=0.005 robc=2 robd=2 robw=16   2.9891   1.0002    34.74    14.08  Strongly Sust.
  bpt=nn l1da=4 l1d=32 l1ia=4 l1i=16 l2a=4 l2=256 l3a=4 l3=1024 nnbl=16 nnlr=0.005 robc=10 robd=2 robw=16   3.0249   1.0002    33.91    13.99  Strongly Sust.
  bpt=nn l1da=4 l1d=16 l1ia=4 l1i=32 l2a=4 l2=256 l3a=4 l3=1024 nnbl=64 nnlr=0.005 robc=10 robd=2 robw=16   3.0272   0.9977    33.96    13.97  Strongly Sust.
  bp=2048 bpt=a53 l1da=4 l1d=64 l1ia=4 l1i=32 l2a=4 l2=128 l3a=4 l3=1024 nhist=4 robc=8 robd=2 robw=32   3.0444   0.9746    33.43    13.94  Strongly Sust.
  bp=2048 bpt=a53 l1da=4 l1d=64 l1ia=4 l1i=32 l2a=4 l2=128 l3a=4 l3=1024 nhist=4 robc=8 robd=2 robw=16   3.0873   0.9746    33.35    13.75  Strongly Sust.
  bpt=tage l1da=4 l1d=16 l1ia=4 l1i=32 l2a=4 l2=128 l3a=4 l3=1024 robc=10 robd=2 robw=16   3.1136   0.9724    32.98    13.67  Strongly Sust.
  bpt=nn l1da=4 l1d=16 l1ia=4 l1i=32 l2a=4 l2=128 l3a=4 l3=1024 nnbl=64 nnlr=0.005 robc=10 robd=2 robw=16   3.1149   0.9699    32.98    13.66  Strongly Sust.
  bpt=nn l1da=4 l1d=16 l1ia=4 l1i=32 l2a=4 l2=128 l3a=4 l3=1024 nnbl=64 nnlr=0.001 robc=10 robd=2 robw=16   3.1153   0.9692    32.98    13.66  Strongly Sust.
  Ran sniper 1 time this iteration (159 total).

=== Iteration 154 ===
  Evaluating 1 configuration(s) (top acquisition score of 400 candidates)...
  [mesmo] bp=2048 bpt=a53 l1da=4 l1d=64 l1ia=4 l1i=16 l2a=8 l2=512 l3a=16 l3=1024 nhist=4 robc=2 robd=2 robw=1024  ASI= 1.1369  S=1.0606  A=  47.72  P= 33.88  [Strongly Sust.]
  Deleted 1 non-Pareto output directory.

  Pareto front after iteration 154 (18 points, HV=3.2727):
  Params                                  ASI  Speedup     Area  PeakPow  Region
  ──────────────────────────────────────────────────────────────────────────────
  bpt=pentium_m l1da=8 l1d=64 l1ia=4 l1i=64 l2a=8 l2=512 l3a=4 l3=2048 robc=8 robd=4 robw=1024   0.2219   1.0609    72.96   142.35  Unsustainable
  bpt=pentium_m l1da=8 l1d=64 l1ia=8 l1i=16 l2a=4 l2=512 l3a=8 l3=4096 robc=10 robd=2 robw=1024   0.8626   1.0609    70.94    37.26  Unsustainable
  bpt=pentium_m l1da=4 l1d=64 l1ia=4 l1i=16 l2a=8 l2=512 l3a=16 l3=1024 robc=2 robd=2 robw=1024   1.1369   1.0609    47.72    33.88  Strongly Sust.
  bpt=pentium_m l1da=8 l1d=64 l1ia=8 l1i=16 l2a=8 l2=512 l3a=16 l3=1024 robc=10 robd=2 robw=512   1.5034   1.0608    50.78    25.06  Strongly Sust.
  bpt=pentium_m l1da=4 l1d=64 l1ia=8 l1i=64 l2a=8 l2=512 l3a=16 l3=2048 robc=10 robd=4 robw=128   1.6488   1.0608    53.40    22.41  Strongly Sust.
  bpt=pentium_m l1da=4 l1d=64 l1ia=8 l1i=64 l2a=8 l2=512 l3a=16 l3=2048 robc=8 robd=4 robw=128   1.6488   1.0607    53.40    22.41  Strongly Sust.
  bpt=pentium_m l1da=4 l1d=64 l1ia=8 l1i=32 l2a=8 l2=512 l3a=16 l3=1024 robc=8 robd=4 robw=64   1.7965   1.0606    48.05    21.39  Strongly Sust.
  bpt=pentium_m l1da=4 l1d=64 l1ia=4 l1i=16 l2a=8 l2=512 l3a=8 l3=1024 robc=10 robd=2 robw=64   2.5978   1.0606    41.00    15.54  Strongly Sust.
  bpt=nn l1da=4 l1d=64 l1ia=4 l1i=32 l2a=8 l2=512 l3a=4 l3=1024 nnbl=64 nnlr=0.0005 robc=8 robd=2 robw=32   2.6225   1.0606    41.18    15.37  Strongly Sust.
  bpt=tage l1da=8 l1d=64 l1ia=4 l1i=32 l2a=4 l2=256 l3a=8 l3=1024 robc=2 robd=2 robw=32   2.7856   1.0019    38.83    14.70  Strongly Sust.
  bpt=nn l1da=4 l1d=32 l1ia=4 l1i=64 l2a=4 l2=256 l3a=4 l3=1024 nnbl=16 nnlr=0.005 robc=2 robd=2 robw=16   2.9891   1.0002    34.74    14.08  Strongly Sust.
  bpt=nn l1da=4 l1d=32 l1ia=4 l1i=16 l2a=4 l2=256 l3a=4 l3=1024 nnbl=16 nnlr=0.005 robc=10 robd=2 robw=16   3.0249   1.0002    33.91    13.99  Strongly Sust.
  bpt=nn l1da=4 l1d=16 l1ia=4 l1i=32 l2a=4 l2=256 l3a=4 l3=1024 nnbl=64 nnlr=0.005 robc=10 robd=2 robw=16   3.0272   0.9977    33.96    13.97  Strongly Sust.
  bp=2048 bpt=a53 l1da=4 l1d=64 l1ia=4 l1i=32 l2a=4 l2=128 l3a=4 l3=1024 nhist=4 robc=8 robd=2 robw=32   3.0444   0.9746    33.43    13.94  Strongly Sust.
  bp=2048 bpt=a53 l1da=4 l1d=64 l1ia=4 l1i=32 l2a=4 l2=128 l3a=4 l3=1024 nhist=4 robc=8 robd=2 robw=16   3.0873   0.9746    33.35    13.75  Strongly Sust.
  bpt=tage l1da=4 l1d=16 l1ia=4 l1i=32 l2a=4 l2=128 l3a=4 l3=1024 robc=10 robd=2 robw=16   3.1136   0.9724    32.98    13.67  Strongly Sust.
  bpt=nn l1da=4 l1d=16 l1ia=4 l1i=32 l2a=4 l2=128 l3a=4 l3=1024 nnbl=64 nnlr=0.005 robc=10 robd=2 robw=16   3.1149   0.9699    32.98    13.66  Strongly Sust.
  bpt=nn l1da=4 l1d=16 l1ia=4 l1i=32 l2a=4 l2=128 l3a=4 l3=1024 nnbl=64 nnlr=0.001 robc=10 robd=2 robw=16   3.1153   0.9692    32.98    13.66  Strongly Sust.
  Ran sniper 1 time this iteration (160 total).

=== Iteration 155 ===
  Evaluating 1 configuration(s) (top acquisition score of 400 candidates)...
  [mesmo] bpt=nn l1da=8 l1d=16 l1ia=8 l1i=64 l2a=4 l2=512 l3a=4 l3=8192 nnbl=64 nnlr=0.005 robc=10 robd=10 robw=256  ASI= 0.0104  S=1.0536  A= 149.98  P=999.70  [Unsustainable]
  Deleted 1 non-Pareto output directory.

  Pareto front after iteration 155 (18 points, HV=3.2727):
  Params                                  ASI  Speedup     Area  PeakPow  Region
  ──────────────────────────────────────────────────────────────────────────────
  bpt=pentium_m l1da=8 l1d=64 l1ia=4 l1i=64 l2a=8 l2=512 l3a=4 l3=2048 robc=8 robd=4 robw=1024   0.2219   1.0609    72.96   142.35  Unsustainable
  bpt=pentium_m l1da=8 l1d=64 l1ia=8 l1i=16 l2a=4 l2=512 l3a=8 l3=4096 robc=10 robd=2 robw=1024   0.8626   1.0609    70.94    37.26  Unsustainable
  bpt=pentium_m l1da=4 l1d=64 l1ia=4 l1i=16 l2a=8 l2=512 l3a=16 l3=1024 robc=2 robd=2 robw=1024   1.1369   1.0609    47.72    33.88  Strongly Sust.
  bpt=pentium_m l1da=8 l1d=64 l1ia=8 l1i=16 l2a=8 l2=512 l3a=16 l3=1024 robc=10 robd=2 robw=512   1.5034   1.0608    50.78    25.06  Strongly Sust.
  bpt=pentium_m l1da=4 l1d=64 l1ia=8 l1i=64 l2a=8 l2=512 l3a=16 l3=2048 robc=10 robd=4 robw=128   1.6488   1.0608    53.40    22.41  Strongly Sust.
  bpt=pentium_m l1da=4 l1d=64 l1ia=8 l1i=64 l2a=8 l2=512 l3a=16 l3=2048 robc=8 robd=4 robw=128   1.6488   1.0607    53.40    22.41  Strongly Sust.
  bpt=pentium_m l1da=4 l1d=64 l1ia=8 l1i=32 l2a=8 l2=512 l3a=16 l3=1024 robc=8 robd=4 robw=64   1.7965   1.0606    48.05    21.39  Strongly Sust.
  bpt=pentium_m l1da=4 l1d=64 l1ia=4 l1i=16 l2a=8 l2=512 l3a=8 l3=1024 robc=10 robd=2 robw=64   2.5978   1.0606    41.00    15.54  Strongly Sust.
  bpt=nn l1da=4 l1d=64 l1ia=4 l1i=32 l2a=8 l2=512 l3a=4 l3=1024 nnbl=64 nnlr=0.0005 robc=8 robd=2 robw=32   2.6225   1.0606    41.18    15.37  Strongly Sust.
  bpt=tage l1da=8 l1d=64 l1ia=4 l1i=32 l2a=4 l2=256 l3a=8 l3=1024 robc=2 robd=2 robw=32   2.7856   1.0019    38.83    14.70  Strongly Sust.
  bpt=nn l1da=4 l1d=32 l1ia=4 l1i=64 l2a=4 l2=256 l3a=4 l3=1024 nnbl=16 nnlr=0.005 robc=2 robd=2 robw=16   2.9891   1.0002    34.74    14.08  Strongly Sust.
  bpt=nn l1da=4 l1d=32 l1ia=4 l1i=16 l2a=4 l2=256 l3a=4 l3=1024 nnbl=16 nnlr=0.005 robc=10 robd=2 robw=16   3.0249   1.0002    33.91    13.99  Strongly Sust.
  bpt=nn l1da=4 l1d=16 l1ia=4 l1i=32 l2a=4 l2=256 l3a=4 l3=1024 nnbl=64 nnlr=0.005 robc=10 robd=2 robw=16   3.0272   0.9977    33.96    13.97  Strongly Sust.
  bp=2048 bpt=a53 l1da=4 l1d=64 l1ia=4 l1i=32 l2a=4 l2=128 l3a=4 l3=1024 nhist=4 robc=8 robd=2 robw=32   3.0444   0.9746    33.43    13.94  Strongly Sust.
  bp=2048 bpt=a53 l1da=4 l1d=64 l1ia=4 l1i=32 l2a=4 l2=128 l3a=4 l3=1024 nhist=4 robc=8 robd=2 robw=16   3.0873   0.9746    33.35    13.75  Strongly Sust.
  bpt=tage l1da=4 l1d=16 l1ia=4 l1i=32 l2a=4 l2=128 l3a=4 l3=1024 robc=10 robd=2 robw=16   3.1136   0.9724    32.98    13.67  Strongly Sust.
  bpt=nn l1da=4 l1d=16 l1ia=4 l1i=32 l2a=4 l2=128 l3a=4 l3=1024 nnbl=64 nnlr=0.005 robc=10 robd=2 robw=16   3.1149   0.9699    32.98    13.66  Strongly Sust.
  bpt=nn l1da=4 l1d=16 l1ia=4 l1i=32 l2a=4 l2=128 l3a=4 l3=1024 nnbl=64 nnlr=0.001 robc=10 robd=2 robw=16   3.1153   0.9692    32.98    13.66  Strongly Sust.
  Ran sniper 1 time this iteration (161 total).

=== Iteration 156 ===
  Evaluating 1 configuration(s) (top acquisition score of 400 candidates)...
  [mesmo] bpt=tage l1da=4 l1d=16 l1ia=4 l1i=32 l2a=4 l2=128 l3a=8 l3=1024 robc=10 robd=2 robw=16  ASI= 3.1116  S=0.9723  A=  32.98  P= 13.68  [Strongly Sust.]
  Deleted 1 non-Pareto output directory.

  Pareto front after iteration 156 (18 points, HV=3.2727):
  Params                                  ASI  Speedup     Area  PeakPow  Region
  ──────────────────────────────────────────────────────────────────────────────
  bpt=pentium_m l1da=8 l1d=64 l1ia=4 l1i=64 l2a=8 l2=512 l3a=4 l3=2048 robc=8 robd=4 robw=1024   0.2219   1.0609    72.96   142.35  Unsustainable
  bpt=pentium_m l1da=8 l1d=64 l1ia=8 l1i=16 l2a=4 l2=512 l3a=8 l3=4096 robc=10 robd=2 robw=1024   0.8626   1.0609    70.94    37.26  Unsustainable
  bpt=pentium_m l1da=4 l1d=64 l1ia=4 l1i=16 l2a=8 l2=512 l3a=16 l3=1024 robc=2 robd=2 robw=1024   1.1369   1.0609    47.72    33.88  Strongly Sust.
  bpt=pentium_m l1da=8 l1d=64 l1ia=8 l1i=16 l2a=8 l2=512 l3a=16 l3=1024 robc=10 robd=2 robw=512   1.5034   1.0608    50.78    25.06  Strongly Sust.
  bpt=pentium_m l1da=4 l1d=64 l1ia=8 l1i=64 l2a=8 l2=512 l3a=16 l3=2048 robc=10 robd=4 robw=128   1.6488   1.0608    53.40    22.41  Strongly Sust.
  bpt=pentium_m l1da=4 l1d=64 l1ia=8 l1i=64 l2a=8 l2=512 l3a=16 l3=2048 robc=8 robd=4 robw=128   1.6488   1.0607    53.40    22.41  Strongly Sust.
  bpt=pentium_m l1da=4 l1d=64 l1ia=8 l1i=32 l2a=8 l2=512 l3a=16 l3=1024 robc=8 robd=4 robw=64   1.7965   1.0606    48.05    21.39  Strongly Sust.
  bpt=pentium_m l1da=4 l1d=64 l1ia=4 l1i=16 l2a=8 l2=512 l3a=8 l3=1024 robc=10 robd=2 robw=64   2.5978   1.0606    41.00    15.54  Strongly Sust.
  bpt=nn l1da=4 l1d=64 l1ia=4 l1i=32 l2a=8 l2=512 l3a=4 l3=1024 nnbl=64 nnlr=0.0005 robc=8 robd=2 robw=32   2.6225   1.0606    41.18    15.37  Strongly Sust.
  bpt=tage l1da=8 l1d=64 l1ia=4 l1i=32 l2a=4 l2=256 l3a=8 l3=1024 robc=2 robd=2 robw=32   2.7856   1.0019    38.83    14.70  Strongly Sust.
  bpt=nn l1da=4 l1d=32 l1ia=4 l1i=64 l2a=4 l2=256 l3a=4 l3=1024 nnbl=16 nnlr=0.005 robc=2 robd=2 robw=16   2.9891   1.0002    34.74    14.08  Strongly Sust.
  bpt=nn l1da=4 l1d=32 l1ia=4 l1i=16 l2a=4 l2=256 l3a=4 l3=1024 nnbl=16 nnlr=0.005 robc=10 robd=2 robw=16   3.0249   1.0002    33.91    13.99  Strongly Sust.
  bpt=nn l1da=4 l1d=16 l1ia=4 l1i=32 l2a=4 l2=256 l3a=4 l3=1024 nnbl=64 nnlr=0.005 robc=10 robd=2 robw=16   3.0272   0.9977    33.96    13.97  Strongly Sust.
  bp=2048 bpt=a53 l1da=4 l1d=64 l1ia=4 l1i=32 l2a=4 l2=128 l3a=4 l3=1024 nhist=4 robc=8 robd=2 robw=32   3.0444   0.9746    33.43    13.94  Strongly Sust.
  bp=2048 bpt=a53 l1da=4 l1d=64 l1ia=4 l1i=32 l2a=4 l2=128 l3a=4 l3=1024 nhist=4 robc=8 robd=2 robw=16   3.0873   0.9746    33.35    13.75  Strongly Sust.
  bpt=tage l1da=4 l1d=16 l1ia=4 l1i=32 l2a=4 l2=128 l3a=4 l3=1024 robc=10 robd=2 robw=16   3.1136   0.9724    32.98    13.67  Strongly Sust.
  bpt=nn l1da=4 l1d=16 l1ia=4 l1i=32 l2a=4 l2=128 l3a=4 l3=1024 nnbl=64 nnlr=0.005 robc=10 robd=2 robw=16   3.1149   0.9699    32.98    13.66  Strongly Sust.
  bpt=nn l1da=4 l1d=16 l1ia=4 l1i=32 l2a=4 l2=128 l3a=4 l3=1024 nnbl=64 nnlr=0.001 robc=10 robd=2 robw=16   3.1153   0.9692    32.98    13.66  Strongly Sust.
  Ran sniper 1 time this iteration (162 total).

=== Iteration 157 ===
  Evaluating 1 configuration(s) (top acquisition score of 400 candidates)...
  [mesmo] bpt=pentium_m l1da=4 l1d=16 l1ia=8 l1i=32 l2a=4 l2=256 l3a=8 l3=1024 robc=8 robd=2 robw=256  ASI= 2.7164  S=0.9998  A=  36.00  P= 15.36  [Strongly Sust.]
  Deleted 1 non-Pareto output directory.

  Pareto front after iteration 157 (18 points, HV=3.2727):
  Params                                  ASI  Speedup     Area  PeakPow  Region
  ──────────────────────────────────────────────────────────────────────────────
  bpt=pentium_m l1da=8 l1d=64 l1ia=4 l1i=64 l2a=8 l2=512 l3a=4 l3=2048 robc=8 robd=4 robw=1024   0.2219   1.0609    72.96   142.35  Unsustainable
  bpt=pentium_m l1da=8 l1d=64 l1ia=8 l1i=16 l2a=4 l2=512 l3a=8 l3=4096 robc=10 robd=2 robw=1024   0.8626   1.0609    70.94    37.26  Unsustainable
  bpt=pentium_m l1da=4 l1d=64 l1ia=4 l1i=16 l2a=8 l2=512 l3a=16 l3=1024 robc=2 robd=2 robw=1024   1.1369   1.0609    47.72    33.88  Strongly Sust.
  bpt=pentium_m l1da=8 l1d=64 l1ia=8 l1i=16 l2a=8 l2=512 l3a=16 l3=1024 robc=10 robd=2 robw=512   1.5034   1.0608    50.78    25.06  Strongly Sust.
  bpt=pentium_m l1da=4 l1d=64 l1ia=8 l1i=64 l2a=8 l2=512 l3a=16 l3=2048 robc=10 robd=4 robw=128   1.6488   1.0608    53.40    22.41  Strongly Sust.
  bpt=pentium_m l1da=4 l1d=64 l1ia=8 l1i=64 l2a=8 l2=512 l3a=16 l3=2048 robc=8 robd=4 robw=128   1.6488   1.0607    53.40    22.41  Strongly Sust.
  bpt=pentium_m l1da=4 l1d=64 l1ia=8 l1i=32 l2a=8 l2=512 l3a=16 l3=1024 robc=8 robd=4 robw=64   1.7965   1.0606    48.05    21.39  Strongly Sust.
  bpt=pentium_m l1da=4 l1d=64 l1ia=4 l1i=16 l2a=8 l2=512 l3a=8 l3=1024 robc=10 robd=2 robw=64   2.5978   1.0606    41.00    15.54  Strongly Sust.
  bpt=nn l1da=4 l1d=64 l1ia=4 l1i=32 l2a=8 l2=512 l3a=4 l3=1024 nnbl=64 nnlr=0.0005 robc=8 robd=2 robw=32   2.6225   1.0606    41.18    15.37  Strongly Sust.
  bpt=tage l1da=8 l1d=64 l1ia=4 l1i=32 l2a=4 l2=256 l3a=8 l3=1024 robc=2 robd=2 robw=32   2.7856   1.0019    38.83    14.70  Strongly Sust.
  bpt=nn l1da=4 l1d=32 l1ia=4 l1i=64 l2a=4 l2=256 l3a=4 l3=1024 nnbl=16 nnlr=0.005 robc=2 robd=2 robw=16   2.9891   1.0002    34.74    14.08  Strongly Sust.
  bpt=nn l1da=4 l1d=32 l1ia=4 l1i=16 l2a=4 l2=256 l3a=4 l3=1024 nnbl=16 nnlr=0.005 robc=10 robd=2 robw=16   3.0249   1.0002    33.91    13.99  Strongly Sust.
  bpt=nn l1da=4 l1d=16 l1ia=4 l1i=32 l2a=4 l2=256 l3a=4 l3=1024 nnbl=64 nnlr=0.005 robc=10 robd=2 robw=16   3.0272   0.9977    33.96    13.97  Strongly Sust.
  bp=2048 bpt=a53 l1da=4 l1d=64 l1ia=4 l1i=32 l2a=4 l2=128 l3a=4 l3=1024 nhist=4 robc=8 robd=2 robw=32   3.0444   0.9746    33.43    13.94  Strongly Sust.
  bp=2048 bpt=a53 l1da=4 l1d=64 l1ia=4 l1i=32 l2a=4 l2=128 l3a=4 l3=1024 nhist=4 robc=8 robd=2 robw=16   3.0873   0.9746    33.35    13.75  Strongly Sust.
  bpt=tage l1da=4 l1d=16 l1ia=4 l1i=32 l2a=4 l2=128 l3a=4 l3=1024 robc=10 robd=2 robw=16   3.1136   0.9724    32.98    13.67  Strongly Sust.
  bpt=nn l1da=4 l1d=16 l1ia=4 l1i=32 l2a=4 l2=128 l3a=4 l3=1024 nnbl=64 nnlr=0.005 robc=10 robd=2 robw=16   3.1149   0.9699    32.98    13.66  Strongly Sust.
  bpt=nn l1da=4 l1d=16 l1ia=4 l1i=32 l2a=4 l2=128 l3a=4 l3=1024 nnbl=64 nnlr=0.001 robc=10 robd=2 robw=16   3.1153   0.9692    32.98    13.66  Strongly Sust.
  Ran sniper 1 time this iteration (163 total).

=== Iteration 158 ===
  Evaluating 1 configuration(s) (top acquisition score of 400 candidates)...
  [mesmo] bpt=pentium_m l1da=4 l1d=32 l1ia=8 l1i=64 l2a=8 l2=512 l3a=16 l3=4096 robc=10 robd=4 robw=32  ASI= 1.4576  S=1.0589  A=  64.94  P= 23.18  [Strongly Sust.]
  Deleted 1 non-Pareto output directory.

  Pareto front after iteration 158 (18 points, HV=3.2727):
  Params                                  ASI  Speedup     Area  PeakPow  Region
  ──────────────────────────────────────────────────────────────────────────────
  bpt=pentium_m l1da=8 l1d=64 l1ia=4 l1i=64 l2a=8 l2=512 l3a=4 l3=2048 robc=8 robd=4 robw=1024   0.2219   1.0609    72.96   142.35  Unsustainable
  bpt=pentium_m l1da=8 l1d=64 l1ia=8 l1i=16 l2a=4 l2=512 l3a=8 l3=4096 robc=10 robd=2 robw=1024   0.8626   1.0609    70.94    37.26  Unsustainable
  bpt=pentium_m l1da=4 l1d=64 l1ia=4 l1i=16 l2a=8 l2=512 l3a=16 l3=1024 robc=2 robd=2 robw=1024   1.1369   1.0609    47.72    33.88  Strongly Sust.
  bpt=pentium_m l1da=8 l1d=64 l1ia=8 l1i=16 l2a=8 l2=512 l3a=16 l3=1024 robc=10 robd=2 robw=512   1.5034   1.0608    50.78    25.06  Strongly Sust.
  bpt=pentium_m l1da=4 l1d=64 l1ia=8 l1i=64 l2a=8 l2=512 l3a=16 l3=2048 robc=10 robd=4 robw=128   1.6488   1.0608    53.40    22.41  Strongly Sust.
  bpt=pentium_m l1da=4 l1d=64 l1ia=8 l1i=64 l2a=8 l2=512 l3a=16 l3=2048 robc=8 robd=4 robw=128   1.6488   1.0607    53.40    22.41  Strongly Sust.
  bpt=pentium_m l1da=4 l1d=64 l1ia=8 l1i=32 l2a=8 l2=512 l3a=16 l3=1024 robc=8 robd=4 robw=64   1.7965   1.0606    48.05    21.39  Strongly Sust.
  bpt=pentium_m l1da=4 l1d=64 l1ia=4 l1i=16 l2a=8 l2=512 l3a=8 l3=1024 robc=10 robd=2 robw=64   2.5978   1.0606    41.00    15.54  Strongly Sust.
  bpt=nn l1da=4 l1d=64 l1ia=4 l1i=32 l2a=8 l2=512 l3a=4 l3=1024 nnbl=64 nnlr=0.0005 robc=8 robd=2 robw=32   2.6225   1.0606    41.18    15.37  Strongly Sust.
  bpt=tage l1da=8 l1d=64 l1ia=4 l1i=32 l2a=4 l2=256 l3a=8 l3=1024 robc=2 robd=2 robw=32   2.7856   1.0019    38.83    14.70  Strongly Sust.
  bpt=nn l1da=4 l1d=32 l1ia=4 l1i=64 l2a=4 l2=256 l3a=4 l3=1024 nnbl=16 nnlr=0.005 robc=2 robd=2 robw=16   2.9891   1.0002    34.74    14.08  Strongly Sust.
  bpt=nn l1da=4 l1d=32 l1ia=4 l1i=16 l2a=4 l2=256 l3a=4 l3=1024 nnbl=16 nnlr=0.005 robc=10 robd=2 robw=16   3.0249   1.0002    33.91    13.99  Strongly Sust.
  bpt=nn l1da=4 l1d=16 l1ia=4 l1i=32 l2a=4 l2=256 l3a=4 l3=1024 nnbl=64 nnlr=0.005 robc=10 robd=2 robw=16   3.0272   0.9977    33.96    13.97  Strongly Sust.
  bp=2048 bpt=a53 l1da=4 l1d=64 l1ia=4 l1i=32 l2a=4 l2=128 l3a=4 l3=1024 nhist=4 robc=8 robd=2 robw=32   3.0444   0.9746    33.43    13.94  Strongly Sust.
  bp=2048 bpt=a53 l1da=4 l1d=64 l1ia=4 l1i=32 l2a=4 l2=128 l3a=4 l3=1024 nhist=4 robc=8 robd=2 robw=16   3.0873   0.9746    33.35    13.75  Strongly Sust.
  bpt=tage l1da=4 l1d=16 l1ia=4 l1i=32 l2a=4 l2=128 l3a=4 l3=1024 robc=10 robd=2 robw=16   3.1136   0.9724    32.98    13.67  Strongly Sust.
  bpt=nn l1da=4 l1d=16 l1ia=4 l1i=32 l2a=4 l2=128 l3a=4 l3=1024 nnbl=64 nnlr=0.005 robc=10 robd=2 robw=16   3.1149   0.9699    32.98    13.66  Strongly Sust.
  bpt=nn l1da=4 l1d=16 l1ia=4 l1i=32 l2a=4 l2=128 l3a=4 l3=1024 nnbl=64 nnlr=0.001 robc=10 robd=2 robw=16   3.1153   0.9692    32.98    13.66  Strongly Sust.
  Ran sniper 1 time this iteration (164 total).

=== Iteration 159 ===
  Evaluating 1 configuration(s) (top acquisition score of 400 candidates)...
  [mesmo] bpt=pentium_m l1da=8 l1d=64 l1ia=4 l1i=64 l2a=4 l2=512 l3a=16 l3=8192 robc=2 robd=4 robw=1024  ASI= 0.1313  S=1.0609  A= 117.62  P=147.13  [Unsustainable]
  Deleted 1 non-Pareto output directory.

  Pareto front after iteration 159 (18 points, HV=3.2727):
  Params                                  ASI  Speedup     Area  PeakPow  Region
  ──────────────────────────────────────────────────────────────────────────────
  bpt=pentium_m l1da=8 l1d=64 l1ia=4 l1i=64 l2a=8 l2=512 l3a=4 l3=2048 robc=8 robd=4 robw=1024   0.2219   1.0609    72.96   142.35  Unsustainable
  bpt=pentium_m l1da=8 l1d=64 l1ia=8 l1i=16 l2a=4 l2=512 l3a=8 l3=4096 robc=10 robd=2 robw=1024   0.8626   1.0609    70.94    37.26  Unsustainable
  bpt=pentium_m l1da=4 l1d=64 l1ia=4 l1i=16 l2a=8 l2=512 l3a=16 l3=1024 robc=2 robd=2 robw=1024   1.1369   1.0609    47.72    33.88  Strongly Sust.
  bpt=pentium_m l1da=8 l1d=64 l1ia=8 l1i=16 l2a=8 l2=512 l3a=16 l3=1024 robc=10 robd=2 robw=512   1.5034   1.0608    50.78    25.06  Strongly Sust.
  bpt=pentium_m l1da=4 l1d=64 l1ia=8 l1i=64 l2a=8 l2=512 l3a=16 l3=2048 robc=10 robd=4 robw=128   1.6488   1.0608    53.40    22.41  Strongly Sust.
  bpt=pentium_m l1da=4 l1d=64 l1ia=8 l1i=64 l2a=8 l2=512 l3a=16 l3=2048 robc=8 robd=4 robw=128   1.6488   1.0607    53.40    22.41  Strongly Sust.
  bpt=pentium_m l1da=4 l1d=64 l1ia=8 l1i=32 l2a=8 l2=512 l3a=16 l3=1024 robc=8 robd=4 robw=64   1.7965   1.0606    48.05    21.39  Strongly Sust.
  bpt=pentium_m l1da=4 l1d=64 l1ia=4 l1i=16 l2a=8 l2=512 l3a=8 l3=1024 robc=10 robd=2 robw=64   2.5978   1.0606    41.00    15.54  Strongly Sust.
  bpt=nn l1da=4 l1d=64 l1ia=4 l1i=32 l2a=8 l2=512 l3a=4 l3=1024 nnbl=64 nnlr=0.0005 robc=8 robd=2 robw=32   2.6225   1.0606    41.18    15.37  Strongly Sust.
  bpt=tage l1da=8 l1d=64 l1ia=4 l1i=32 l2a=4 l2=256 l3a=8 l3=1024 robc=2 robd=2 robw=32   2.7856   1.0019    38.83    14.70  Strongly Sust.
  bpt=nn l1da=4 l1d=32 l1ia=4 l1i=64 l2a=4 l2=256 l3a=4 l3=1024 nnbl=16 nnlr=0.005 robc=2 robd=2 robw=16   2.9891   1.0002    34.74    14.08  Strongly Sust.
  bpt=nn l1da=4 l1d=32 l1ia=4 l1i=16 l2a=4 l2=256 l3a=4 l3=1024 nnbl=16 nnlr=0.005 robc=10 robd=2 robw=16   3.0249   1.0002    33.91    13.99  Strongly Sust.
  bpt=nn l1da=4 l1d=16 l1ia=4 l1i=32 l2a=4 l2=256 l3a=4 l3=1024 nnbl=64 nnlr=0.005 robc=10 robd=2 robw=16   3.0272   0.9977    33.96    13.97  Strongly Sust.
  bp=2048 bpt=a53 l1da=4 l1d=64 l1ia=4 l1i=32 l2a=4 l2=128 l3a=4 l3=1024 nhist=4 robc=8 robd=2 robw=32   3.0444   0.9746    33.43    13.94  Strongly Sust.
  bp=2048 bpt=a53 l1da=4 l1d=64 l1ia=4 l1i=32 l2a=4 l2=128 l3a=4 l3=1024 nhist=4 robc=8 robd=2 robw=16   3.0873   0.9746    33.35    13.75  Strongly Sust.
  bpt=tage l1da=4 l1d=16 l1ia=4 l1i=32 l2a=4 l2=128 l3a=4 l3=1024 robc=10 robd=2 robw=16   3.1136   0.9724    32.98    13.67  Strongly Sust.
  bpt=nn l1da=4 l1d=16 l1ia=4 l1i=32 l2a=4 l2=128 l3a=4 l3=1024 nnbl=64 nnlr=0.005 robc=10 robd=2 robw=16   3.1149   0.9699    32.98    13.66  Strongly Sust.
  bpt=nn l1da=4 l1d=16 l1ia=4 l1i=32 l2a=4 l2=128 l3a=4 l3=1024 nnbl=64 nnlr=0.001 robc=10 robd=2 robw=16   3.1153   0.9692    32.98    13.66  Strongly Sust.
  Ran sniper 1 time this iteration (165 total).

=== Iteration 160 ===
  Evaluating 1 configuration(s) (top acquisition score of 400 candidates)...
  [mesmo] bpt=pentium_m l1da=8 l1d=32 l1ia=4 l1i=64 l2a=8 l2=512 l3a=4 l3=8192 robc=4 robd=10 robw=32  ASI= 0.3281  S=1.0589  A= 113.48  P= 62.37  [Unsustainable]
  Deleted 1 non-Pareto output directory.

  Pareto front after iteration 160 (18 points, HV=3.2727):
  Params                                  ASI  Speedup     Area  PeakPow  Region
  ──────────────────────────────────────────────────────────────────────────────
  bpt=pentium_m l1da=8 l1d=64 l1ia=4 l1i=64 l2a=8 l2=512 l3a=4 l3=2048 robc=8 robd=4 robw=1024   0.2219   1.0609    72.96   142.35  Unsustainable
  bpt=pentium_m l1da=8 l1d=64 l1ia=8 l1i=16 l2a=4 l2=512 l3a=8 l3=4096 robc=10 robd=2 robw=1024   0.8626   1.0609    70.94    37.26  Unsustainable
  bpt=pentium_m l1da=4 l1d=64 l1ia=4 l1i=16 l2a=8 l2=512 l3a=16 l3=1024 robc=2 robd=2 robw=1024   1.1369   1.0609    47.72    33.88  Strongly Sust.
  bpt=pentium_m l1da=8 l1d=64 l1ia=8 l1i=16 l2a=8 l2=512 l3a=16 l3=1024 robc=10 robd=2 robw=512   1.5034   1.0608    50.78    25.06  Strongly Sust.
  bpt=pentium_m l1da=4 l1d=64 l1ia=8 l1i=64 l2a=8 l2=512 l3a=16 l3=2048 robc=10 robd=4 robw=128   1.6488   1.0608    53.40    22.41  Strongly Sust.
  bpt=pentium_m l1da=4 l1d=64 l1ia=8 l1i=64 l2a=8 l2=512 l3a=16 l3=2048 robc=8 robd=4 robw=128   1.6488   1.0607    53.40    22.41  Strongly Sust.
  bpt=pentium_m l1da=4 l1d=64 l1ia=8 l1i=32 l2a=8 l2=512 l3a=16 l3=1024 robc=8 robd=4 robw=64   1.7965   1.0606    48.05    21.39  Strongly Sust.
  bpt=pentium_m l1da=4 l1d=64 l1ia=4 l1i=16 l2a=8 l2=512 l3a=8 l3=1024 robc=10 robd=2 robw=64   2.5978   1.0606    41.00    15.54  Strongly Sust.
  bpt=nn l1da=4 l1d=64 l1ia=4 l1i=32 l2a=8 l2=512 l3a=4 l3=1024 nnbl=64 nnlr=0.0005 robc=8 robd=2 robw=32   2.6225   1.0606    41.18    15.37  Strongly Sust.
  bpt=tage l1da=8 l1d=64 l1ia=4 l1i=32 l2a=4 l2=256 l3a=8 l3=1024 robc=2 robd=2 robw=32   2.7856   1.0019    38.83    14.70  Strongly Sust.
  bpt=nn l1da=4 l1d=32 l1ia=4 l1i=64 l2a=4 l2=256 l3a=4 l3=1024 nnbl=16 nnlr=0.005 robc=2 robd=2 robw=16   2.9891   1.0002    34.74    14.08  Strongly Sust.
  bpt=nn l1da=4 l1d=32 l1ia=4 l1i=16 l2a=4 l2=256 l3a=4 l3=1024 nnbl=16 nnlr=0.005 robc=10 robd=2 robw=16   3.0249   1.0002    33.91    13.99  Strongly Sust.
  bpt=nn l1da=4 l1d=16 l1ia=4 l1i=32 l2a=4 l2=256 l3a=4 l3=1024 nnbl=64 nnlr=0.005 robc=10 robd=2 robw=16   3.0272   0.9977    33.96    13.97  Strongly Sust.
  bp=2048 bpt=a53 l1da=4 l1d=64 l1ia=4 l1i=32 l2a=4 l2=128 l3a=4 l3=1024 nhist=4 robc=8 robd=2 robw=32   3.0444   0.9746    33.43    13.94  Strongly Sust.
  bp=2048 bpt=a53 l1da=4 l1d=64 l1ia=4 l1i=32 l2a=4 l2=128 l3a=4 l3=1024 nhist=4 robc=8 robd=2 robw=16   3.0873   0.9746    33.35    13.75  Strongly Sust.
  bpt=tage l1da=4 l1d=16 l1ia=4 l1i=32 l2a=4 l2=128 l3a=4 l3=1024 robc=10 robd=2 robw=16   3.1136   0.9724    32.98    13.67  Strongly Sust.
  bpt=nn l1da=4 l1d=16 l1ia=4 l1i=32 l2a=4 l2=128 l3a=4 l3=1024 nnbl=64 nnlr=0.005 robc=10 robd=2 robw=16   3.1149   0.9699    32.98    13.66  Strongly Sust.
  bpt=nn l1da=4 l1d=16 l1ia=4 l1i=32 l2a=4 l2=128 l3a=4 l3=1024 nnbl=64 nnlr=0.001 robc=10 robd=2 robw=16   3.1153   0.9692    32.98    13.66  Strongly Sust.
  Ran sniper 1 time this iteration (166 total).

=== Iteration 161 ===
  Evaluating 1 configuration(s) (top acquisition score of 400 candidates)...
  [mesmo] bp=512 bpt=a53 l1da=8 l1d=64 l1ia=8 l1i=64 l2a=8 l2=512 l3a=16 l3=2048 nhist=4 robc=10 robd=8 robw=32  ASI= 0.7975  S=1.0607  A=  66.06  P= 41.98  [Unsustainable]
  Deleted 1 non-Pareto output directory.

  Pareto front after iteration 161 (18 points, HV=3.2727):
  Params                                  ASI  Speedup     Area  PeakPow  Region
  ──────────────────────────────────────────────────────────────────────────────
  bpt=pentium_m l1da=8 l1d=64 l1ia=4 l1i=64 l2a=8 l2=512 l3a=4 l3=2048 robc=8 robd=4 robw=1024   0.2219   1.0609    72.96   142.35  Unsustainable
  bpt=pentium_m l1da=8 l1d=64 l1ia=8 l1i=16 l2a=4 l2=512 l3a=8 l3=4096 robc=10 robd=2 robw=1024   0.8626   1.0609    70.94    37.26  Unsustainable
  bpt=pentium_m l1da=4 l1d=64 l1ia=4 l1i=16 l2a=8 l2=512 l3a=16 l3=1024 robc=2 robd=2 robw=1024   1.1369   1.0609    47.72    33.88  Strongly Sust.
  bpt=pentium_m l1da=8 l1d=64 l1ia=8 l1i=16 l2a=8 l2=512 l3a=16 l3=1024 robc=10 robd=2 robw=512   1.5034   1.0608    50.78    25.06  Strongly Sust.
  bpt=pentium_m l1da=4 l1d=64 l1ia=8 l1i=64 l2a=8 l2=512 l3a=16 l3=2048 robc=10 robd=4 robw=128   1.6488   1.0608    53.40    22.41  Strongly Sust.
  bpt=pentium_m l1da=4 l1d=64 l1ia=8 l1i=64 l2a=8 l2=512 l3a=16 l3=2048 robc=8 robd=4 robw=128   1.6488   1.0607    53.40    22.41  Strongly Sust.
  bpt=pentium_m l1da=4 l1d=64 l1ia=8 l1i=32 l2a=8 l2=512 l3a=16 l3=1024 robc=8 robd=4 robw=64   1.7965   1.0606    48.05    21.39  Strongly Sust.
  bpt=pentium_m l1da=4 l1d=64 l1ia=4 l1i=16 l2a=8 l2=512 l3a=8 l3=1024 robc=10 robd=2 robw=64   2.5978   1.0606    41.00    15.54  Strongly Sust.
  bpt=nn l1da=4 l1d=64 l1ia=4 l1i=32 l2a=8 l2=512 l3a=4 l3=1024 nnbl=64 nnlr=0.0005 robc=8 robd=2 robw=32   2.6225   1.0606    41.18    15.37  Strongly Sust.
  bpt=tage l1da=8 l1d=64 l1ia=4 l1i=32 l2a=4 l2=256 l3a=8 l3=1024 robc=2 robd=2 robw=32   2.7856   1.0019    38.83    14.70  Strongly Sust.
  bpt=nn l1da=4 l1d=32 l1ia=4 l1i=64 l2a=4 l2=256 l3a=4 l3=1024 nnbl=16 nnlr=0.005 robc=2 robd=2 robw=16   2.9891   1.0002    34.74    14.08  Strongly Sust.
  bpt=nn l1da=4 l1d=32 l1ia=4 l1i=16 l2a=4 l2=256 l3a=4 l3=1024 nnbl=16 nnlr=0.005 robc=10 robd=2 robw=16   3.0249   1.0002    33.91    13.99  Strongly Sust.
  bpt=nn l1da=4 l1d=16 l1ia=4 l1i=32 l2a=4 l2=256 l3a=4 l3=1024 nnbl=64 nnlr=0.005 robc=10 robd=2 robw=16   3.0272   0.9977    33.96    13.97  Strongly Sust.
  bp=2048 bpt=a53 l1da=4 l1d=64 l1ia=4 l1i=32 l2a=4 l2=128 l3a=4 l3=1024 nhist=4 robc=8 robd=2 robw=32   3.0444   0.9746    33.43    13.94  Strongly Sust.
  bp=2048 bpt=a53 l1da=4 l1d=64 l1ia=4 l1i=32 l2a=4 l2=128 l3a=4 l3=1024 nhist=4 robc=8 robd=2 robw=16   3.0873   0.9746    33.35    13.75  Strongly Sust.
  bpt=tage l1da=4 l1d=16 l1ia=4 l1i=32 l2a=4 l2=128 l3a=4 l3=1024 robc=10 robd=2 robw=16   3.1136   0.9724    32.98    13.67  Strongly Sust.
  bpt=nn l1da=4 l1d=16 l1ia=4 l1i=32 l2a=4 l2=128 l3a=4 l3=1024 nnbl=64 nnlr=0.005 robc=10 robd=2 robw=16   3.1149   0.9699    32.98    13.66  Strongly Sust.
  bpt=nn l1da=4 l1d=16 l1ia=4 l1i=32 l2a=4 l2=128 l3a=4 l3=1024 nnbl=64 nnlr=0.001 robc=10 robd=2 robw=16   3.1153   0.9692    32.98    13.66  Strongly Sust.
  Ran sniper 1 time this iteration (167 total).

=== Iteration 162 ===
  Evaluating 1 configuration(s) (top acquisition score of 400 candidates)...
  [mesmo] bp=512 bpt=a53 l1da=4 l1d=64 l1ia=4 l1i=16 l2a=8 l2=512 l3a=8 l3=1024 nhist=2 robc=10 robd=2 robw=64  ASI= 2.5978  S=1.0605  A=  41.00  P= 15.54  [Strongly Sust.]
  Deleted 1 non-Pareto output directory.

  Pareto front after iteration 162 (18 points, HV=3.2727):
  Params                                  ASI  Speedup     Area  PeakPow  Region
  ──────────────────────────────────────────────────────────────────────────────
  bpt=pentium_m l1da=8 l1d=64 l1ia=4 l1i=64 l2a=8 l2=512 l3a=4 l3=2048 robc=8 robd=4 robw=1024   0.2219   1.0609    72.96   142.35  Unsustainable
  bpt=pentium_m l1da=8 l1d=64 l1ia=8 l1i=16 l2a=4 l2=512 l3a=8 l3=4096 robc=10 robd=2 robw=1024   0.8626   1.0609    70.94    37.26  Unsustainable
  bpt=pentium_m l1da=4 l1d=64 l1ia=4 l1i=16 l2a=8 l2=512 l3a=16 l3=1024 robc=2 robd=2 robw=1024   1.1369   1.0609    47.72    33.88  Strongly Sust.
  bpt=pentium_m l1da=8 l1d=64 l1ia=8 l1i=16 l2a=8 l2=512 l3a=16 l3=1024 robc=10 robd=2 robw=512   1.5034   1.0608    50.78    25.06  Strongly Sust.
  bpt=pentium_m l1da=4 l1d=64 l1ia=8 l1i=64 l2a=8 l2=512 l3a=16 l3=2048 robc=10 robd=4 robw=128   1.6488   1.0608    53.40    22.41  Strongly Sust.
  bpt=pentium_m l1da=4 l1d=64 l1ia=8 l1i=64 l2a=8 l2=512 l3a=16 l3=2048 robc=8 robd=4 robw=128   1.6488   1.0607    53.40    22.41  Strongly Sust.
  bpt=pentium_m l1da=4 l1d=64 l1ia=8 l1i=32 l2a=8 l2=512 l3a=16 l3=1024 robc=8 robd=4 robw=64   1.7965   1.0606    48.05    21.39  Strongly Sust.
  bpt=pentium_m l1da=4 l1d=64 l1ia=4 l1i=16 l2a=8 l2=512 l3a=8 l3=1024 robc=10 robd=2 robw=64   2.5978   1.0606    41.00    15.54  Strongly Sust.
  bpt=nn l1da=4 l1d=64 l1ia=4 l1i=32 l2a=8 l2=512 l3a=4 l3=1024 nnbl=64 nnlr=0.0005 robc=8 robd=2 robw=32   2.6225   1.0606    41.18    15.37  Strongly Sust.
  bpt=tage l1da=8 l1d=64 l1ia=4 l1i=32 l2a=4 l2=256 l3a=8 l3=1024 robc=2 robd=2 robw=32   2.7856   1.0019    38.83    14.70  Strongly Sust.
  bpt=nn l1da=4 l1d=32 l1ia=4 l1i=64 l2a=4 l2=256 l3a=4 l3=1024 nnbl=16 nnlr=0.005 robc=2 robd=2 robw=16   2.9891   1.0002    34.74    14.08  Strongly Sust.
  bpt=nn l1da=4 l1d=32 l1ia=4 l1i=16 l2a=4 l2=256 l3a=4 l3=1024 nnbl=16 nnlr=0.005 robc=10 robd=2 robw=16   3.0249   1.0002    33.91    13.99  Strongly Sust.
  bpt=nn l1da=4 l1d=16 l1ia=4 l1i=32 l2a=4 l2=256 l3a=4 l3=1024 nnbl=64 nnlr=0.005 robc=10 robd=2 robw=16   3.0272   0.9977    33.96    13.97  Strongly Sust.
  bp=2048 bpt=a53 l1da=4 l1d=64 l1ia=4 l1i=32 l2a=4 l2=128 l3a=4 l3=1024 nhist=4 robc=8 robd=2 robw=32   3.0444   0.9746    33.43    13.94  Strongly Sust.
  bp=2048 bpt=a53 l1da=4 l1d=64 l1ia=4 l1i=32 l2a=4 l2=128 l3a=4 l3=1024 nhist=4 robc=8 robd=2 robw=16   3.0873   0.9746    33.35    13.75  Strongly Sust.
  bpt=tage l1da=4 l1d=16 l1ia=4 l1i=32 l2a=4 l2=128 l3a=4 l3=1024 robc=10 robd=2 robw=16   3.1136   0.9724    32.98    13.67  Strongly Sust.
  bpt=nn l1da=4 l1d=16 l1ia=4 l1i=32 l2a=4 l2=128 l3a=4 l3=1024 nnbl=64 nnlr=0.005 robc=10 robd=2 robw=16   3.1149   0.9699    32.98    13.66  Strongly Sust.
  bpt=nn l1da=4 l1d=16 l1ia=4 l1i=32 l2a=4 l2=128 l3a=4 l3=1024 nnbl=64 nnlr=0.001 robc=10 robd=2 robw=16   3.1153   0.9692    32.98    13.66  Strongly Sust.
  Ran sniper 1 time this iteration (168 total).

=== Iteration 163 ===
  Evaluating 1 configuration(s) (top acquisition score of 400 candidates)...
  [mesmo] bpt=pentium_m l1da=8 l1d=64 l1ia=8 l1i=64 l2a=8 l2=512 l3a=16 l3=4096 robc=8 robd=2 robw=32  ASI= 1.7692  S=1.0606  A=  66.61  P= 18.84  [Strongly Sust.]

  Pareto front after iteration 163 (19 points, HV=3.2727):
  Params                                  ASI  Speedup     Area  PeakPow  Region
  ──────────────────────────────────────────────────────────────────────────────
  bpt=pentium_m l1da=8 l1d=64 l1ia=4 l1i=64 l2a=8 l2=512 l3a=4 l3=2048 robc=8 robd=4 robw=1024   0.2219   1.0609    72.96   142.35  Unsustainable
  bpt=pentium_m l1da=8 l1d=64 l1ia=8 l1i=16 l2a=4 l2=512 l3a=8 l3=4096 robc=10 robd=2 robw=1024   0.8626   1.0609    70.94    37.26  Unsustainable
  bpt=pentium_m l1da=4 l1d=64 l1ia=4 l1i=16 l2a=8 l2=512 l3a=16 l3=1024 robc=2 robd=2 robw=1024   1.1369   1.0609    47.72    33.88  Strongly Sust.
  bpt=pentium_m l1da=8 l1d=64 l1ia=8 l1i=16 l2a=8 l2=512 l3a=16 l3=1024 robc=10 robd=2 robw=512   1.5034   1.0608    50.78    25.06  Strongly Sust.
  bpt=pentium_m l1da=4 l1d=64 l1ia=8 l1i=64 l2a=8 l2=512 l3a=16 l3=2048 robc=10 robd=4 robw=128   1.6488   1.0608    53.40    22.41  Strongly Sust.
  bpt=pentium_m l1da=4 l1d=64 l1ia=8 l1i=64 l2a=8 l2=512 l3a=16 l3=2048 robc=8 robd=4 robw=128   1.6488   1.0607    53.40    22.41  Strongly Sust.
  bpt=pentium_m l1da=8 l1d=64 l1ia=8 l1i=64 l2a=8 l2=512 l3a=16 l3=4096 robc=8 robd=2 robw=32   1.7692   1.0606    66.61    18.84  Strongly Sust.
  bpt=pentium_m l1da=4 l1d=64 l1ia=8 l1i=32 l2a=8 l2=512 l3a=16 l3=1024 robc=8 robd=4 robw=64   1.7965   1.0606    48.05    21.39  Strongly Sust.
  bpt=pentium_m l1da=4 l1d=64 l1ia=4 l1i=16 l2a=8 l2=512 l3a=8 l3=1024 robc=10 robd=2 robw=64   2.5978   1.0606    41.00    15.54  Strongly Sust.
  bpt=nn l1da=4 l1d=64 l1ia=4 l1i=32 l2a=8 l2=512 l3a=4 l3=1024 nnbl=64 nnlr=0.0005 robc=8 robd=2 robw=32   2.6225   1.0606    41.18    15.37  Strongly Sust.
  bpt=tage l1da=8 l1d=64 l1ia=4 l1i=32 l2a=4 l2=256 l3a=8 l3=1024 robc=2 robd=2 robw=32   2.7856   1.0019    38.83    14.70  Strongly Sust.
  bpt=nn l1da=4 l1d=32 l1ia=4 l1i=64 l2a=4 l2=256 l3a=4 l3=1024 nnbl=16 nnlr=0.005 robc=2 robd=2 robw=16   2.9891   1.0002    34.74    14.08  Strongly Sust.
  bpt=nn l1da=4 l1d=32 l1ia=4 l1i=16 l2a=4 l2=256 l3a=4 l3=1024 nnbl=16 nnlr=0.005 robc=10 robd=2 robw=16   3.0249   1.0002    33.91    13.99  Strongly Sust.
  bpt=nn l1da=4 l1d=16 l1ia=4 l1i=32 l2a=4 l2=256 l3a=4 l3=1024 nnbl=64 nnlr=0.005 robc=10 robd=2 robw=16   3.0272   0.9977    33.96    13.97  Strongly Sust.
  bp=2048 bpt=a53 l1da=4 l1d=64 l1ia=4 l1i=32 l2a=4 l2=128 l3a=4 l3=1024 nhist=4 robc=8 robd=2 robw=32   3.0444   0.9746    33.43    13.94  Strongly Sust.
  bp=2048 bpt=a53 l1da=4 l1d=64 l1ia=4 l1i=32 l2a=4 l2=128 l3a=4 l3=1024 nhist=4 robc=8 robd=2 robw=16   3.0873   0.9746    33.35    13.75  Strongly Sust.
  bpt=tage l1da=4 l1d=16 l1ia=4 l1i=32 l2a=4 l2=128 l3a=4 l3=1024 robc=10 robd=2 robw=16   3.1136   0.9724    32.98    13.67  Strongly Sust.
  bpt=nn l1da=4 l1d=16 l1ia=4 l1i=32 l2a=4 l2=128 l3a=4 l3=1024 nnbl=64 nnlr=0.005 robc=10 robd=2 robw=16   3.1149   0.9699    32.98    13.66  Strongly Sust.
  bpt=nn l1da=4 l1d=16 l1ia=4 l1i=32 l2a=4 l2=128 l3a=4 l3=1024 nnbl=64 nnlr=0.001 robc=10 robd=2 robw=16   3.1153   0.9692    32.98    13.66  Strongly Sust.
  Ran sniper 1 time this iteration (169 total).

=== Iteration 164 ===
  Evaluating 1 configuration(s) (top acquisition score of 400 candidates)...
  [mesmo] bpt=tage l1da=4 l1d=16 l1ia=4 l1i=32 l2a=8 l2=128 l3a=4 l3=1024 robc=10 robd=2 robw=16  ASI= 3.1106  S=0.9724  A=  33.00  P= 13.68  [Strongly Sust.]
  Deleted 1 non-Pareto output directory.

  Pareto front after iteration 164 (19 points, HV=3.2727):
  Params                                  ASI  Speedup     Area  PeakPow  Region
  ──────────────────────────────────────────────────────────────────────────────
  bpt=pentium_m l1da=8 l1d=64 l1ia=4 l1i=64 l2a=8 l2=512 l3a=4 l3=2048 robc=8 robd=4 robw=1024   0.2219   1.0609    72.96   142.35  Unsustainable
  bpt=pentium_m l1da=8 l1d=64 l1ia=8 l1i=16 l2a=4 l2=512 l3a=8 l3=4096 robc=10 robd=2 robw=1024   0.8626   1.0609    70.94    37.26  Unsustainable
  bpt=pentium_m l1da=4 l1d=64 l1ia=4 l1i=16 l2a=8 l2=512 l3a=16 l3=1024 robc=2 robd=2 robw=1024   1.1369   1.0609    47.72    33.88  Strongly Sust.
  bpt=pentium_m l1da=8 l1d=64 l1ia=8 l1i=16 l2a=8 l2=512 l3a=16 l3=1024 robc=10 robd=2 robw=512   1.5034   1.0608    50.78    25.06  Strongly Sust.
  bpt=pentium_m l1da=4 l1d=64 l1ia=8 l1i=64 l2a=8 l2=512 l3a=16 l3=2048 robc=10 robd=4 robw=128   1.6488   1.0608    53.40    22.41  Strongly Sust.
  bpt=pentium_m l1da=4 l1d=64 l1ia=8 l1i=64 l2a=8 l2=512 l3a=16 l3=2048 robc=8 robd=4 robw=128   1.6488   1.0607    53.40    22.41  Strongly Sust.
  bpt=pentium_m l1da=8 l1d=64 l1ia=8 l1i=64 l2a=8 l2=512 l3a=16 l3=4096 robc=8 robd=2 robw=32   1.7692   1.0606    66.61    18.84  Strongly Sust.
  bpt=pentium_m l1da=4 l1d=64 l1ia=8 l1i=32 l2a=8 l2=512 l3a=16 l3=1024 robc=8 robd=4 robw=64   1.7965   1.0606    48.05    21.39  Strongly Sust.
  bpt=pentium_m l1da=4 l1d=64 l1ia=4 l1i=16 l2a=8 l2=512 l3a=8 l3=1024 robc=10 robd=2 robw=64   2.5978   1.0606    41.00    15.54  Strongly Sust.
  bpt=nn l1da=4 l1d=64 l1ia=4 l1i=32 l2a=8 l2=512 l3a=4 l3=1024 nnbl=64 nnlr=0.0005 robc=8 robd=2 robw=32   2.6225   1.0606    41.18    15.37  Strongly Sust.
  bpt=tage l1da=8 l1d=64 l1ia=4 l1i=32 l2a=4 l2=256 l3a=8 l3=1024 robc=2 robd=2 robw=32   2.7856   1.0019    38.83    14.70  Strongly Sust.
  bpt=nn l1da=4 l1d=32 l1ia=4 l1i=64 l2a=4 l2=256 l3a=4 l3=1024 nnbl=16 nnlr=0.005 robc=2 robd=2 robw=16   2.9891   1.0002    34.74    14.08  Strongly Sust.
  bpt=nn l1da=4 l1d=32 l1ia=4 l1i=16 l2a=4 l2=256 l3a=4 l3=1024 nnbl=16 nnlr=0.005 robc=10 robd=2 robw=16   3.0249   1.0002    33.91    13.99  Strongly Sust.
  bpt=nn l1da=4 l1d=16 l1ia=4 l1i=32 l2a=4 l2=256 l3a=4 l3=1024 nnbl=64 nnlr=0.005 robc=10 robd=2 robw=16   3.0272   0.9977    33.96    13.97  Strongly Sust.
  bp=2048 bpt=a53 l1da=4 l1d=64 l1ia=4 l1i=32 l2a=4 l2=128 l3a=4 l3=1024 nhist=4 robc=8 robd=2 robw=32   3.0444   0.9746    33.43    13.94  Strongly Sust.
  bp=2048 bpt=a53 l1da=4 l1d=64 l1ia=4 l1i=32 l2a=4 l2=128 l3a=4 l3=1024 nhist=4 robc=8 robd=2 robw=16   3.0873   0.9746    33.35    13.75  Strongly Sust.
  bpt=tage l1da=4 l1d=16 l1ia=4 l1i=32 l2a=4 l2=128 l3a=4 l3=1024 robc=10 robd=2 robw=16   3.1136   0.9724    32.98    13.67  Strongly Sust.
  bpt=nn l1da=4 l1d=16 l1ia=4 l1i=32 l2a=4 l2=128 l3a=4 l3=1024 nnbl=64 nnlr=0.005 robc=10 robd=2 robw=16   3.1149   0.9699    32.98    13.66  Strongly Sust.
  bpt=nn l1da=4 l1d=16 l1ia=4 l1i=32 l2a=4 l2=128 l3a=4 l3=1024 nnbl=64 nnlr=0.001 robc=10 robd=2 robw=16   3.1153   0.9692    32.98    13.66  Strongly Sust.
  Ran sniper 1 time this iteration (170 total).

=== Iteration 165 ===
  Evaluating 1 configuration(s) (top acquisition score of 400 candidates)...
  [mesmo] bp=1024 bpt=a53 l1da=8 l1d=16 l1ia=8 l1i=32 l2a=8 l2=512 l3a=4 l3=2048 nhist=2 robc=4 robd=10 robw=16  ASI= 0.5947  S=1.0581  A=  68.50  P= 55.17  [Unsustainable]
  Deleted 1 non-Pareto output directory.

  Pareto front after iteration 165 (19 points, HV=3.2727):
  Params                                  ASI  Speedup     Area  PeakPow  Region
  ──────────────────────────────────────────────────────────────────────────────
  bpt=pentium_m l1da=8 l1d=64 l1ia=4 l1i=64 l2a=8 l2=512 l3a=4 l3=2048 robc=8 robd=4 robw=1024   0.2219   1.0609    72.96   142.35  Unsustainable
  bpt=pentium_m l1da=8 l1d=64 l1ia=8 l1i=16 l2a=4 l2=512 l3a=8 l3=4096 robc=10 robd=2 robw=1024   0.8626   1.0609    70.94    37.26  Unsustainable
  bpt=pentium_m l1da=4 l1d=64 l1ia=4 l1i=16 l2a=8 l2=512 l3a=16 l3=1024 robc=2 robd=2 robw=1024   1.1369   1.0609    47.72    33.88  Strongly Sust.
  bpt=pentium_m l1da=8 l1d=64 l1ia=8 l1i=16 l2a=8 l2=512 l3a=16 l3=1024 robc=10 robd=2 robw=512   1.5034   1.0608    50.78    25.06  Strongly Sust.
  bpt=pentium_m l1da=4 l1d=64 l1ia=8 l1i=64 l2a=8 l2=512 l3a=16 l3=2048 robc=10 robd=4 robw=128   1.6488   1.0608    53.40    22.41  Strongly Sust.
  bpt=pentium_m l1da=4 l1d=64 l1ia=8 l1i=64 l2a=8 l2=512 l3a=16 l3=2048 robc=8 robd=4 robw=128   1.6488   1.0607    53.40    22.41  Strongly Sust.
  bpt=pentium_m l1da=8 l1d=64 l1ia=8 l1i=64 l2a=8 l2=512 l3a=16 l3=4096 robc=8 robd=2 robw=32   1.7692   1.0606    66.61    18.84  Strongly Sust.
  bpt=pentium_m l1da=4 l1d=64 l1ia=8 l1i=32 l2a=8 l2=512 l3a=16 l3=1024 robc=8 robd=4 robw=64   1.7965   1.0606    48.05    21.39  Strongly Sust.
  bpt=pentium_m l1da=4 l1d=64 l1ia=4 l1i=16 l2a=8 l2=512 l3a=8 l3=1024 robc=10 robd=2 robw=64   2.5978   1.0606    41.00    15.54  Strongly Sust.
  bpt=nn l1da=4 l1d=64 l1ia=4 l1i=32 l2a=8 l2=512 l3a=4 l3=1024 nnbl=64 nnlr=0.0005 robc=8 robd=2 robw=32   2.6225   1.0606    41.18    15.37  Strongly Sust.
  bpt=tage l1da=8 l1d=64 l1ia=4 l1i=32 l2a=4 l2=256 l3a=8 l3=1024 robc=2 robd=2 robw=32   2.7856   1.0019    38.83    14.70  Strongly Sust.
  bpt=nn l1da=4 l1d=32 l1ia=4 l1i=64 l2a=4 l2=256 l3a=4 l3=1024 nnbl=16 nnlr=0.005 robc=2 robd=2 robw=16   2.9891   1.0002    34.74    14.08  Strongly Sust.
  bpt=nn l1da=4 l1d=32 l1ia=4 l1i=16 l2a=4 l2=256 l3a=4 l3=1024 nnbl=16 nnlr=0.005 robc=10 robd=2 robw=16   3.0249   1.0002    33.91    13.99  Strongly Sust.
  bpt=nn l1da=4 l1d=16 l1ia=4 l1i=32 l2a=4 l2=256 l3a=4 l3=1024 nnbl=64 nnlr=0.005 robc=10 robd=2 robw=16   3.0272   0.9977    33.96    13.97  Strongly Sust.
  bp=2048 bpt=a53 l1da=4 l1d=64 l1ia=4 l1i=32 l2a=4 l2=128 l3a=4 l3=1024 nhist=4 robc=8 robd=2 robw=32   3.0444   0.9746    33.43    13.94  Strongly Sust.
  bp=2048 bpt=a53 l1da=4 l1d=64 l1ia=4 l1i=32 l2a=4 l2=128 l3a=4 l3=1024 nhist=4 robc=8 robd=2 robw=16   3.0873   0.9746    33.35    13.75  Strongly Sust.
  bpt=tage l1da=4 l1d=16 l1ia=4 l1i=32 l2a=4 l2=128 l3a=4 l3=1024 robc=10 robd=2 robw=16   3.1136   0.9724    32.98    13.67  Strongly Sust.
  bpt=nn l1da=4 l1d=16 l1ia=4 l1i=32 l2a=4 l2=128 l3a=4 l3=1024 nnbl=64 nnlr=0.005 robc=10 robd=2 robw=16   3.1149   0.9699    32.98    13.66  Strongly Sust.
  bpt=nn l1da=4 l1d=16 l1ia=4 l1i=32 l2a=4 l2=128 l3a=4 l3=1024 nnbl=64 nnlr=0.001 robc=10 robd=2 robw=16   3.1153   0.9692    32.98    13.66  Strongly Sust.
  Ran sniper 1 time this iteration (171 total).

=== Iteration 166 ===
  Evaluating 1 configuration(s) (top acquisition score of 400 candidates)...
  [mesmo] bpt=nn l1da=4 l1d=32 l1ia=4 l1i=16 l2a=4 l2=256 l3a=4 l3=1024 nnbl=16 nnlr=0.0005 robc=10 robd=2 robw=16  ASI= 3.0284  S=0.9932  A=  33.91  P= 13.97  [Strongly Sust.]

  Pareto front after iteration 166 (20 points, HV=3.2727):
  Params                                  ASI  Speedup     Area  PeakPow  Region
  ──────────────────────────────────────────────────────────────────────────────
  bpt=pentium_m l1da=8 l1d=64 l1ia=4 l1i=64 l2a=8 l2=512 l3a=4 l3=2048 robc=8 robd=4 robw=1024   0.2219   1.0609    72.96   142.35  Unsustainable
  bpt=pentium_m l1da=8 l1d=64 l1ia=8 l1i=16 l2a=4 l2=512 l3a=8 l3=4096 robc=10 robd=2 robw=1024   0.8626   1.0609    70.94    37.26  Unsustainable
  bpt=pentium_m l1da=4 l1d=64 l1ia=4 l1i=16 l2a=8 l2=512 l3a=16 l3=1024 robc=2 robd=2 robw=1024   1.1369   1.0609    47.72    33.88  Strongly Sust.
  bpt=pentium_m l1da=8 l1d=64 l1ia=8 l1i=16 l2a=8 l2=512 l3a=16 l3=1024 robc=10 robd=2 robw=512   1.5034   1.0608    50.78    25.06  Strongly Sust.
  bpt=pentium_m l1da=4 l1d=64 l1ia=8 l1i=64 l2a=8 l2=512 l3a=16 l3=2048 robc=10 robd=4 robw=128   1.6488   1.0608    53.40    22.41  Strongly Sust.
  bpt=pentium_m l1da=4 l1d=64 l1ia=8 l1i=64 l2a=8 l2=512 l3a=16 l3=2048 robc=8 robd=4 robw=128   1.6488   1.0607    53.40    22.41  Strongly Sust.
  bpt=pentium_m l1da=8 l1d=64 l1ia=8 l1i=64 l2a=8 l2=512 l3a=16 l3=4096 robc=8 robd=2 robw=32   1.7692   1.0606    66.61    18.84  Strongly Sust.
  bpt=pentium_m l1da=4 l1d=64 l1ia=8 l1i=32 l2a=8 l2=512 l3a=16 l3=1024 robc=8 robd=4 robw=64   1.7965   1.0606    48.05    21.39  Strongly Sust.
  bpt=pentium_m l1da=4 l1d=64 l1ia=4 l1i=16 l2a=8 l2=512 l3a=8 l3=1024 robc=10 robd=2 robw=64   2.5978   1.0606    41.00    15.54  Strongly Sust.
  bpt=nn l1da=4 l1d=64 l1ia=4 l1i=32 l2a=8 l2=512 l3a=4 l3=1024 nnbl=64 nnlr=0.0005 robc=8 robd=2 robw=32   2.6225   1.0606    41.18    15.37  Strongly Sust.
  bpt=tage l1da=8 l1d=64 l1ia=4 l1i=32 l2a=4 l2=256 l3a=8 l3=1024 robc=2 robd=2 robw=32   2.7856   1.0019    38.83    14.70  Strongly Sust.
  bpt=nn l1da=4 l1d=32 l1ia=4 l1i=64 l2a=4 l2=256 l3a=4 l3=1024 nnbl=16 nnlr=0.005 robc=2 robd=2 robw=16   2.9891   1.0002    34.74    14.08  Strongly Sust.
  bpt=nn l1da=4 l1d=32 l1ia=4 l1i=16 l2a=4 l2=256 l3a=4 l3=1024 nnbl=16 nnlr=0.005 robc=10 robd=2 robw=16   3.0249   1.0002    33.91    13.99  Strongly Sust.
  bpt=nn l1da=4 l1d=16 l1ia=4 l1i=32 l2a=4 l2=256 l3a=4 l3=1024 nnbl=64 nnlr=0.005 robc=10 robd=2 robw=16   3.0272   0.9977    33.96    13.97  Strongly Sust.
  bpt=nn l1da=4 l1d=32 l1ia=4 l1i=16 l2a=4 l2=256 l3a=4 l3=1024 nnbl=16 nnlr=0.0005 robc=10 robd=2 robw=16   3.0284   0.9932    33.91    13.97  Strongly Sust.
  bp=2048 bpt=a53 l1da=4 l1d=64 l1ia=4 l1i=32 l2a=4 l2=128 l3a=4 l3=1024 nhist=4 robc=8 robd=2 robw=32   3.0444   0.9746    33.43    13.94  Strongly Sust.
  bp=2048 bpt=a53 l1da=4 l1d=64 l1ia=4 l1i=32 l2a=4 l2=128 l3a=4 l3=1024 nhist=4 robc=8 robd=2 robw=16   3.0873   0.9746    33.35    13.75  Strongly Sust.
  bpt=tage l1da=4 l1d=16 l1ia=4 l1i=32 l2a=4 l2=128 l3a=4 l3=1024 robc=10 robd=2 robw=16   3.1136   0.9724    32.98    13.67  Strongly Sust.
  bpt=nn l1da=4 l1d=16 l1ia=4 l1i=32 l2a=4 l2=128 l3a=4 l3=1024 nnbl=64 nnlr=0.005 robc=10 robd=2 robw=16   3.1149   0.9699    32.98    13.66  Strongly Sust.
  bpt=nn l1da=4 l1d=16 l1ia=4 l1i=32 l2a=4 l2=128 l3a=4 l3=1024 nnbl=64 nnlr=0.001 robc=10 robd=2 robw=16   3.1153   0.9692    32.98    13.66  Strongly Sust.
  Ran sniper 1 time this iteration (172 total).

=== Iteration 167 ===
  Evaluating 1 configuration(s) (top acquisition score of 400 candidates)...
  [mesmo] bpt=tage l1da=4 l1d=64 l1ia=4 l1i=16 l2a=4 l2=128 l3a=16 l3=1024 robc=8 robd=2 robw=64  ASI= 2.9611  S=0.9746  A=  35.33  P= 14.16  [Strongly Sust.]
  Deleted 1 non-Pareto output directory.

  Pareto front after iteration 167 (20 points, HV=3.2727):
  Params                                  ASI  Speedup     Area  PeakPow  Region
  ──────────────────────────────────────────────────────────────────────────────
  bpt=pentium_m l1da=8 l1d=64 l1ia=4 l1i=64 l2a=8 l2=512 l3a=4 l3=2048 robc=8 robd=4 robw=1024   0.2219   1.0609    72.96   142.35  Unsustainable
  bpt=pentium_m l1da=8 l1d=64 l1ia=8 l1i=16 l2a=4 l2=512 l3a=8 l3=4096 robc=10 robd=2 robw=1024   0.8626   1.0609    70.94    37.26  Unsustainable
  bpt=pentium_m l1da=4 l1d=64 l1ia=4 l1i=16 l2a=8 l2=512 l3a=16 l3=1024 robc=2 robd=2 robw=1024   1.1369   1.0609    47.72    33.88  Strongly Sust.
  bpt=pentium_m l1da=8 l1d=64 l1ia=8 l1i=16 l2a=8 l2=512 l3a=16 l3=1024 robc=10 robd=2 robw=512   1.5034   1.0608    50.78    25.06  Strongly Sust.
  bpt=pentium_m l1da=4 l1d=64 l1ia=8 l1i=64 l2a=8 l2=512 l3a=16 l3=2048 robc=10 robd=4 robw=128   1.6488   1.0608    53.40    22.41  Strongly Sust.
  bpt=pentium_m l1da=4 l1d=64 l1ia=8 l1i=64 l2a=8 l2=512 l3a=16 l3=2048 robc=8 robd=4 robw=128   1.6488   1.0607    53.40    22.41  Strongly Sust.
  bpt=pentium_m l1da=8 l1d=64 l1ia=8 l1i=64 l2a=8 l2=512 l3a=16 l3=4096 robc=8 robd=2 robw=32   1.7692   1.0606    66.61    18.84  Strongly Sust.
  bpt=pentium_m l1da=4 l1d=64 l1ia=8 l1i=32 l2a=8 l2=512 l3a=16 l3=1024 robc=8 robd=4 robw=64   1.7965   1.0606    48.05    21.39  Strongly Sust.
  bpt=pentium_m l1da=4 l1d=64 l1ia=4 l1i=16 l2a=8 l2=512 l3a=8 l3=1024 robc=10 robd=2 robw=64   2.5978   1.0606    41.00    15.54  Strongly Sust.
  bpt=nn l1da=4 l1d=64 l1ia=4 l1i=32 l2a=8 l2=512 l3a=4 l3=1024 nnbl=64 nnlr=0.0005 robc=8 robd=2 robw=32   2.6225   1.0606    41.18    15.37  Strongly Sust.
  bpt=tage l1da=8 l1d=64 l1ia=4 l1i=32 l2a=4 l2=256 l3a=8 l3=1024 robc=2 robd=2 robw=32   2.7856   1.0019    38.83    14.70  Strongly Sust.
  bpt=nn l1da=4 l1d=32 l1ia=4 l1i=64 l2a=4 l2=256 l3a=4 l3=1024 nnbl=16 nnlr=0.005 robc=2 robd=2 robw=16   2.9891   1.0002    34.74    14.08  Strongly Sust.
  bpt=nn l1da=4 l1d=32 l1ia=4 l1i=16 l2a=4 l2=256 l3a=4 l3=1024 nnbl=16 nnlr=0.005 robc=10 robd=2 robw=16   3.0249   1.0002    33.91    13.99  Strongly Sust.
  bpt=nn l1da=4 l1d=16 l1ia=4 l1i=32 l2a=4 l2=256 l3a=4 l3=1024 nnbl=64 nnlr=0.005 robc=10 robd=2 robw=16   3.0272   0.9977    33.96    13.97  Strongly Sust.
  bpt=nn l1da=4 l1d=32 l1ia=4 l1i=16 l2a=4 l2=256 l3a=4 l3=1024 nnbl=16 nnlr=0.0005 robc=10 robd=2 robw=16   3.0284   0.9932    33.91    13.97  Strongly Sust.
  bp=2048 bpt=a53 l1da=4 l1d=64 l1ia=4 l1i=32 l2a=4 l2=128 l3a=4 l3=1024 nhist=4 robc=8 robd=2 robw=32   3.0444   0.9746    33.43    13.94  Strongly Sust.
  bp=2048 bpt=a53 l1da=4 l1d=64 l1ia=4 l1i=32 l2a=4 l2=128 l3a=4 l3=1024 nhist=4 robc=8 robd=2 robw=16   3.0873   0.9746    33.35    13.75  Strongly Sust.
  bpt=tage l1da=4 l1d=16 l1ia=4 l1i=32 l2a=4 l2=128 l3a=4 l3=1024 robc=10 robd=2 robw=16   3.1136   0.9724    32.98    13.67  Strongly Sust.
  bpt=nn l1da=4 l1d=16 l1ia=4 l1i=32 l2a=4 l2=128 l3a=4 l3=1024 nnbl=64 nnlr=0.005 robc=10 robd=2 robw=16   3.1149   0.9699    32.98    13.66  Strongly Sust.
  bpt=nn l1da=4 l1d=16 l1ia=4 l1i=32 l2a=4 l2=128 l3a=4 l3=1024 nnbl=64 nnlr=0.001 robc=10 robd=2 robw=16   3.1153   0.9692    32.98    13.66  Strongly Sust.
  Ran sniper 1 time this iteration (173 total).

=== Iteration 168 ===
  Evaluating 1 configuration(s) (top acquisition score of 400 candidates)...
  [mesmo] bpt=nn l1da=4 l1d=32 l1ia=4 l1i=64 l2a=4 l2=256 l3a=4 l3=1024 nnbl=16 nnlr=0.005 robc=2 robd=2 robw=256  ASI= 2.8445  S=0.9966  A=  35.06  P= 14.76  [Strongly Sust.]
  Deleted 1 non-Pareto output directory.

  Pareto front after iteration 168 (20 points, HV=3.2727):
  Params                                  ASI  Speedup     Area  PeakPow  Region
  ──────────────────────────────────────────────────────────────────────────────
  bpt=pentium_m l1da=8 l1d=64 l1ia=4 l1i=64 l2a=8 l2=512 l3a=4 l3=2048 robc=8 robd=4 robw=1024   0.2219   1.0609    72.96   142.35  Unsustainable
  bpt=pentium_m l1da=8 l1d=64 l1ia=8 l1i=16 l2a=4 l2=512 l3a=8 l3=4096 robc=10 robd=2 robw=1024   0.8626   1.0609    70.94    37.26  Unsustainable
  bpt=pentium_m l1da=4 l1d=64 l1ia=4 l1i=16 l2a=8 l2=512 l3a=16 l3=1024 robc=2 robd=2 robw=1024   1.1369   1.0609    47.72    33.88  Strongly Sust.
  bpt=pentium_m l1da=8 l1d=64 l1ia=8 l1i=16 l2a=8 l2=512 l3a=16 l3=1024 robc=10 robd=2 robw=512   1.5034   1.0608    50.78    25.06  Strongly Sust.
  bpt=pentium_m l1da=4 l1d=64 l1ia=8 l1i=64 l2a=8 l2=512 l3a=16 l3=2048 robc=10 robd=4 robw=128   1.6488   1.0608    53.40    22.41  Strongly Sust.
  bpt=pentium_m l1da=4 l1d=64 l1ia=8 l1i=64 l2a=8 l2=512 l3a=16 l3=2048 robc=8 robd=4 robw=128   1.6488   1.0607    53.40    22.41  Strongly Sust.
  bpt=pentium_m l1da=8 l1d=64 l1ia=8 l1i=64 l2a=8 l2=512 l3a=16 l3=4096 robc=8 robd=2 robw=32   1.7692   1.0606    66.61    18.84  Strongly Sust.
  bpt=pentium_m l1da=4 l1d=64 l1ia=8 l1i=32 l2a=8 l2=512 l3a=16 l3=1024 robc=8 robd=4 robw=64   1.7965   1.0606    48.05    21.39  Strongly Sust.
  bpt=pentium_m l1da=4 l1d=64 l1ia=4 l1i=16 l2a=8 l2=512 l3a=8 l3=1024 robc=10 robd=2 robw=64   2.5978   1.0606    41.00    15.54  Strongly Sust.
  bpt=nn l1da=4 l1d=64 l1ia=4 l1i=32 l2a=8 l2=512 l3a=4 l3=1024 nnbl=64 nnlr=0.0005 robc=8 robd=2 robw=32   2.6225   1.0606    41.18    15.37  Strongly Sust.
  bpt=tage l1da=8 l1d=64 l1ia=4 l1i=32 l2a=4 l2=256 l3a=8 l3=1024 robc=2 robd=2 robw=32   2.7856   1.0019    38.83    14.70  Strongly Sust.
  bpt=nn l1da=4 l1d=32 l1ia=4 l1i=64 l2a=4 l2=256 l3a=4 l3=1024 nnbl=16 nnlr=0.005 robc=2 robd=2 robw=16   2.9891   1.0002    34.74    14.08  Strongly Sust.
  bpt=nn l1da=4 l1d=32 l1ia=4 l1i=16 l2a=4 l2=256 l3a=4 l3=1024 nnbl=16 nnlr=0.005 robc=10 robd=2 robw=16   3.0249   1.0002    33.91    13.99  Strongly Sust.
  bpt=nn l1da=4 l1d=16 l1ia=4 l1i=32 l2a=4 l2=256 l3a=4 l3=1024 nnbl=64 nnlr=0.005 robc=10 robd=2 robw=16   3.0272   0.9977    33.96    13.97  Strongly Sust.
  bpt=nn l1da=4 l1d=32 l1ia=4 l1i=16 l2a=4 l2=256 l3a=4 l3=1024 nnbl=16 nnlr=0.0005 robc=10 robd=2 robw=16   3.0284   0.9932    33.91    13.97  Strongly Sust.
  bp=2048 bpt=a53 l1da=4 l1d=64 l1ia=4 l1i=32 l2a=4 l2=128 l3a=4 l3=1024 nhist=4 robc=8 robd=2 robw=32   3.0444   0.9746    33.43    13.94  Strongly Sust.
  bp=2048 bpt=a53 l1da=4 l1d=64 l1ia=4 l1i=32 l2a=4 l2=128 l3a=4 l3=1024 nhist=4 robc=8 robd=2 robw=16   3.0873   0.9746    33.35    13.75  Strongly Sust.
  bpt=tage l1da=4 l1d=16 l1ia=4 l1i=32 l2a=4 l2=128 l3a=4 l3=1024 robc=10 robd=2 robw=16   3.1136   0.9724    32.98    13.67  Strongly Sust.
  bpt=nn l1da=4 l1d=16 l1ia=4 l1i=32 l2a=4 l2=128 l3a=4 l3=1024 nnbl=64 nnlr=0.005 robc=10 robd=2 robw=16   3.1149   0.9699    32.98    13.66  Strongly Sust.
  bpt=nn l1da=4 l1d=16 l1ia=4 l1i=32 l2a=4 l2=128 l3a=4 l3=1024 nnbl=64 nnlr=0.001 robc=10 robd=2 robw=16   3.1153   0.9692    32.98    13.66  Strongly Sust.
  Ran sniper 1 time this iteration (174 total).

=== Iteration 169 ===
  Evaluating 1 configuration(s) (top acquisition score of 400 candidates)...
  [mesmo] bpt=nn l1da=4 l1d=16 l1ia=4 l1i=32 l2a=4 l2=256 l3a=4 l3=1024 nnbl=16 nnlr=0.005 robc=10 robd=2 robw=16  ASI= 3.0264  S=0.9993  A=  33.96  P= 13.97  [Strongly Sust.]

  Pareto front after iteration 169 (21 points, HV=3.2727):
  Params                                  ASI  Speedup     Area  PeakPow  Region
  ──────────────────────────────────────────────────────────────────────────────
  bpt=pentium_m l1da=8 l1d=64 l1ia=4 l1i=64 l2a=8 l2=512 l3a=4 l3=2048 robc=8 robd=4 robw=1024   0.2219   1.0609    72.96   142.35  Unsustainable
  bpt=pentium_m l1da=8 l1d=64 l1ia=8 l1i=16 l2a=4 l2=512 l3a=8 l3=4096 robc=10 robd=2 robw=1024   0.8626   1.0609    70.94    37.26  Unsustainable
  bpt=pentium_m l1da=4 l1d=64 l1ia=4 l1i=16 l2a=8 l2=512 l3a=16 l3=1024 robc=2 robd=2 robw=1024   1.1369   1.0609    47.72    33.88  Strongly Sust.
  bpt=pentium_m l1da=8 l1d=64 l1ia=8 l1i=16 l2a=8 l2=512 l3a=16 l3=1024 robc=10 robd=2 robw=512   1.5034   1.0608    50.78    25.06  Strongly Sust.
  bpt=pentium_m l1da=4 l1d=64 l1ia=8 l1i=64 l2a=8 l2=512 l3a=16 l3=2048 robc=10 robd=4 robw=128   1.6488   1.0608    53.40    22.41  Strongly Sust.
  bpt=pentium_m l1da=4 l1d=64 l1ia=8 l1i=64 l2a=8 l2=512 l3a=16 l3=2048 robc=8 robd=4 robw=128   1.6488   1.0607    53.40    22.41  Strongly Sust.
  bpt=pentium_m l1da=8 l1d=64 l1ia=8 l1i=64 l2a=8 l2=512 l3a=16 l3=4096 robc=8 robd=2 robw=32   1.7692   1.0606    66.61    18.84  Strongly Sust.
  bpt=pentium_m l1da=4 l1d=64 l1ia=8 l1i=32 l2a=8 l2=512 l3a=16 l3=1024 robc=8 robd=4 robw=64   1.7965   1.0606    48.05    21.39  Strongly Sust.
  bpt=pentium_m l1da=4 l1d=64 l1ia=4 l1i=16 l2a=8 l2=512 l3a=8 l3=1024 robc=10 robd=2 robw=64   2.5978   1.0606    41.00    15.54  Strongly Sust.
  bpt=nn l1da=4 l1d=64 l1ia=4 l1i=32 l2a=8 l2=512 l3a=4 l3=1024 nnbl=64 nnlr=0.0005 robc=8 robd=2 robw=32   2.6225   1.0606    41.18    15.37  Strongly Sust.
  bpt=tage l1da=8 l1d=64 l1ia=4 l1i=32 l2a=4 l2=256 l3a=8 l3=1024 robc=2 robd=2 robw=32   2.7856   1.0019    38.83    14.70  Strongly Sust.
  bpt=nn l1da=4 l1d=32 l1ia=4 l1i=64 l2a=4 l2=256 l3a=4 l3=1024 nnbl=16 nnlr=0.005 robc=2 robd=2 robw=16   2.9891   1.0002    34.74    14.08  Strongly Sust.
  bpt=nn l1da=4 l1d=32 l1ia=4 l1i=16 l2a=4 l2=256 l3a=4 l3=1024 nnbl=16 nnlr=0.005 robc=10 robd=2 robw=16   3.0249   1.0002    33.91    13.99  Strongly Sust.
  bpt=nn l1da=4 l1d=16 l1ia=4 l1i=32 l2a=4 l2=256 l3a=4 l3=1024 nnbl=16 nnlr=0.005 robc=10 robd=2 robw=16   3.0264   0.9993    33.96    13.97  Strongly Sust.
  bpt=nn l1da=4 l1d=16 l1ia=4 l1i=32 l2a=4 l2=256 l3a=4 l3=1024 nnbl=64 nnlr=0.005 robc=10 robd=2 robw=16   3.0272   0.9977    33.96    13.97  Strongly Sust.
  bpt=nn l1da=4 l1d=32 l1ia=4 l1i=16 l2a=4 l2=256 l3a=4 l3=1024 nnbl=16 nnlr=0.0005 robc=10 robd=2 robw=16   3.0284   0.9932    33.91    13.97  Strongly Sust.
  bp=2048 bpt=a53 l1da=4 l1d=64 l1ia=4 l1i=32 l2a=4 l2=128 l3a=4 l3=1024 nhist=4 robc=8 robd=2 robw=32   3.0444   0.9746    33.43    13.94  Strongly Sust.
  bp=2048 bpt=a53 l1da=4 l1d=64 l1ia=4 l1i=32 l2a=4 l2=128 l3a=4 l3=1024 nhist=4 robc=8 robd=2 robw=16   3.0873   0.9746    33.35    13.75  Strongly Sust.
  bpt=tage l1da=4 l1d=16 l1ia=4 l1i=32 l2a=4 l2=128 l3a=4 l3=1024 robc=10 robd=2 robw=16   3.1136   0.9724    32.98    13.67  Strongly Sust.
  bpt=nn l1da=4 l1d=16 l1ia=4 l1i=32 l2a=4 l2=128 l3a=4 l3=1024 nnbl=64 nnlr=0.005 robc=10 robd=2 robw=16   3.1149   0.9699    32.98    13.66  Strongly Sust.
  bpt=nn l1da=4 l1d=16 l1ia=4 l1i=32 l2a=4 l2=128 l3a=4 l3=1024 nnbl=64 nnlr=0.001 robc=10 robd=2 robw=16   3.1153   0.9692    32.98    13.66  Strongly Sust.
  Ran sniper 1 time this iteration (175 total).

=== Iteration 170 ===
  Evaluating 1 configuration(s) (top acquisition score of 400 candidates)...
  [mesmo] bpt=tage l1da=8 l1d=64 l1ia=4 l1i=64 l2a=4 l2=512 l3a=16 l3=1024 robc=10 robd=8 robw=32  ASI= 0.8675  S=1.0606  A=  59.66  P= 40.62  [Unsustainable]
  Deleted 1 non-Pareto output directory.

  Pareto front after iteration 170 (21 points, HV=3.2727):
  Params                                  ASI  Speedup     Area  PeakPow  Region
  ──────────────────────────────────────────────────────────────────────────────
  bpt=pentium_m l1da=8 l1d=64 l1ia=4 l1i=64 l2a=8 l2=512 l3a=4 l3=2048 robc=8 robd=4 robw=1024   0.2219   1.0609    72.96   142.35  Unsustainable
  bpt=pentium_m l1da=8 l1d=64 l1ia=8 l1i=16 l2a=4 l2=512 l3a=8 l3=4096 robc=10 robd=2 robw=1024   0.8626   1.0609    70.94    37.26  Unsustainable
  bpt=pentium_m l1da=4 l1d=64 l1ia=4 l1i=16 l2a=8 l2=512 l3a=16 l3=1024 robc=2 robd=2 robw=1024   1.1369   1.0609    47.72    33.88  Strongly Sust.
  bpt=pentium_m l1da=8 l1d=64 l1ia=8 l1i=16 l2a=8 l2=512 l3a=16 l3=1024 robc=10 robd=2 robw=512   1.5034   1.0608    50.78    25.06  Strongly Sust.
  bpt=pentium_m l1da=4 l1d=64 l1ia=8 l1i=64 l2a=8 l2=512 l3a=16 l3=2048 robc=10 robd=4 robw=128   1.6488   1.0608    53.40    22.41  Strongly Sust.
  bpt=pentium_m l1da=4 l1d=64 l1ia=8 l1i=64 l2a=8 l2=512 l3a=16 l3=2048 robc=8 robd=4 robw=128   1.6488   1.0607    53.40    22.41  Strongly Sust.
  bpt=pentium_m l1da=8 l1d=64 l1ia=8 l1i=64 l2a=8 l2=512 l3a=16 l3=4096 robc=8 robd=2 robw=32   1.7692   1.0606    66.61    18.84  Strongly Sust.
  bpt=pentium_m l1da=4 l1d=64 l1ia=8 l1i=32 l2a=8 l2=512 l3a=16 l3=1024 robc=8 robd=4 robw=64   1.7965   1.0606    48.05    21.39  Strongly Sust.
  bpt=pentium_m l1da=4 l1d=64 l1ia=4 l1i=16 l2a=8 l2=512 l3a=8 l3=1024 robc=10 robd=2 robw=64   2.5978   1.0606    41.00    15.54  Strongly Sust.
  bpt=nn l1da=4 l1d=64 l1ia=4 l1i=32 l2a=8 l2=512 l3a=4 l3=1024 nnbl=64 nnlr=0.0005 robc=8 robd=2 robw=32   2.6225   1.0606    41.18    15.37  Strongly Sust.
  bpt=tage l1da=8 l1d=64 l1ia=4 l1i=32 l2a=4 l2=256 l3a=8 l3=1024 robc=2 robd=2 robw=32   2.7856   1.0019    38.83    14.70  Strongly Sust.
  bpt=nn l1da=4 l1d=32 l1ia=4 l1i=64 l2a=4 l2=256 l3a=4 l3=1024 nnbl=16 nnlr=0.005 robc=2 robd=2 robw=16   2.9891   1.0002    34.74    14.08  Strongly Sust.
  bpt=nn l1da=4 l1d=32 l1ia=4 l1i=16 l2a=4 l2=256 l3a=4 l3=1024 nnbl=16 nnlr=0.005 robc=10 robd=2 robw=16   3.0249   1.0002    33.91    13.99  Strongly Sust.
  bpt=nn l1da=4 l1d=16 l1ia=4 l1i=32 l2a=4 l2=256 l3a=4 l3=1024 nnbl=16 nnlr=0.005 robc=10 robd=2 robw=16   3.0264   0.9993    33.96    13.97  Strongly Sust.
  bpt=nn l1da=4 l1d=16 l1ia=4 l1i=32 l2a=4 l2=256 l3a=4 l3=1024 nnbl=64 nnlr=0.005 robc=10 robd=2 robw=16   3.0272   0.9977    33.96    13.97  Strongly Sust.
  bpt=nn l1da=4 l1d=32 l1ia=4 l1i=16 l2a=4 l2=256 l3a=4 l3=1024 nnbl=16 nnlr=0.0005 robc=10 robd=2 robw=16   3.0284   0.9932    33.91    13.97  Strongly Sust.
  bp=2048 bpt=a53 l1da=4 l1d=64 l1ia=4 l1i=32 l2a=4 l2=128 l3a=4 l3=1024 nhist=4 robc=8 robd=2 robw=32   3.0444   0.9746    33.43    13.94  Strongly Sust.
  bp=2048 bpt=a53 l1da=4 l1d=64 l1ia=4 l1i=32 l2a=4 l2=128 l3a=4 l3=1024 nhist=4 robc=8 robd=2 robw=16   3.0873   0.9746    33.35    13.75  Strongly Sust.
  bpt=tage l1da=4 l1d=16 l1ia=4 l1i=32 l2a=4 l2=128 l3a=4 l3=1024 robc=10 robd=2 robw=16   3.1136   0.9724    32.98    13.67  Strongly Sust.
  bpt=nn l1da=4 l1d=16 l1ia=4 l1i=32 l2a=4 l2=128 l3a=4 l3=1024 nnbl=64 nnlr=0.005 robc=10 robd=2 robw=16   3.1149   0.9699    32.98    13.66  Strongly Sust.
  bpt=nn l1da=4 l1d=16 l1ia=4 l1i=32 l2a=4 l2=128 l3a=4 l3=1024 nnbl=64 nnlr=0.001 robc=10 robd=2 robw=16   3.1153   0.9692    32.98    13.66  Strongly Sust.
  Ran sniper 1 time this iteration (176 total).

=== Iteration 171 ===
  Evaluating 1 configuration(s) (top acquisition score of 400 candidates)...
  [mesmo] bp=512 bpt=a53 l1da=4 l1d=64 l1ia=4 l1i=32 l2a=4 l2=128 l3a=4 l3=1024 nhist=4 robc=8 robd=2 robw=16  ASI= 3.0873  S=0.9746  A=  33.35  P= 13.75  [Strongly Sust.]

  Pareto front after iteration 171 (22 points, HV=3.2727):
  Params                                  ASI  Speedup     Area  PeakPow  Region
  ──────────────────────────────────────────────────────────────────────────────
  bpt=pentium_m l1da=8 l1d=64 l1ia=4 l1i=64 l2a=8 l2=512 l3a=4 l3=2048 robc=8 robd=4 robw=1024   0.2219   1.0609    72.96   142.35  Unsustainable
  bpt=pentium_m l1da=8 l1d=64 l1ia=8 l1i=16 l2a=4 l2=512 l3a=8 l3=4096 robc=10 robd=2 robw=1024   0.8626   1.0609    70.94    37.26  Unsustainable
  bpt=pentium_m l1da=4 l1d=64 l1ia=4 l1i=16 l2a=8 l2=512 l3a=16 l3=1024 robc=2 robd=2 robw=1024   1.1369   1.0609    47.72    33.88  Strongly Sust.
  bpt=pentium_m l1da=8 l1d=64 l1ia=8 l1i=16 l2a=8 l2=512 l3a=16 l3=1024 robc=10 robd=2 robw=512   1.5034   1.0608    50.78    25.06  Strongly Sust.
  bpt=pentium_m l1da=4 l1d=64 l1ia=8 l1i=64 l2a=8 l2=512 l3a=16 l3=2048 robc=10 robd=4 robw=128   1.6488   1.0608    53.40    22.41  Strongly Sust.
  bpt=pentium_m l1da=4 l1d=64 l1ia=8 l1i=64 l2a=8 l2=512 l3a=16 l3=2048 robc=8 robd=4 robw=128   1.6488   1.0607    53.40    22.41  Strongly Sust.
  bpt=pentium_m l1da=8 l1d=64 l1ia=8 l1i=64 l2a=8 l2=512 l3a=16 l3=4096 robc=8 robd=2 robw=32   1.7692   1.0606    66.61    18.84  Strongly Sust.
  bpt=pentium_m l1da=4 l1d=64 l1ia=8 l1i=32 l2a=8 l2=512 l3a=16 l3=1024 robc=8 robd=4 robw=64   1.7965   1.0606    48.05    21.39  Strongly Sust.
  bpt=pentium_m l1da=4 l1d=64 l1ia=4 l1i=16 l2a=8 l2=512 l3a=8 l3=1024 robc=10 robd=2 robw=64   2.5978   1.0606    41.00    15.54  Strongly Sust.
  bpt=nn l1da=4 l1d=64 l1ia=4 l1i=32 l2a=8 l2=512 l3a=4 l3=1024 nnbl=64 nnlr=0.0005 robc=8 robd=2 robw=32   2.6225   1.0606    41.18    15.37  Strongly Sust.
  bpt=tage l1da=8 l1d=64 l1ia=4 l1i=32 l2a=4 l2=256 l3a=8 l3=1024 robc=2 robd=2 robw=32   2.7856   1.0019    38.83    14.70  Strongly Sust.
  bpt=nn l1da=4 l1d=32 l1ia=4 l1i=64 l2a=4 l2=256 l3a=4 l3=1024 nnbl=16 nnlr=0.005 robc=2 robd=2 robw=16   2.9891   1.0002    34.74    14.08  Strongly Sust.
  bpt=nn l1da=4 l1d=32 l1ia=4 l1i=16 l2a=4 l2=256 l3a=4 l3=1024 nnbl=16 nnlr=0.005 robc=10 robd=2 robw=16   3.0249   1.0002    33.91    13.99  Strongly Sust.
  bpt=nn l1da=4 l1d=16 l1ia=4 l1i=32 l2a=4 l2=256 l3a=4 l3=1024 nnbl=16 nnlr=0.005 robc=10 robd=2 robw=16   3.0264   0.9993    33.96    13.97  Strongly Sust.
  bpt=nn l1da=4 l1d=16 l1ia=4 l1i=32 l2a=4 l2=256 l3a=4 l3=1024 nnbl=64 nnlr=0.005 robc=10 robd=2 robw=16   3.0272   0.9977    33.96    13.97  Strongly Sust.
  bpt=nn l1da=4 l1d=32 l1ia=4 l1i=16 l2a=4 l2=256 l3a=4 l3=1024 nnbl=16 nnlr=0.0005 robc=10 robd=2 robw=16   3.0284   0.9932    33.91    13.97  Strongly Sust.
  bp=2048 bpt=a53 l1da=4 l1d=64 l1ia=4 l1i=32 l2a=4 l2=128 l3a=4 l3=1024 nhist=4 robc=8 robd=2 robw=32   3.0444   0.9746    33.43    13.94  Strongly Sust.
  bp=2048 bpt=a53 l1da=4 l1d=64 l1ia=4 l1i=32 l2a=4 l2=128 l3a=4 l3=1024 nhist=4 robc=8 robd=2 robw=16   3.0873   0.9746    33.35    13.75  Strongly Sust.
  bp=512 bpt=a53 l1da=4 l1d=64 l1ia=4 l1i=32 l2a=4 l2=128 l3a=4 l3=1024 nhist=4 robc=8 robd=2 robw=16   3.0873   0.9746    33.35    13.75  Strongly Sust.
  bpt=tage l1da=4 l1d=16 l1ia=4 l1i=32 l2a=4 l2=128 l3a=4 l3=1024 robc=10 robd=2 robw=16   3.1136   0.9724    32.98    13.67  Strongly Sust.
  bpt=nn l1da=4 l1d=16 l1ia=4 l1i=32 l2a=4 l2=128 l3a=4 l3=1024 nnbl=64 nnlr=0.005 robc=10 robd=2 robw=16   3.1149   0.9699    32.98    13.66  Strongly Sust.
  bpt=nn l1da=4 l1d=16 l1ia=4 l1i=32 l2a=4 l2=128 l3a=4 l3=1024 nnbl=64 nnlr=0.001 robc=10 robd=2 robw=16   3.1153   0.9692    32.98    13.66  Strongly Sust.
  Ran sniper 1 time this iteration (177 total).

=== Iteration 172 ===
  Evaluating 1 configuration(s) (top acquisition score of 400 candidates)...
  [mesmo] bpt=pentium_m l1da=8 l1d=32 l1ia=8 l1i=64 l2a=8 l2=512 l3a=4 l3=2048 robc=2 robd=10 robw=256  ASI= 0.0223  S=1.0591  A= 107.15  P=995.15  [Unsustainable]
  Deleted 1 non-Pareto output directory.

  Pareto front after iteration 172 (22 points, HV=3.2727):
  Params                                  ASI  Speedup     Area  PeakPow  Region
  ──────────────────────────────────────────────────────────────────────────────
  bpt=pentium_m l1da=8 l1d=64 l1ia=4 l1i=64 l2a=8 l2=512 l3a=4 l3=2048 robc=8 robd=4 robw=1024   0.2219   1.0609    72.96   142.35  Unsustainable
  bpt=pentium_m l1da=8 l1d=64 l1ia=8 l1i=16 l2a=4 l2=512 l3a=8 l3=4096 robc=10 robd=2 robw=1024   0.8626   1.0609    70.94    37.26  Unsustainable
  bpt=pentium_m l1da=4 l1d=64 l1ia=4 l1i=16 l2a=8 l2=512 l3a=16 l3=1024 robc=2 robd=2 robw=1024   1.1369   1.0609    47.72    33.88  Strongly Sust.
  bpt=pentium_m l1da=8 l1d=64 l1ia=8 l1i=16 l2a=8 l2=512 l3a=16 l3=1024 robc=10 robd=2 robw=512   1.5034   1.0608    50.78    25.06  Strongly Sust.
  bpt=pentium_m l1da=4 l1d=64 l1ia=8 l1i=64 l2a=8 l2=512 l3a=16 l3=2048 robc=10 robd=4 robw=128   1.6488   1.0608    53.40    22.41  Strongly Sust.
  bpt=pentium_m l1da=4 l1d=64 l1ia=8 l1i=64 l2a=8 l2=512 l3a=16 l3=2048 robc=8 robd=4 robw=128   1.6488   1.0607    53.40    22.41  Strongly Sust.
  bpt=pentium_m l1da=8 l1d=64 l1ia=8 l1i=64 l2a=8 l2=512 l3a=16 l3=4096 robc=8 robd=2 robw=32   1.7692   1.0606    66.61    18.84  Strongly Sust.
  bpt=pentium_m l1da=4 l1d=64 l1ia=8 l1i=32 l2a=8 l2=512 l3a=16 l3=1024 robc=8 robd=4 robw=64   1.7965   1.0606    48.05    21.39  Strongly Sust.
  bpt=pentium_m l1da=4 l1d=64 l1ia=4 l1i=16 l2a=8 l2=512 l3a=8 l3=1024 robc=10 robd=2 robw=64   2.5978   1.0606    41.00    15.54  Strongly Sust.
  bpt=nn l1da=4 l1d=64 l1ia=4 l1i=32 l2a=8 l2=512 l3a=4 l3=1024 nnbl=64 nnlr=0.0005 robc=8 robd=2 robw=32   2.6225   1.0606    41.18    15.37  Strongly Sust.
  bpt=tage l1da=8 l1d=64 l1ia=4 l1i=32 l2a=4 l2=256 l3a=8 l3=1024 robc=2 robd=2 robw=32   2.7856   1.0019    38.83    14.70  Strongly Sust.
  bpt=nn l1da=4 l1d=32 l1ia=4 l1i=64 l2a=4 l2=256 l3a=4 l3=1024 nnbl=16 nnlr=0.005 robc=2 robd=2 robw=16   2.9891   1.0002    34.74    14.08  Strongly Sust.
  bpt=nn l1da=4 l1d=32 l1ia=4 l1i=16 l2a=4 l2=256 l3a=4 l3=1024 nnbl=16 nnlr=0.005 robc=10 robd=2 robw=16   3.0249   1.0002    33.91    13.99  Strongly Sust.
  bpt=nn l1da=4 l1d=16 l1ia=4 l1i=32 l2a=4 l2=256 l3a=4 l3=1024 nnbl=16 nnlr=0.005 robc=10 robd=2 robw=16   3.0264   0.9993    33.96    13.97  Strongly Sust.
  bpt=nn l1da=4 l1d=16 l1ia=4 l1i=32 l2a=4 l2=256 l3a=4 l3=1024 nnbl=64 nnlr=0.005 robc=10 robd=2 robw=16   3.0272   0.9977    33.96    13.97  Strongly Sust.
  bpt=nn l1da=4 l1d=32 l1ia=4 l1i=16 l2a=4 l2=256 l3a=4 l3=1024 nnbl=16 nnlr=0.0005 robc=10 robd=2 robw=16   3.0284   0.9932    33.91    13.97  Strongly Sust.
  bp=2048 bpt=a53 l1da=4 l1d=64 l1ia=4 l1i=32 l2a=4 l2=128 l3a=4 l3=1024 nhist=4 robc=8 robd=2 robw=32   3.0444   0.9746    33.43    13.94  Strongly Sust.
  bp=2048 bpt=a53 l1da=4 l1d=64 l1ia=4 l1i=32 l2a=4 l2=128 l3a=4 l3=1024 nhist=4 robc=8 robd=2 robw=16   3.0873   0.9746    33.35    13.75  Strongly Sust.
  bp=512 bpt=a53 l1da=4 l1d=64 l1ia=4 l1i=32 l2a=4 l2=128 l3a=4 l3=1024 nhist=4 robc=8 robd=2 robw=16   3.0873   0.9746    33.35    13.75  Strongly Sust.
  bpt=tage l1da=4 l1d=16 l1ia=4 l1i=32 l2a=4 l2=128 l3a=4 l3=1024 robc=10 robd=2 robw=16   3.1136   0.9724    32.98    13.67  Strongly Sust.
  bpt=nn l1da=4 l1d=16 l1ia=4 l1i=32 l2a=4 l2=128 l3a=4 l3=1024 nnbl=64 nnlr=0.005 robc=10 robd=2 robw=16   3.1149   0.9699    32.98    13.66  Strongly Sust.
  bpt=nn l1da=4 l1d=16 l1ia=4 l1i=32 l2a=4 l2=128 l3a=4 l3=1024 nnbl=64 nnlr=0.001 robc=10 robd=2 robw=16   3.1153   0.9692    32.98    13.66  Strongly Sust.
  Ran sniper 1 time this iteration (178 total).

=== Iteration 173 ===
  Evaluating 1 configuration(s) (top acquisition score of 400 candidates)...
  [mesmo] bpt=nn l1da=4 l1d=16 l1ia=4 l1i=32 l2a=4 l2=128 l3a=4 l3=1024 nnbl=16 nnlr=0.001 robc=10 robd=2 robw=16  ASI= 3.1144  S=0.9709  A=  32.98  P= 13.67  [Strongly Sust.]

  Pareto front after iteration 173 (23 points, HV=3.2727):
  Params                                  ASI  Speedup     Area  PeakPow  Region
  ──────────────────────────────────────────────────────────────────────────────
  bpt=pentium_m l1da=8 l1d=64 l1ia=4 l1i=64 l2a=8 l2=512 l3a=4 l3=2048 robc=8 robd=4 robw=1024   0.2219   1.0609    72.96   142.35  Unsustainable
  bpt=pentium_m l1da=8 l1d=64 l1ia=8 l1i=16 l2a=4 l2=512 l3a=8 l3=4096 robc=10 robd=2 robw=1024   0.8626   1.0609    70.94    37.26  Unsustainable
  bpt=pentium_m l1da=4 l1d=64 l1ia=4 l1i=16 l2a=8 l2=512 l3a=16 l3=1024 robc=2 robd=2 robw=1024   1.1369   1.0609    47.72    33.88  Strongly Sust.
  bpt=pentium_m l1da=8 l1d=64 l1ia=8 l1i=16 l2a=8 l2=512 l3a=16 l3=1024 robc=10 robd=2 robw=512   1.5034   1.0608    50.78    25.06  Strongly Sust.
  bpt=pentium_m l1da=4 l1d=64 l1ia=8 l1i=64 l2a=8 l2=512 l3a=16 l3=2048 robc=10 robd=4 robw=128   1.6488   1.0608    53.40    22.41  Strongly Sust.
  bpt=pentium_m l1da=4 l1d=64 l1ia=8 l1i=64 l2a=8 l2=512 l3a=16 l3=2048 robc=8 robd=4 robw=128   1.6488   1.0607    53.40    22.41  Strongly Sust.
  bpt=pentium_m l1da=8 l1d=64 l1ia=8 l1i=64 l2a=8 l2=512 l3a=16 l3=4096 robc=8 robd=2 robw=32   1.7692   1.0606    66.61    18.84  Strongly Sust.
  bpt=pentium_m l1da=4 l1d=64 l1ia=8 l1i=32 l2a=8 l2=512 l3a=16 l3=1024 robc=8 robd=4 robw=64   1.7965   1.0606    48.05    21.39  Strongly Sust.
  bpt=pentium_m l1da=4 l1d=64 l1ia=4 l1i=16 l2a=8 l2=512 l3a=8 l3=1024 robc=10 robd=2 robw=64   2.5978   1.0606    41.00    15.54  Strongly Sust.
  bpt=nn l1da=4 l1d=64 l1ia=4 l1i=32 l2a=8 l2=512 l3a=4 l3=1024 nnbl=64 nnlr=0.0005 robc=8 robd=2 robw=32   2.6225   1.0606    41.18    15.37  Strongly Sust.
  bpt=tage l1da=8 l1d=64 l1ia=4 l1i=32 l2a=4 l2=256 l3a=8 l3=1024 robc=2 robd=2 robw=32   2.7856   1.0019    38.83    14.70  Strongly Sust.
  bpt=nn l1da=4 l1d=32 l1ia=4 l1i=64 l2a=4 l2=256 l3a=4 l3=1024 nnbl=16 nnlr=0.005 robc=2 robd=2 robw=16   2.9891   1.0002    34.74    14.08  Strongly Sust.
  bpt=nn l1da=4 l1d=32 l1ia=4 l1i=16 l2a=4 l2=256 l3a=4 l3=1024 nnbl=16 nnlr=0.005 robc=10 robd=2 robw=16   3.0249   1.0002    33.91    13.99  Strongly Sust.
  bpt=nn l1da=4 l1d=16 l1ia=4 l1i=32 l2a=4 l2=256 l3a=4 l3=1024 nnbl=16 nnlr=0.005 robc=10 robd=2 robw=16   3.0264   0.9993    33.96    13.97  Strongly Sust.
  bpt=nn l1da=4 l1d=16 l1ia=4 l1i=32 l2a=4 l2=256 l3a=4 l3=1024 nnbl=64 nnlr=0.005 robc=10 robd=2 robw=16   3.0272   0.9977    33.96    13.97  Strongly Sust.
  bpt=nn l1da=4 l1d=32 l1ia=4 l1i=16 l2a=4 l2=256 l3a=4 l3=1024 nnbl=16 nnlr=0.0005 robc=10 robd=2 robw=16   3.0284   0.9932    33.91    13.97  Strongly Sust.
  bp=2048 bpt=a53 l1da=4 l1d=64 l1ia=4 l1i=32 l2a=4 l2=128 l3a=4 l3=1024 nhist=4 robc=8 robd=2 robw=32   3.0444   0.9746    33.43    13.94  Strongly Sust.
  bp=2048 bpt=a53 l1da=4 l1d=64 l1ia=4 l1i=32 l2a=4 l2=128 l3a=4 l3=1024 nhist=4 robc=8 robd=2 robw=16   3.0873   0.9746    33.35    13.75  Strongly Sust.
  bp=512 bpt=a53 l1da=4 l1d=64 l1ia=4 l1i=32 l2a=4 l2=128 l3a=4 l3=1024 nhist=4 robc=8 robd=2 robw=16   3.0873   0.9746    33.35    13.75  Strongly Sust.
  bpt=tage l1da=4 l1d=16 l1ia=4 l1i=32 l2a=4 l2=128 l3a=4 l3=1024 robc=10 robd=2 robw=16   3.1136   0.9724    32.98    13.67  Strongly Sust.
  bpt=nn l1da=4 l1d=16 l1ia=4 l1i=32 l2a=4 l2=128 l3a=4 l3=1024 nnbl=16 nnlr=0.001 robc=10 robd=2 robw=16   3.1144   0.9709    32.98    13.67  Strongly Sust.
  bpt=nn l1da=4 l1d=16 l1ia=4 l1i=32 l2a=4 l2=128 l3a=4 l3=1024 nnbl=64 nnlr=0.005 robc=10 robd=2 robw=16   3.1149   0.9699    32.98    13.66  Strongly Sust.
  bpt=nn l1da=4 l1d=16 l1ia=4 l1i=32 l2a=4 l2=128 l3a=4 l3=1024 nnbl=64 nnlr=0.001 robc=10 robd=2 robw=16   3.1153   0.9692    32.98    13.66  Strongly Sust.
  Ran sniper 1 time this iteration (179 total).

=== Iteration 174 ===
  Evaluating 1 configuration(s) (top acquisition score of 400 candidates)...
  [mesmo] bpt=pentium_m l1da=8 l1d=16 l1ia=8 l1i=32 l2a=8 l2=512 l3a=4 l3=1024 robc=10 robd=8 robw=32  ASI= 0.8717  S=1.0582  A=  57.37  P= 41.15  [Unsustainable]
  Deleted 1 non-Pareto output directory.

  Pareto front after iteration 174 (23 points, HV=3.2727):
  Params                                  ASI  Speedup     Area  PeakPow  Region
  ──────────────────────────────────────────────────────────────────────────────
  bpt=pentium_m l1da=8 l1d=64 l1ia=4 l1i=64 l2a=8 l2=512 l3a=4 l3=2048 robc=8 robd=4 robw=1024   0.2219   1.0609    72.96   142.35  Unsustainable
  bpt=pentium_m l1da=8 l1d=64 l1ia=8 l1i=16 l2a=4 l2=512 l3a=8 l3=4096 robc=10 robd=2 robw=1024   0.8626   1.0609    70.94    37.26  Unsustainable
  bpt=pentium_m l1da=4 l1d=64 l1ia=4 l1i=16 l2a=8 l2=512 l3a=16 l3=1024 robc=2 robd=2 robw=1024   1.1369   1.0609    47.72    33.88  Strongly Sust.
  bpt=pentium_m l1da=8 l1d=64 l1ia=8 l1i=16 l2a=8 l2=512 l3a=16 l3=1024 robc=10 robd=2 robw=512   1.5034   1.0608    50.78    25.06  Strongly Sust.
  bpt=pentium_m l1da=4 l1d=64 l1ia=8 l1i=64 l2a=8 l2=512 l3a=16 l3=2048 robc=10 robd=4 robw=128   1.6488   1.0608    53.40    22.41  Strongly Sust.
  bpt=pentium_m l1da=4 l1d=64 l1ia=8 l1i=64 l2a=8 l2=512 l3a=16 l3=2048 robc=8 robd=4 robw=128   1.6488   1.0607    53.40    22.41  Strongly Sust.
  bpt=pentium_m l1da=8 l1d=64 l1ia=8 l1i=64 l2a=8 l2=512 l3a=16 l3=4096 robc=8 robd=2 robw=32   1.7692   1.0606    66.61    18.84  Strongly Sust.
  bpt=pentium_m l1da=4 l1d=64 l1ia=8 l1i=32 l2a=8 l2=512 l3a=16 l3=1024 robc=8 robd=4 robw=64   1.7965   1.0606    48.05    21.39  Strongly Sust.
  bpt=pentium_m l1da=4 l1d=64 l1ia=4 l1i=16 l2a=8 l2=512 l3a=8 l3=1024 robc=10 robd=2 robw=64   2.5978   1.0606    41.00    15.54  Strongly Sust.
  bpt=nn l1da=4 l1d=64 l1ia=4 l1i=32 l2a=8 l2=512 l3a=4 l3=1024 nnbl=64 nnlr=0.0005 robc=8 robd=2 robw=32   2.6225   1.0606    41.18    15.37  Strongly Sust.
  bpt=tage l1da=8 l1d=64 l1ia=4 l1i=32 l2a=4 l2=256 l3a=8 l3=1024 robc=2 robd=2 robw=32   2.7856   1.0019    38.83    14.70  Strongly Sust.
  bpt=nn l1da=4 l1d=32 l1ia=4 l1i=64 l2a=4 l2=256 l3a=4 l3=1024 nnbl=16 nnlr=0.005 robc=2 robd=2 robw=16   2.9891   1.0002    34.74    14.08  Strongly Sust.
  bpt=nn l1da=4 l1d=32 l1ia=4 l1i=16 l2a=4 l2=256 l3a=4 l3=1024 nnbl=16 nnlr=0.005 robc=10 robd=2 robw=16   3.0249   1.0002    33.91    13.99  Strongly Sust.
  bpt=nn l1da=4 l1d=16 l1ia=4 l1i=32 l2a=4 l2=256 l3a=4 l3=1024 nnbl=16 nnlr=0.005 robc=10 robd=2 robw=16   3.0264   0.9993    33.96    13.97  Strongly Sust.
  bpt=nn l1da=4 l1d=16 l1ia=4 l1i=32 l2a=4 l2=256 l3a=4 l3=1024 nnbl=64 nnlr=0.005 robc=10 robd=2 robw=16   3.0272   0.9977    33.96    13.97  Strongly Sust.
  bpt=nn l1da=4 l1d=32 l1ia=4 l1i=16 l2a=4 l2=256 l3a=4 l3=1024 nnbl=16 nnlr=0.0005 robc=10 robd=2 robw=16   3.0284   0.9932    33.91    13.97  Strongly Sust.
  bp=2048 bpt=a53 l1da=4 l1d=64 l1ia=4 l1i=32 l2a=4 l2=128 l3a=4 l3=1024 nhist=4 robc=8 robd=2 robw=32   3.0444   0.9746    33.43    13.94  Strongly Sust.
  bp=2048 bpt=a53 l1da=4 l1d=64 l1ia=4 l1i=32 l2a=4 l2=128 l3a=4 l3=1024 nhist=4 robc=8 robd=2 robw=16   3.0873   0.9746    33.35    13.75  Strongly Sust.
  bp=512 bpt=a53 l1da=4 l1d=64 l1ia=4 l1i=32 l2a=4 l2=128 l3a=4 l3=1024 nhist=4 robc=8 robd=2 robw=16   3.0873   0.9746    33.35    13.75  Strongly Sust.
  bpt=tage l1da=4 l1d=16 l1ia=4 l1i=32 l2a=4 l2=128 l3a=4 l3=1024 robc=10 robd=2 robw=16   3.1136   0.9724    32.98    13.67  Strongly Sust.
  bpt=nn l1da=4 l1d=16 l1ia=4 l1i=32 l2a=4 l2=128 l3a=4 l3=1024 nnbl=16 nnlr=0.001 robc=10 robd=2 robw=16   3.1144   0.9709    32.98    13.67  Strongly Sust.
  bpt=nn l1da=4 l1d=16 l1ia=4 l1i=32 l2a=4 l2=128 l3a=4 l3=1024 nnbl=64 nnlr=0.005 robc=10 robd=2 robw=16   3.1149   0.9699    32.98    13.66  Strongly Sust.
  bpt=nn l1da=4 l1d=16 l1ia=4 l1i=32 l2a=4 l2=128 l3a=4 l3=1024 nnbl=64 nnlr=0.001 robc=10 robd=2 robw=16   3.1153   0.9692    32.98    13.66  Strongly Sust.
  Ran sniper 1 time this iteration (180 total).

=== Iteration 175 ===
  Evaluating 1 configuration(s) (top acquisition score of 400 candidates)...
  [mesmo] bpt=pentium_m l1da=4 l1d=64 l1ia=8 l1i=16 l2a=4 l2=512 l3a=16 l3=2048 robc=4 robd=8 robw=32  ASI= 0.8413  S=1.0605  A=  60.89  P= 41.48  [Unsustainable]
  Deleted 1 non-Pareto output directory.

  Pareto front after iteration 175 (23 points, HV=3.2727):
  Params                                  ASI  Speedup     Area  PeakPow  Region
  ──────────────────────────────────────────────────────────────────────────────
  bpt=pentium_m l1da=8 l1d=64 l1ia=4 l1i=64 l2a=8 l2=512 l3a=4 l3=2048 robc=8 robd=4 robw=1024   0.2219   1.0609    72.96   142.35  Unsustainable
  bpt=pentium_m l1da=8 l1d=64 l1ia=8 l1i=16 l2a=4 l2=512 l3a=8 l3=4096 robc=10 robd=2 robw=1024   0.8626   1.0609    70.94    37.26  Unsustainable
  bpt=pentium_m l1da=4 l1d=64 l1ia=4 l1i=16 l2a=8 l2=512 l3a=16 l3=1024 robc=2 robd=2 robw=1024   1.1369   1.0609    47.72    33.88  Strongly Sust.
  bpt=pentium_m l1da=8 l1d=64 l1ia=8 l1i=16 l2a=8 l2=512 l3a=16 l3=1024 robc=10 robd=2 robw=512   1.5034   1.0608    50.78    25.06  Strongly Sust.
  bpt=pentium_m l1da=4 l1d=64 l1ia=8 l1i=64 l2a=8 l2=512 l3a=16 l3=2048 robc=10 robd=4 robw=128   1.6488   1.0608    53.40    22.41  Strongly Sust.
  bpt=pentium_m l1da=4 l1d=64 l1ia=8 l1i=64 l2a=8 l2=512 l3a=16 l3=2048 robc=8 robd=4 robw=128   1.6488   1.0607    53.40    22.41  Strongly Sust.
  bpt=pentium_m l1da=8 l1d=64 l1ia=8 l1i=64 l2a=8 l2=512 l3a=16 l3=4096 robc=8 robd=2 robw=32   1.7692   1.0606    66.61    18.84  Strongly Sust.
  bpt=pentium_m l1da=4 l1d=64 l1ia=8 l1i=32 l2a=8 l2=512 l3a=16 l3=1024 robc=8 robd=4 robw=64   1.7965   1.0606    48.05    21.39  Strongly Sust.
  bpt=pentium_m l1da=4 l1d=64 l1ia=4 l1i=16 l2a=8 l2=512 l3a=8 l3=1024 robc=10 robd=2 robw=64   2.5978   1.0606    41.00    15.54  Strongly Sust.
  bpt=nn l1da=4 l1d=64 l1ia=4 l1i=32 l2a=8 l2=512 l3a=4 l3=1024 nnbl=64 nnlr=0.0005 robc=8 robd=2 robw=32   2.6225   1.0606    41.18    15.37  Strongly Sust.
  bpt=tage l1da=8 l1d=64 l1ia=4 l1i=32 l2a=4 l2=256 l3a=8 l3=1024 robc=2 robd=2 robw=32   2.7856   1.0019    38.83    14.70  Strongly Sust.
  bpt=nn l1da=4 l1d=32 l1ia=4 l1i=64 l2a=4 l2=256 l3a=4 l3=1024 nnbl=16 nnlr=0.005 robc=2 robd=2 robw=16   2.9891   1.0002    34.74    14.08  Strongly Sust.
  bpt=nn l1da=4 l1d=32 l1ia=4 l1i=16 l2a=4 l2=256 l3a=4 l3=1024 nnbl=16 nnlr=0.005 robc=10 robd=2 robw=16   3.0249   1.0002    33.91    13.99  Strongly Sust.
  bpt=nn l1da=4 l1d=16 l1ia=4 l1i=32 l2a=4 l2=256 l3a=4 l3=1024 nnbl=16 nnlr=0.005 robc=10 robd=2 robw=16   3.0264   0.9993    33.96    13.97  Strongly Sust.
  bpt=nn l1da=4 l1d=16 l1ia=4 l1i=32 l2a=4 l2=256 l3a=4 l3=1024 nnbl=64 nnlr=0.005 robc=10 robd=2 robw=16   3.0272   0.9977    33.96    13.97  Strongly Sust.
  bpt=nn l1da=4 l1d=32 l1ia=4 l1i=16 l2a=4 l2=256 l3a=4 l3=1024 nnbl=16 nnlr=0.0005 robc=10 robd=2 robw=16   3.0284   0.9932    33.91    13.97  Strongly Sust.
  bp=2048 bpt=a53 l1da=4 l1d=64 l1ia=4 l1i=32 l2a=4 l2=128 l3a=4 l3=1024 nhist=4 robc=8 robd=2 robw=32   3.0444   0.9746    33.43    13.94  Strongly Sust.
  bp=2048 bpt=a53 l1da=4 l1d=64 l1ia=4 l1i=32 l2a=4 l2=128 l3a=4 l3=1024 nhist=4 robc=8 robd=2 robw=16   3.0873   0.9746    33.35    13.75  Strongly Sust.
  bp=512 bpt=a53 l1da=4 l1d=64 l1ia=4 l1i=32 l2a=4 l2=128 l3a=4 l3=1024 nhist=4 robc=8 robd=2 robw=16   3.0873   0.9746    33.35    13.75  Strongly Sust.
  bpt=tage l1da=4 l1d=16 l1ia=4 l1i=32 l2a=4 l2=128 l3a=4 l3=1024 robc=10 robd=2 robw=16   3.1136   0.9724    32.98    13.67  Strongly Sust.
  bpt=nn l1da=4 l1d=16 l1ia=4 l1i=32 l2a=4 l2=128 l3a=4 l3=1024 nnbl=16 nnlr=0.001 robc=10 robd=2 robw=16   3.1144   0.9709    32.98    13.67  Strongly Sust.
  bpt=nn l1da=4 l1d=16 l1ia=4 l1i=32 l2a=4 l2=128 l3a=4 l3=1024 nnbl=64 nnlr=0.005 robc=10 robd=2 robw=16   3.1149   0.9699    32.98    13.66  Strongly Sust.
  bpt=nn l1da=4 l1d=16 l1ia=4 l1i=32 l2a=4 l2=128 l3a=4 l3=1024 nnbl=64 nnlr=0.001 robc=10 robd=2 robw=16   3.1153   0.9692    32.98    13.66  Strongly Sust.
  Ran sniper 1 time this iteration (181 total).

=== Iteration 176 ===
  Evaluating 1 configuration(s) (top acquisition score of 400 candidates)...
  [mesmo] bp=2048 bpt=a53 l1da=4 l1d=64 l1ia=4 l1i=32 l2a=4 l2=128 l3a=4 l3=1024 nhist=4 robc=8 robd=2 robw=64  ASI= 3.0047  S=0.9746  A=  33.49  P= 14.12  [Strongly Sust.]
  Deleted 1 non-Pareto output directory.

  Pareto front after iteration 176 (23 points, HV=3.2727):
  Params                                  ASI  Speedup     Area  PeakPow  Region
  ──────────────────────────────────────────────────────────────────────────────
  bpt=pentium_m l1da=8 l1d=64 l1ia=4 l1i=64 l2a=8 l2=512 l3a=4 l3=2048 robc=8 robd=4 robw=1024   0.2219   1.0609    72.96   142.35  Unsustainable
  bpt=pentium_m l1da=8 l1d=64 l1ia=8 l1i=16 l2a=4 l2=512 l3a=8 l3=4096 robc=10 robd=2 robw=1024   0.8626   1.0609    70.94    37.26  Unsustainable
  bpt=pentium_m l1da=4 l1d=64 l1ia=4 l1i=16 l2a=8 l2=512 l3a=16 l3=1024 robc=2 robd=2 robw=1024   1.1369   1.0609    47.72    33.88  Strongly Sust.
  bpt=pentium_m l1da=8 l1d=64 l1ia=8 l1i=16 l2a=8 l2=512 l3a=16 l3=1024 robc=10 robd=2 robw=512   1.5034   1.0608    50.78    25.06  Strongly Sust.
  bpt=pentium_m l1da=4 l1d=64 l1ia=8 l1i=64 l2a=8 l2=512 l3a=16 l3=2048 robc=10 robd=4 robw=128   1.6488   1.0608    53.40    22.41  Strongly Sust.
  bpt=pentium_m l1da=4 l1d=64 l1ia=8 l1i=64 l2a=8 l2=512 l3a=16 l3=2048 robc=8 robd=4 robw=128   1.6488   1.0607    53.40    22.41  Strongly Sust.
  bpt=pentium_m l1da=8 l1d=64 l1ia=8 l1i=64 l2a=8 l2=512 l3a=16 l3=4096 robc=8 robd=2 robw=32   1.7692   1.0606    66.61    18.84  Strongly Sust.
  bpt=pentium_m l1da=4 l1d=64 l1ia=8 l1i=32 l2a=8 l2=512 l3a=16 l3=1024 robc=8 robd=4 robw=64   1.7965   1.0606    48.05    21.39  Strongly Sust.
  bpt=pentium_m l1da=4 l1d=64 l1ia=4 l1i=16 l2a=8 l2=512 l3a=8 l3=1024 robc=10 robd=2 robw=64   2.5978   1.0606    41.00    15.54  Strongly Sust.
  bpt=nn l1da=4 l1d=64 l1ia=4 l1i=32 l2a=8 l2=512 l3a=4 l3=1024 nnbl=64 nnlr=0.0005 robc=8 robd=2 robw=32   2.6225   1.0606    41.18    15.37  Strongly Sust.
  bpt=tage l1da=8 l1d=64 l1ia=4 l1i=32 l2a=4 l2=256 l3a=8 l3=1024 robc=2 robd=2 robw=32   2.7856   1.0019    38.83    14.70  Strongly Sust.
  bpt=nn l1da=4 l1d=32 l1ia=4 l1i=64 l2a=4 l2=256 l3a=4 l3=1024 nnbl=16 nnlr=0.005 robc=2 robd=2 robw=16   2.9891   1.0002    34.74    14.08  Strongly Sust.
  bpt=nn l1da=4 l1d=32 l1ia=4 l1i=16 l2a=4 l2=256 l3a=4 l3=1024 nnbl=16 nnlr=0.005 robc=10 robd=2 robw=16   3.0249   1.0002    33.91    13.99  Strongly Sust.
  bpt=nn l1da=4 l1d=16 l1ia=4 l1i=32 l2a=4 l2=256 l3a=4 l3=1024 nnbl=16 nnlr=0.005 robc=10 robd=2 robw=16   3.0264   0.9993    33.96    13.97  Strongly Sust.
  bpt=nn l1da=4 l1d=16 l1ia=4 l1i=32 l2a=4 l2=256 l3a=4 l3=1024 nnbl=64 nnlr=0.005 robc=10 robd=2 robw=16   3.0272   0.9977    33.96    13.97  Strongly Sust.
  bpt=nn l1da=4 l1d=32 l1ia=4 l1i=16 l2a=4 l2=256 l3a=4 l3=1024 nnbl=16 nnlr=0.0005 robc=10 robd=2 robw=16   3.0284   0.9932    33.91    13.97  Strongly Sust.
  bp=2048 bpt=a53 l1da=4 l1d=64 l1ia=4 l1i=32 l2a=4 l2=128 l3a=4 l3=1024 nhist=4 robc=8 robd=2 robw=32   3.0444   0.9746    33.43    13.94  Strongly Sust.
  bp=2048 bpt=a53 l1da=4 l1d=64 l1ia=4 l1i=32 l2a=4 l2=128 l3a=4 l3=1024 nhist=4 robc=8 robd=2 robw=16   3.0873   0.9746    33.35    13.75  Strongly Sust.
  bp=512 bpt=a53 l1da=4 l1d=64 l1ia=4 l1i=32 l2a=4 l2=128 l3a=4 l3=1024 nhist=4 robc=8 robd=2 robw=16   3.0873   0.9746    33.35    13.75  Strongly Sust.
  bpt=tage l1da=4 l1d=16 l1ia=4 l1i=32 l2a=4 l2=128 l3a=4 l3=1024 robc=10 robd=2 robw=16   3.1136   0.9724    32.98    13.67  Strongly Sust.
  bpt=nn l1da=4 l1d=16 l1ia=4 l1i=32 l2a=4 l2=128 l3a=4 l3=1024 nnbl=16 nnlr=0.001 robc=10 robd=2 robw=16   3.1144   0.9709    32.98    13.67  Strongly Sust.
  bpt=nn l1da=4 l1d=16 l1ia=4 l1i=32 l2a=4 l2=128 l3a=4 l3=1024 nnbl=64 nnlr=0.005 robc=10 robd=2 robw=16   3.1149   0.9699    32.98    13.66  Strongly Sust.
  bpt=nn l1da=4 l1d=16 l1ia=4 l1i=32 l2a=4 l2=128 l3a=4 l3=1024 nnbl=64 nnlr=0.001 robc=10 robd=2 robw=16   3.1153   0.9692    32.98    13.66  Strongly Sust.
  Ran sniper 1 time this iteration (182 total).

=== Iteration 177 ===
  Evaluating 1 configuration(s) (top acquisition score of 400 candidates)...
  [mesmo] bp=2048 bpt=a53 l1da=4 l1d=64 l1ia=4 l1i=64 l2a=4 l2=128 l3a=4 l3=1024 nhist=4 robc=8 robd=2 robw=16  ASI= 3.0605  S=0.9746  A=  33.94  P= 13.82  [Strongly Sust.]
  Deleted 1 non-Pareto output directory.

  Pareto front after iteration 177 (23 points, HV=3.2727):
  Params                                  ASI  Speedup     Area  PeakPow  Region
  ──────────────────────────────────────────────────────────────────────────────
  bpt=pentium_m l1da=8 l1d=64 l1ia=4 l1i=64 l2a=8 l2=512 l3a=4 l3=2048 robc=8 robd=4 robw=1024   0.2219   1.0609    72.96   142.35  Unsustainable
  bpt=pentium_m l1da=8 l1d=64 l1ia=8 l1i=16 l2a=4 l2=512 l3a=8 l3=4096 robc=10 robd=2 robw=1024   0.8626   1.0609    70.94    37.26  Unsustainable
  bpt=pentium_m l1da=4 l1d=64 l1ia=4 l1i=16 l2a=8 l2=512 l3a=16 l3=1024 robc=2 robd=2 robw=1024   1.1369   1.0609    47.72    33.88  Strongly Sust.
  bpt=pentium_m l1da=8 l1d=64 l1ia=8 l1i=16 l2a=8 l2=512 l3a=16 l3=1024 robc=10 robd=2 robw=512   1.5034   1.0608    50.78    25.06  Strongly Sust.
  bpt=pentium_m l1da=4 l1d=64 l1ia=8 l1i=64 l2a=8 l2=512 l3a=16 l3=2048 robc=10 robd=4 robw=128   1.6488   1.0608    53.40    22.41  Strongly Sust.
  bpt=pentium_m l1da=4 l1d=64 l1ia=8 l1i=64 l2a=8 l2=512 l3a=16 l3=2048 robc=8 robd=4 robw=128   1.6488   1.0607    53.40    22.41  Strongly Sust.
  bpt=pentium_m l1da=8 l1d=64 l1ia=8 l1i=64 l2a=8 l2=512 l3a=16 l3=4096 robc=8 robd=2 robw=32   1.7692   1.0606    66.61    18.84  Strongly Sust.
  bpt=pentium_m l1da=4 l1d=64 l1ia=8 l1i=32 l2a=8 l2=512 l3a=16 l3=1024 robc=8 robd=4 robw=64   1.7965   1.0606    48.05    21.39  Strongly Sust.
  bpt=pentium_m l1da=4 l1d=64 l1ia=4 l1i=16 l2a=8 l2=512 l3a=8 l3=1024 robc=10 robd=2 robw=64   2.5978   1.0606    41.00    15.54  Strongly Sust.
  bpt=nn l1da=4 l1d=64 l1ia=4 l1i=32 l2a=8 l2=512 l3a=4 l3=1024 nnbl=64 nnlr=0.0005 robc=8 robd=2 robw=32   2.6225   1.0606    41.18    15.37  Strongly Sust.
  bpt=tage l1da=8 l1d=64 l1ia=4 l1i=32 l2a=4 l2=256 l3a=8 l3=1024 robc=2 robd=2 robw=32   2.7856   1.0019    38.83    14.70  Strongly Sust.
  bpt=nn l1da=4 l1d=32 l1ia=4 l1i=64 l2a=4 l2=256 l3a=4 l3=1024 nnbl=16 nnlr=0.005 robc=2 robd=2 robw=16   2.9891   1.0002    34.74    14.08  Strongly Sust.
  bpt=nn l1da=4 l1d=32 l1ia=4 l1i=16 l2a=4 l2=256 l3a=4 l3=1024 nnbl=16 nnlr=0.005 robc=10 robd=2 robw=16   3.0249   1.0002    33.91    13.99  Strongly Sust.
  bpt=nn l1da=4 l1d=16 l1ia=4 l1i=32 l2a=4 l2=256 l3a=4 l3=1024 nnbl=16 nnlr=0.005 robc=10 robd=2 robw=16   3.0264   0.9993    33.96    13.97  Strongly Sust.
  bpt=nn l1da=4 l1d=16 l1ia=4 l1i=32 l2a=4 l2=256 l3a=4 l3=1024 nnbl=64 nnlr=0.005 robc=10 robd=2 robw=16   3.0272   0.9977    33.96    13.97  Strongly Sust.
  bpt=nn l1da=4 l1d=32 l1ia=4 l1i=16 l2a=4 l2=256 l3a=4 l3=1024 nnbl=16 nnlr=0.0005 robc=10 robd=2 robw=16   3.0284   0.9932    33.91    13.97  Strongly Sust.
  bp=2048 bpt=a53 l1da=4 l1d=64 l1ia=4 l1i=32 l2a=4 l2=128 l3a=4 l3=1024 nhist=4 robc=8 robd=2 robw=32   3.0444   0.9746    33.43    13.94  Strongly Sust.
  bp=2048 bpt=a53 l1da=4 l1d=64 l1ia=4 l1i=32 l2a=4 l2=128 l3a=4 l3=1024 nhist=4 robc=8 robd=2 robw=16   3.0873   0.9746    33.35    13.75  Strongly Sust.
  bp=512 bpt=a53 l1da=4 l1d=64 l1ia=4 l1i=32 l2a=4 l2=128 l3a=4 l3=1024 nhist=4 robc=8 robd=2 robw=16   3.0873   0.9746    33.35    13.75  Strongly Sust.
  bpt=tage l1da=4 l1d=16 l1ia=4 l1i=32 l2a=4 l2=128 l3a=4 l3=1024 robc=10 robd=2 robw=16   3.1136   0.9724    32.98    13.67  Strongly Sust.
  bpt=nn l1da=4 l1d=16 l1ia=4 l1i=32 l2a=4 l2=128 l3a=4 l3=1024 nnbl=16 nnlr=0.001 robc=10 robd=2 robw=16   3.1144   0.9709    32.98    13.67  Strongly Sust.
  bpt=nn l1da=4 l1d=16 l1ia=4 l1i=32 l2a=4 l2=128 l3a=4 l3=1024 nnbl=64 nnlr=0.005 robc=10 robd=2 robw=16   3.1149   0.9699    32.98    13.66  Strongly Sust.
  bpt=nn l1da=4 l1d=16 l1ia=4 l1i=32 l2a=4 l2=128 l3a=4 l3=1024 nnbl=64 nnlr=0.001 robc=10 robd=2 robw=16   3.1153   0.9692    32.98    13.66  Strongly Sust.
  Ran sniper 1 time this iteration (183 total).

=== Iteration 178 ===
  Evaluating 1 configuration(s) (top acquisition score of 400 candidates)...
  [mesmo] bp=512 bpt=a53 l1da=4 l1d=16 l1ia=8 l1i=64 l2a=4 l2=512 l3a=16 l3=8192 nhist=3 robc=8 robd=10 robw=16  ASI= 0.3595  S=1.0582  A= 110.14  P= 59.48  [Unsustainable]
  Deleted 1 non-Pareto output directory.

  Pareto front after iteration 178 (23 points, HV=3.2727):
  Params                                  ASI  Speedup     Area  PeakPow  Region
  ──────────────────────────────────────────────────────────────────────────────
  bpt=pentium_m l1da=8 l1d=64 l1ia=4 l1i=64 l2a=8 l2=512 l3a=4 l3=2048 robc=8 robd=4 robw=1024   0.2219   1.0609    72.96   142.35  Unsustainable
  bpt=pentium_m l1da=8 l1d=64 l1ia=8 l1i=16 l2a=4 l2=512 l3a=8 l3=4096 robc=10 robd=2 robw=1024   0.8626   1.0609    70.94    37.26  Unsustainable
  bpt=pentium_m l1da=4 l1d=64 l1ia=4 l1i=16 l2a=8 l2=512 l3a=16 l3=1024 robc=2 robd=2 robw=1024   1.1369   1.0609    47.72    33.88  Strongly Sust.
  bpt=pentium_m l1da=8 l1d=64 l1ia=8 l1i=16 l2a=8 l2=512 l3a=16 l3=1024 robc=10 robd=2 robw=512   1.5034   1.0608    50.78    25.06  Strongly Sust.
  bpt=pentium_m l1da=4 l1d=64 l1ia=8 l1i=64 l2a=8 l2=512 l3a=16 l3=2048 robc=10 robd=4 robw=128   1.6488   1.0608    53.40    22.41  Strongly Sust.
  bpt=pentium_m l1da=4 l1d=64 l1ia=8 l1i=64 l2a=8 l2=512 l3a=16 l3=2048 robc=8 robd=4 robw=128   1.6488   1.0607    53.40    22.41  Strongly Sust.
  bpt=pentium_m l1da=8 l1d=64 l1ia=8 l1i=64 l2a=8 l2=512 l3a=16 l3=4096 robc=8 robd=2 robw=32   1.7692   1.0606    66.61    18.84  Strongly Sust.
  bpt=pentium_m l1da=4 l1d=64 l1ia=8 l1i=32 l2a=8 l2=512 l3a=16 l3=1024 robc=8 robd=4 robw=64   1.7965   1.0606    48.05    21.39  Strongly Sust.
  bpt=pentium_m l1da=4 l1d=64 l1ia=4 l1i=16 l2a=8 l2=512 l3a=8 l3=1024 robc=10 robd=2 robw=64   2.5978   1.0606    41.00    15.54  Strongly Sust.
  bpt=nn l1da=4 l1d=64 l1ia=4 l1i=32 l2a=8 l2=512 l3a=4 l3=1024 nnbl=64 nnlr=0.0005 robc=8 robd=2 robw=32   2.6225   1.0606    41.18    15.37  Strongly Sust.
  bpt=tage l1da=8 l1d=64 l1ia=4 l1i=32 l2a=4 l2=256 l3a=8 l3=1024 robc=2 robd=2 robw=32   2.7856   1.0019    38.83    14.70  Strongly Sust.
  bpt=nn l1da=4 l1d=32 l1ia=4 l1i=64 l2a=4 l2=256 l3a=4 l3=1024 nnbl=16 nnlr=0.005 robc=2 robd=2 robw=16   2.9891   1.0002    34.74    14.08  Strongly Sust.
  bpt=nn l1da=4 l1d=32 l1ia=4 l1i=16 l2a=4 l2=256 l3a=4 l3=1024 nnbl=16 nnlr=0.005 robc=10 robd=2 robw=16   3.0249   1.0002    33.91    13.99  Strongly Sust.
  bpt=nn l1da=4 l1d=16 l1ia=4 l1i=32 l2a=4 l2=256 l3a=4 l3=1024 nnbl=16 nnlr=0.005 robc=10 robd=2 robw=16   3.0264   0.9993    33.96    13.97  Strongly Sust.
  bpt=nn l1da=4 l1d=16 l1ia=4 l1i=32 l2a=4 l2=256 l3a=4 l3=1024 nnbl=64 nnlr=0.005 robc=10 robd=2 robw=16   3.0272   0.9977    33.96    13.97  Strongly Sust.
  bpt=nn l1da=4 l1d=32 l1ia=4 l1i=16 l2a=4 l2=256 l3a=4 l3=1024 nnbl=16 nnlr=0.0005 robc=10 robd=2 robw=16   3.0284   0.9932    33.91    13.97  Strongly Sust.
  bp=2048 bpt=a53 l1da=4 l1d=64 l1ia=4 l1i=32 l2a=4 l2=128 l3a=4 l3=1024 nhist=4 robc=8 robd=2 robw=32   3.0444   0.9746    33.43    13.94  Strongly Sust.
  bp=2048 bpt=a53 l1da=4 l1d=64 l1ia=4 l1i=32 l2a=4 l2=128 l3a=4 l3=1024 nhist=4 robc=8 robd=2 robw=16   3.0873   0.9746    33.35    13.75  Strongly Sust.
  bp=512 bpt=a53 l1da=4 l1d=64 l1ia=4 l1i=32 l2a=4 l2=128 l3a=4 l3=1024 nhist=4 robc=8 robd=2 robw=16   3.0873   0.9746    33.35    13.75  Strongly Sust.
  bpt=tage l1da=4 l1d=16 l1ia=4 l1i=32 l2a=4 l2=128 l3a=4 l3=1024 robc=10 robd=2 robw=16   3.1136   0.9724    32.98    13.67  Strongly Sust.
  bpt=nn l1da=4 l1d=16 l1ia=4 l1i=32 l2a=4 l2=128 l3a=4 l3=1024 nnbl=16 nnlr=0.001 robc=10 robd=2 robw=16   3.1144   0.9709    32.98    13.67  Strongly Sust.
  bpt=nn l1da=4 l1d=16 l1ia=4 l1i=32 l2a=4 l2=128 l3a=4 l3=1024 nnbl=64 nnlr=0.005 robc=10 robd=2 robw=16   3.1149   0.9699    32.98    13.66  Strongly Sust.
  bpt=nn l1da=4 l1d=16 l1ia=4 l1i=32 l2a=4 l2=128 l3a=4 l3=1024 nnbl=64 nnlr=0.001 robc=10 robd=2 robw=16   3.1153   0.9692    32.98    13.66  Strongly Sust.
  Ran sniper 1 time this iteration (184 total).

=== Iteration 179 ===
  Evaluating 1 configuration(s) (top acquisition score of 400 candidates)...
  [mesmo] bp=1024 bpt=a53 l1da=4 l1d=64 l1ia=8 l1i=32 l2a=8 l2=512 l3a=16 l3=4096 nhist=2 robc=2 robd=2 robw=1024  ASI= 0.9037  S=1.0606  A=  66.59  P= 36.89  [Unsustainable]
  Deleted 1 non-Pareto output directory.

  Pareto front after iteration 179 (23 points, HV=3.2727):
  Params                                  ASI  Speedup     Area  PeakPow  Region
  ──────────────────────────────────────────────────────────────────────────────
  bpt=pentium_m l1da=8 l1d=64 l1ia=4 l1i=64 l2a=8 l2=512 l3a=4 l3=2048 robc=8 robd=4 robw=1024   0.2219   1.0609    72.96   142.35  Unsustainable
  bpt=pentium_m l1da=8 l1d=64 l1ia=8 l1i=16 l2a=4 l2=512 l3a=8 l3=4096 robc=10 robd=2 robw=1024   0.8626   1.0609    70.94    37.26  Unsustainable
  bpt=pentium_m l1da=4 l1d=64 l1ia=4 l1i=16 l2a=8 l2=512 l3a=16 l3=1024 robc=2 robd=2 robw=1024   1.1369   1.0609    47.72    33.88  Strongly Sust.
  bpt=pentium_m l1da=8 l1d=64 l1ia=8 l1i=16 l2a=8 l2=512 l3a=16 l3=1024 robc=10 robd=2 robw=512   1.5034   1.0608    50.78    25.06  Strongly Sust.
  bpt=pentium_m l1da=4 l1d=64 l1ia=8 l1i=64 l2a=8 l2=512 l3a=16 l3=2048 robc=10 robd=4 robw=128   1.6488   1.0608    53.40    22.41  Strongly Sust.
  bpt=pentium_m l1da=4 l1d=64 l1ia=8 l1i=64 l2a=8 l2=512 l3a=16 l3=2048 robc=8 robd=4 robw=128   1.6488   1.0607    53.40    22.41  Strongly Sust.
  bpt=pentium_m l1da=8 l1d=64 l1ia=8 l1i=64 l2a=8 l2=512 l3a=16 l3=4096 robc=8 robd=2 robw=32   1.7692   1.0606    66.61    18.84  Strongly Sust.
  bpt=pentium_m l1da=4 l1d=64 l1ia=8 l1i=32 l2a=8 l2=512 l3a=16 l3=1024 robc=8 robd=4 robw=64   1.7965   1.0606    48.05    21.39  Strongly Sust.
  bpt=pentium_m l1da=4 l1d=64 l1ia=4 l1i=16 l2a=8 l2=512 l3a=8 l3=1024 robc=10 robd=2 robw=64   2.5978   1.0606    41.00    15.54  Strongly Sust.
  bpt=nn l1da=4 l1d=64 l1ia=4 l1i=32 l2a=8 l2=512 l3a=4 l3=1024 nnbl=64 nnlr=0.0005 robc=8 robd=2 robw=32   2.6225   1.0606    41.18    15.37  Strongly Sust.
  bpt=tage l1da=8 l1d=64 l1ia=4 l1i=32 l2a=4 l2=256 l3a=8 l3=1024 robc=2 robd=2 robw=32   2.7856   1.0019    38.83    14.70  Strongly Sust.
  bpt=nn l1da=4 l1d=32 l1ia=4 l1i=64 l2a=4 l2=256 l3a=4 l3=1024 nnbl=16 nnlr=0.005 robc=2 robd=2 robw=16   2.9891   1.0002    34.74    14.08  Strongly Sust.
  bpt=nn l1da=4 l1d=32 l1ia=4 l1i=16 l2a=4 l2=256 l3a=4 l3=1024 nnbl=16 nnlr=0.005 robc=10 robd=2 robw=16   3.0249   1.0002    33.91    13.99  Strongly Sust.
  bpt=nn l1da=4 l1d=16 l1ia=4 l1i=32 l2a=4 l2=256 l3a=4 l3=1024 nnbl=16 nnlr=0.005 robc=10 robd=2 robw=16   3.0264   0.9993    33.96    13.97  Strongly Sust.
  bpt=nn l1da=4 l1d=16 l1ia=4 l1i=32 l2a=4 l2=256 l3a=4 l3=1024 nnbl=64 nnlr=0.005 robc=10 robd=2 robw=16   3.0272   0.9977    33.96    13.97  Strongly Sust.
  bpt=nn l1da=4 l1d=32 l1ia=4 l1i=16 l2a=4 l2=256 l3a=4 l3=1024 nnbl=16 nnlr=0.0005 robc=10 robd=2 robw=16   3.0284   0.9932    33.91    13.97  Strongly Sust.
  bp=2048 bpt=a53 l1da=4 l1d=64 l1ia=4 l1i=32 l2a=4 l2=128 l3a=4 l3=1024 nhist=4 robc=8 robd=2 robw=32   3.0444   0.9746    33.43    13.94  Strongly Sust.
  bp=2048 bpt=a53 l1da=4 l1d=64 l1ia=4 l1i=32 l2a=4 l2=128 l3a=4 l3=1024 nhist=4 robc=8 robd=2 robw=16   3.0873   0.9746    33.35    13.75  Strongly Sust.
  bp=512 bpt=a53 l1da=4 l1d=64 l1ia=4 l1i=32 l2a=4 l2=128 l3a=4 l3=1024 nhist=4 robc=8 robd=2 robw=16   3.0873   0.9746    33.35    13.75  Strongly Sust.
  bpt=tage l1da=4 l1d=16 l1ia=4 l1i=32 l2a=4 l2=128 l3a=4 l3=1024 robc=10 robd=2 robw=16   3.1136   0.9724    32.98    13.67  Strongly Sust.
  bpt=nn l1da=4 l1d=16 l1ia=4 l1i=32 l2a=4 l2=128 l3a=4 l3=1024 nnbl=16 nnlr=0.001 robc=10 robd=2 robw=16   3.1144   0.9709    32.98    13.67  Strongly Sust.
  bpt=nn l1da=4 l1d=16 l1ia=4 l1i=32 l2a=4 l2=128 l3a=4 l3=1024 nnbl=64 nnlr=0.005 robc=10 robd=2 robw=16   3.1149   0.9699    32.98    13.66  Strongly Sust.
  bpt=nn l1da=4 l1d=16 l1ia=4 l1i=32 l2a=4 l2=128 l3a=4 l3=1024 nnbl=64 nnlr=0.001 robc=10 robd=2 robw=16   3.1153   0.9692    32.98    13.66  Strongly Sust.
  Ran sniper 1 time this iteration (185 total).

=== Iteration 180 ===
  Evaluating 1 configuration(s) (top acquisition score of 400 candidates)...
  [mesmo] bp=2048 bpt=a53 l1da=4 l1d=64 l1ia=4 l1i=32 l2a=4 l2=128 l3a=4 l3=1024 nhist=4 robc=8 robd=2 robw=256  ASI= 2.9331  S=0.9746  A=  33.67  P= 14.45  [Strongly Sust.]
  Deleted 1 non-Pareto output directory.

  Pareto front after iteration 180 (23 points, HV=3.2727):
  Params                                  ASI  Speedup     Area  PeakPow  Region
  ──────────────────────────────────────────────────────────────────────────────
  bpt=pentium_m l1da=8 l1d=64 l1ia=4 l1i=64 l2a=8 l2=512 l3a=4 l3=2048 robc=8 robd=4 robw=1024   0.2219   1.0609    72.96   142.35  Unsustainable
  bpt=pentium_m l1da=8 l1d=64 l1ia=8 l1i=16 l2a=4 l2=512 l3a=8 l3=4096 robc=10 robd=2 robw=1024   0.8626   1.0609    70.94    37.26  Unsustainable
  bpt=pentium_m l1da=4 l1d=64 l1ia=4 l1i=16 l2a=8 l2=512 l3a=16 l3=1024 robc=2 robd=2 robw=1024   1.1369   1.0609    47.72    33.88  Strongly Sust.
  bpt=pentium_m l1da=8 l1d=64 l1ia=8 l1i=16 l2a=8 l2=512 l3a=16 l3=1024 robc=10 robd=2 robw=512   1.5034   1.0608    50.78    25.06  Strongly Sust.
  bpt=pentium_m l1da=4 l1d=64 l1ia=8 l1i=64 l2a=8 l2=512 l3a=16 l3=2048 robc=10 robd=4 robw=128   1.6488   1.0608    53.40    22.41  Strongly Sust.
  bpt=pentium_m l1da=4 l1d=64 l1ia=8 l1i=64 l2a=8 l2=512 l3a=16 l3=2048 robc=8 robd=4 robw=128   1.6488   1.0607    53.40    22.41  Strongly Sust.
  bpt=pentium_m l1da=8 l1d=64 l1ia=8 l1i=64 l2a=8 l2=512 l3a=16 l3=4096 robc=8 robd=2 robw=32   1.7692   1.0606    66.61    18.84  Strongly Sust.
  bpt=pentium_m l1da=4 l1d=64 l1ia=8 l1i=32 l2a=8 l2=512 l3a=16 l3=1024 robc=8 robd=4 robw=64   1.7965   1.0606    48.05    21.39  Strongly Sust.
  bpt=pentium_m l1da=4 l1d=64 l1ia=4 l1i=16 l2a=8 l2=512 l3a=8 l3=1024 robc=10 robd=2 robw=64   2.5978   1.0606    41.00    15.54  Strongly Sust.
  bpt=nn l1da=4 l1d=64 l1ia=4 l1i=32 l2a=8 l2=512 l3a=4 l3=1024 nnbl=64 nnlr=0.0005 robc=8 robd=2 robw=32   2.6225   1.0606    41.18    15.37  Strongly Sust.
  bpt=tage l1da=8 l1d=64 l1ia=4 l1i=32 l2a=4 l2=256 l3a=8 l3=1024 robc=2 robd=2 robw=32   2.7856   1.0019    38.83    14.70  Strongly Sust.
  bpt=nn l1da=4 l1d=32 l1ia=4 l1i=64 l2a=4 l2=256 l3a=4 l3=1024 nnbl=16 nnlr=0.005 robc=2 robd=2 robw=16   2.9891   1.0002    34.74    14.08  Strongly Sust.
  bpt=nn l1da=4 l1d=32 l1ia=4 l1i=16 l2a=4 l2=256 l3a=4 l3=1024 nnbl=16 nnlr=0.005 robc=10 robd=2 robw=16   3.0249   1.0002    33.91    13.99  Strongly Sust.
  bpt=nn l1da=4 l1d=16 l1ia=4 l1i=32 l2a=4 l2=256 l3a=4 l3=1024 nnbl=16 nnlr=0.005 robc=10 robd=2 robw=16   3.0264   0.9993    33.96    13.97  Strongly Sust.
  bpt=nn l1da=4 l1d=16 l1ia=4 l1i=32 l2a=4 l2=256 l3a=4 l3=1024 nnbl=64 nnlr=0.005 robc=10 robd=2 robw=16   3.0272   0.9977    33.96    13.97  Strongly Sust.
  bpt=nn l1da=4 l1d=32 l1ia=4 l1i=16 l2a=4 l2=256 l3a=4 l3=1024 nnbl=16 nnlr=0.0005 robc=10 robd=2 robw=16   3.0284   0.9932    33.91    13.97  Strongly Sust.
  bp=2048 bpt=a53 l1da=4 l1d=64 l1ia=4 l1i=32 l2a=4 l2=128 l3a=4 l3=1024 nhist=4 robc=8 robd=2 robw=32   3.0444   0.9746    33.43    13.94  Strongly Sust.
  bp=2048 bpt=a53 l1da=4 l1d=64 l1ia=4 l1i=32 l2a=4 l2=128 l3a=4 l3=1024 nhist=4 robc=8 robd=2 robw=16   3.0873   0.9746    33.35    13.75  Strongly Sust.
  bp=512 bpt=a53 l1da=4 l1d=64 l1ia=4 l1i=32 l2a=4 l2=128 l3a=4 l3=1024 nhist=4 robc=8 robd=2 robw=16   3.0873   0.9746    33.35    13.75  Strongly Sust.
  bpt=tage l1da=4 l1d=16 l1ia=4 l1i=32 l2a=4 l2=128 l3a=4 l3=1024 robc=10 robd=2 robw=16   3.1136   0.9724    32.98    13.67  Strongly Sust.
  bpt=nn l1da=4 l1d=16 l1ia=4 l1i=32 l2a=4 l2=128 l3a=4 l3=1024 nnbl=16 nnlr=0.001 robc=10 robd=2 robw=16   3.1144   0.9709    32.98    13.67  Strongly Sust.
  bpt=nn l1da=4 l1d=16 l1ia=4 l1i=32 l2a=4 l2=128 l3a=4 l3=1024 nnbl=64 nnlr=0.005 robc=10 robd=2 robw=16   3.1149   0.9699    32.98    13.66  Strongly Sust.
  bpt=nn l1da=4 l1d=16 l1ia=4 l1i=32 l2a=4 l2=128 l3a=4 l3=1024 nnbl=64 nnlr=0.001 robc=10 robd=2 robw=16   3.1153   0.9692    32.98    13.66  Strongly Sust.
  Ran sniper 1 time this iteration (186 total).

=== Iteration 181 ===
  Evaluating 1 configuration(s) (top acquisition score of 400 candidates)...
  [mesmo] bpt=nn l1da=4 l1d=64 l1ia=4 l1i=16 l2a=8 l2=512 l3a=8 l3=1024 nnbl=16 nnlr=0.005 robc=10 robd=2 robw=64  ASI= 2.5986  S=1.0584  A=  41.00  P= 15.53  [Strongly Sust.]
  Deleted 1 non-Pareto output directory.

  Pareto front after iteration 181 (23 points, HV=3.2727):
  Params                                  ASI  Speedup     Area  PeakPow  Region
  ──────────────────────────────────────────────────────────────────────────────
  bpt=pentium_m l1da=8 l1d=64 l1ia=4 l1i=64 l2a=8 l2=512 l3a=4 l3=2048 robc=8 robd=4 robw=1024   0.2219   1.0609    72.96   142.35  Unsustainable
  bpt=pentium_m l1da=8 l1d=64 l1ia=8 l1i=16 l2a=4 l2=512 l3a=8 l3=4096 robc=10 robd=2 robw=1024   0.8626   1.0609    70.94    37.26  Unsustainable
  bpt=pentium_m l1da=4 l1d=64 l1ia=4 l1i=16 l2a=8 l2=512 l3a=16 l3=1024 robc=2 robd=2 robw=1024   1.1369   1.0609    47.72    33.88  Strongly Sust.
  bpt=pentium_m l1da=8 l1d=64 l1ia=8 l1i=16 l2a=8 l2=512 l3a=16 l3=1024 robc=10 robd=2 robw=512   1.5034   1.0608    50.78    25.06  Strongly Sust.
  bpt=pentium_m l1da=4 l1d=64 l1ia=8 l1i=64 l2a=8 l2=512 l3a=16 l3=2048 robc=10 robd=4 robw=128   1.6488   1.0608    53.40    22.41  Strongly Sust.
  bpt=pentium_m l1da=4 l1d=64 l1ia=8 l1i=64 l2a=8 l2=512 l3a=16 l3=2048 robc=8 robd=4 robw=128   1.6488   1.0607    53.40    22.41  Strongly Sust.
  bpt=pentium_m l1da=8 l1d=64 l1ia=8 l1i=64 l2a=8 l2=512 l3a=16 l3=4096 robc=8 robd=2 robw=32   1.7692   1.0606    66.61    18.84  Strongly Sust.
  bpt=pentium_m l1da=4 l1d=64 l1ia=8 l1i=32 l2a=8 l2=512 l3a=16 l3=1024 robc=8 robd=4 robw=64   1.7965   1.0606    48.05    21.39  Strongly Sust.
  bpt=pentium_m l1da=4 l1d=64 l1ia=4 l1i=16 l2a=8 l2=512 l3a=8 l3=1024 robc=10 robd=2 robw=64   2.5978   1.0606    41.00    15.54  Strongly Sust.
  bpt=nn l1da=4 l1d=64 l1ia=4 l1i=32 l2a=8 l2=512 l3a=4 l3=1024 nnbl=64 nnlr=0.0005 robc=8 robd=2 robw=32   2.6225   1.0606    41.18    15.37  Strongly Sust.
  bpt=tage l1da=8 l1d=64 l1ia=4 l1i=32 l2a=4 l2=256 l3a=8 l3=1024 robc=2 robd=2 robw=32   2.7856   1.0019    38.83    14.70  Strongly Sust.
  bpt=nn l1da=4 l1d=32 l1ia=4 l1i=64 l2a=4 l2=256 l3a=4 l3=1024 nnbl=16 nnlr=0.005 robc=2 robd=2 robw=16   2.9891   1.0002    34.74    14.08  Strongly Sust.
  bpt=nn l1da=4 l1d=32 l1ia=4 l1i=16 l2a=4 l2=256 l3a=4 l3=1024 nnbl=16 nnlr=0.005 robc=10 robd=2 robw=16   3.0249   1.0002    33.91    13.99  Strongly Sust.
  bpt=nn l1da=4 l1d=16 l1ia=4 l1i=32 l2a=4 l2=256 l3a=4 l3=1024 nnbl=16 nnlr=0.005 robc=10 robd=2 robw=16   3.0264   0.9993    33.96    13.97  Strongly Sust.
  bpt=nn l1da=4 l1d=16 l1ia=4 l1i=32 l2a=4 l2=256 l3a=4 l3=1024 nnbl=64 nnlr=0.005 robc=10 robd=2 robw=16   3.0272   0.9977    33.96    13.97  Strongly Sust.
  bpt=nn l1da=4 l1d=32 l1ia=4 l1i=16 l2a=4 l2=256 l3a=4 l3=1024 nnbl=16 nnlr=0.0005 robc=10 robd=2 robw=16   3.0284   0.9932    33.91    13.97  Strongly Sust.
  bp=2048 bpt=a53 l1da=4 l1d=64 l1ia=4 l1i=32 l2a=4 l2=128 l3a=4 l3=1024 nhist=4 robc=8 robd=2 robw=32   3.0444   0.9746    33.43    13.94  Strongly Sust.
  bp=2048 bpt=a53 l1da=4 l1d=64 l1ia=4 l1i=32 l2a=4 l2=128 l3a=4 l3=1024 nhist=4 robc=8 robd=2 robw=16   3.0873   0.9746    33.35    13.75  Strongly Sust.
  bp=512 bpt=a53 l1da=4 l1d=64 l1ia=4 l1i=32 l2a=4 l2=128 l3a=4 l3=1024 nhist=4 robc=8 robd=2 robw=16   3.0873   0.9746    33.35    13.75  Strongly Sust.
  bpt=tage l1da=4 l1d=16 l1ia=4 l1i=32 l2a=4 l2=128 l3a=4 l3=1024 robc=10 robd=2 robw=16   3.1136   0.9724    32.98    13.67  Strongly Sust.
  bpt=nn l1da=4 l1d=16 l1ia=4 l1i=32 l2a=4 l2=128 l3a=4 l3=1024 nnbl=16 nnlr=0.001 robc=10 robd=2 robw=16   3.1144   0.9709    32.98    13.67  Strongly Sust.
  bpt=nn l1da=4 l1d=16 l1ia=4 l1i=32 l2a=4 l2=128 l3a=4 l3=1024 nnbl=64 nnlr=0.005 robc=10 robd=2 robw=16   3.1149   0.9699    32.98    13.66  Strongly Sust.
  bpt=nn l1da=4 l1d=16 l1ia=4 l1i=32 l2a=4 l2=128 l3a=4 l3=1024 nnbl=64 nnlr=0.001 robc=10 robd=2 robw=16   3.1153   0.9692    32.98    13.66  Strongly Sust.
  Ran sniper 1 time this iteration (187 total).

=== Iteration 182 ===
  Evaluating 1 configuration(s) (top acquisition score of 400 candidates)...
  [mesmo] bpt=pentium_m l1da=4 l1d=16 l1ia=8 l1i=32 l2a=8 l2=512 l3a=4 l3=8192 robc=10 robd=2 robw=1024  ASI= 0.6218  S=1.0584  A=  97.70  P= 39.87  [Unsustainable]
  Deleted 1 non-Pareto output directory.

  Pareto front after iteration 182 (23 points, HV=3.2727):
  Params                                  ASI  Speedup     Area  PeakPow  Region
  ──────────────────────────────────────────────────────────────────────────────
  bpt=pentium_m l1da=8 l1d=64 l1ia=4 l1i=64 l2a=8 l2=512 l3a=4 l3=2048 robc=8 robd=4 robw=1024   0.2219   1.0609    72.96   142.35  Unsustainable
  bpt=pentium_m l1da=8 l1d=64 l1ia=8 l1i=16 l2a=4 l2=512 l3a=8 l3=4096 robc=10 robd=2 robw=1024   0.8626   1.0609    70.94    37.26  Unsustainable
  bpt=pentium_m l1da=4 l1d=64 l1ia=4 l1i=16 l2a=8 l2=512 l3a=16 l3=1024 robc=2 robd=2 robw=1024   1.1369   1.0609    47.72    33.88  Strongly Sust.
  bpt=pentium_m l1da=8 l1d=64 l1ia=8 l1i=16 l2a=8 l2=512 l3a=16 l3=1024 robc=10 robd=2 robw=512   1.5034   1.0608    50.78    25.06  Strongly Sust.
  bpt=pentium_m l1da=4 l1d=64 l1ia=8 l1i=64 l2a=8 l2=512 l3a=16 l3=2048 robc=10 robd=4 robw=128   1.6488   1.0608    53.40    22.41  Strongly Sust.
  bpt=pentium_m l1da=4 l1d=64 l1ia=8 l1i=64 l2a=8 l2=512 l3a=16 l3=2048 robc=8 robd=4 robw=128   1.6488   1.0607    53.40    22.41  Strongly Sust.
  bpt=pentium_m l1da=8 l1d=64 l1ia=8 l1i=64 l2a=8 l2=512 l3a=16 l3=4096 robc=8 robd=2 robw=32   1.7692   1.0606    66.61    18.84  Strongly Sust.
  bpt=pentium_m l1da=4 l1d=64 l1ia=8 l1i=32 l2a=8 l2=512 l3a=16 l3=1024 robc=8 robd=4 robw=64   1.7965   1.0606    48.05    21.39  Strongly Sust.
  bpt=pentium_m l1da=4 l1d=64 l1ia=4 l1i=16 l2a=8 l2=512 l3a=8 l3=1024 robc=10 robd=2 robw=64   2.5978   1.0606    41.00    15.54  Strongly Sust.
  bpt=nn l1da=4 l1d=64 l1ia=4 l1i=32 l2a=8 l2=512 l3a=4 l3=1024 nnbl=64 nnlr=0.0005 robc=8 robd=2 robw=32   2.6225   1.0606    41.18    15.37  Strongly Sust.
  bpt=tage l1da=8 l1d=64 l1ia=4 l1i=32 l2a=4 l2=256 l3a=8 l3=1024 robc=2 robd=2 robw=32   2.7856   1.0019    38.83    14.70  Strongly Sust.
  bpt=nn l1da=4 l1d=32 l1ia=4 l1i=64 l2a=4 l2=256 l3a=4 l3=1024 nnbl=16 nnlr=0.005 robc=2 robd=2 robw=16   2.9891   1.0002    34.74    14.08  Strongly Sust.
  bpt=nn l1da=4 l1d=32 l1ia=4 l1i=16 l2a=4 l2=256 l3a=4 l3=1024 nnbl=16 nnlr=0.005 robc=10 robd=2 robw=16   3.0249   1.0002    33.91    13.99  Strongly Sust.
  bpt=nn l1da=4 l1d=16 l1ia=4 l1i=32 l2a=4 l2=256 l3a=4 l3=1024 nnbl=16 nnlr=0.005 robc=10 robd=2 robw=16   3.0264   0.9993    33.96    13.97  Strongly Sust.
  bpt=nn l1da=4 l1d=16 l1ia=4 l1i=32 l2a=4 l2=256 l3a=4 l3=1024 nnbl=64 nnlr=0.005 robc=10 robd=2 robw=16   3.0272   0.9977    33.96    13.97  Strongly Sust.
  bpt=nn l1da=4 l1d=32 l1ia=4 l1i=16 l2a=4 l2=256 l3a=4 l3=1024 nnbl=16 nnlr=0.0005 robc=10 robd=2 robw=16   3.0284   0.9932    33.91    13.97  Strongly Sust.
  bp=2048 bpt=a53 l1da=4 l1d=64 l1ia=4 l1i=32 l2a=4 l2=128 l3a=4 l3=1024 nhist=4 robc=8 robd=2 robw=32   3.0444   0.9746    33.43    13.94  Strongly Sust.
  bp=2048 bpt=a53 l1da=4 l1d=64 l1ia=4 l1i=32 l2a=4 l2=128 l3a=4 l3=1024 nhist=4 robc=8 robd=2 robw=16   3.0873   0.9746    33.35    13.75  Strongly Sust.
  bp=512 bpt=a53 l1da=4 l1d=64 l1ia=4 l1i=32 l2a=4 l2=128 l3a=4 l3=1024 nhist=4 robc=8 robd=2 robw=16   3.0873   0.9746    33.35    13.75  Strongly Sust.
  bpt=tage l1da=4 l1d=16 l1ia=4 l1i=32 l2a=4 l2=128 l3a=4 l3=1024 robc=10 robd=2 robw=16   3.1136   0.9724    32.98    13.67  Strongly Sust.
  bpt=nn l1da=4 l1d=16 l1ia=4 l1i=32 l2a=4 l2=128 l3a=4 l3=1024 nnbl=16 nnlr=0.001 robc=10 robd=2 robw=16   3.1144   0.9709    32.98    13.67  Strongly Sust.
  bpt=nn l1da=4 l1d=16 l1ia=4 l1i=32 l2a=4 l2=128 l3a=4 l3=1024 nnbl=64 nnlr=0.005 robc=10 robd=2 robw=16   3.1149   0.9699    32.98    13.66  Strongly Sust.
  bpt=nn l1da=4 l1d=16 l1ia=4 l1i=32 l2a=4 l2=128 l3a=4 l3=1024 nnbl=64 nnlr=0.001 robc=10 robd=2 robw=16   3.1153   0.9692    32.98    13.66  Strongly Sust.
  Ran sniper 1 time this iteration (188 total).

=== Iteration 183 ===
  Evaluating 1 configuration(s) (top acquisition score of 400 candidates)...
  [mesmo] bpt=tage l1da=8 l1d=32 l1ia=4 l1i=32 l2a=4 l2=512 l3a=16 l3=1024 robc=2 robd=2 robw=512  ASI= 1.5722  S=1.0588  A=  48.98  P= 24.28  [Strongly Sust.]
  Deleted 1 non-Pareto output directory.

  Pareto front after iteration 183 (23 points, HV=3.2727):
  Params                                  ASI  Speedup     Area  PeakPow  Region
  ──────────────────────────────────────────────────────────────────────────────
  bpt=pentium_m l1da=8 l1d=64 l1ia=4 l1i=64 l2a=8 l2=512 l3a=4 l3=2048 robc=8 robd=4 robw=1024   0.2219   1.0609    72.96   142.35  Unsustainable
  bpt=pentium_m l1da=8 l1d=64 l1ia=8 l1i=16 l2a=4 l2=512 l3a=8 l3=4096 robc=10 robd=2 robw=1024   0.8626   1.0609    70.94    37.26  Unsustainable
  bpt=pentium_m l1da=4 l1d=64 l1ia=4 l1i=16 l2a=8 l2=512 l3a=16 l3=1024 robc=2 robd=2 robw=1024   1.1369   1.0609    47.72    33.88  Strongly Sust.
  bpt=pentium_m l1da=8 l1d=64 l1ia=8 l1i=16 l2a=8 l2=512 l3a=16 l3=1024 robc=10 robd=2 robw=512   1.5034   1.0608    50.78    25.06  Strongly Sust.
  bpt=pentium_m l1da=4 l1d=64 l1ia=8 l1i=64 l2a=8 l2=512 l3a=16 l3=2048 robc=10 robd=4 robw=128   1.6488   1.0608    53.40    22.41  Strongly Sust.
  bpt=pentium_m l1da=4 l1d=64 l1ia=8 l1i=64 l2a=8 l2=512 l3a=16 l3=2048 robc=8 robd=4 robw=128   1.6488   1.0607    53.40    22.41  Strongly Sust.
  bpt=pentium_m l1da=8 l1d=64 l1ia=8 l1i=64 l2a=8 l2=512 l3a=16 l3=4096 robc=8 robd=2 robw=32   1.7692   1.0606    66.61    18.84  Strongly Sust.
  bpt=pentium_m l1da=4 l1d=64 l1ia=8 l1i=32 l2a=8 l2=512 l3a=16 l3=1024 robc=8 robd=4 robw=64   1.7965   1.0606    48.05    21.39  Strongly Sust.
  bpt=pentium_m l1da=4 l1d=64 l1ia=4 l1i=16 l2a=8 l2=512 l3a=8 l3=1024 robc=10 robd=2 robw=64   2.5978   1.0606    41.00    15.54  Strongly Sust.
  bpt=nn l1da=4 l1d=64 l1ia=4 l1i=32 l2a=8 l2=512 l3a=4 l3=1024 nnbl=64 nnlr=0.0005 robc=8 robd=2 robw=32   2.6225   1.0606    41.18    15.37  Strongly Sust.
  bpt=tage l1da=8 l1d=64 l1ia=4 l1i=32 l2a=4 l2=256 l3a=8 l3=1024 robc=2 robd=2 robw=32   2.7856   1.0019    38.83    14.70  Strongly Sust.
  bpt=nn l1da=4 l1d=32 l1ia=4 l1i=64 l2a=4 l2=256 l3a=4 l3=1024 nnbl=16 nnlr=0.005 robc=2 robd=2 robw=16   2.9891   1.0002    34.74    14.08  Strongly Sust.
  bpt=nn l1da=4 l1d=32 l1ia=4 l1i=16 l2a=4 l2=256 l3a=4 l3=1024 nnbl=16 nnlr=0.005 robc=10 robd=2 robw=16   3.0249   1.0002    33.91    13.99  Strongly Sust.
  bpt=nn l1da=4 l1d=16 l1ia=4 l1i=32 l2a=4 l2=256 l3a=4 l3=1024 nnbl=16 nnlr=0.005 robc=10 robd=2 robw=16   3.0264   0.9993    33.96    13.97  Strongly Sust.
  bpt=nn l1da=4 l1d=16 l1ia=4 l1i=32 l2a=4 l2=256 l3a=4 l3=1024 nnbl=64 nnlr=0.005 robc=10 robd=2 robw=16   3.0272   0.9977    33.96    13.97  Strongly Sust.
  bpt=nn l1da=4 l1d=32 l1ia=4 l1i=16 l2a=4 l2=256 l3a=4 l3=1024 nnbl=16 nnlr=0.0005 robc=10 robd=2 robw=16   3.0284   0.9932    33.91    13.97  Strongly Sust.
  bp=2048 bpt=a53 l1da=4 l1d=64 l1ia=4 l1i=32 l2a=4 l2=128 l3a=4 l3=1024 nhist=4 robc=8 robd=2 robw=32   3.0444   0.9746    33.43    13.94  Strongly Sust.
  bp=2048 bpt=a53 l1da=4 l1d=64 l1ia=4 l1i=32 l2a=4 l2=128 l3a=4 l3=1024 nhist=4 robc=8 robd=2 robw=16   3.0873   0.9746    33.35    13.75  Strongly Sust.
  bp=512 bpt=a53 l1da=4 l1d=64 l1ia=4 l1i=32 l2a=4 l2=128 l3a=4 l3=1024 nhist=4 robc=8 robd=2 robw=16   3.0873   0.9746    33.35    13.75  Strongly Sust.
  bpt=tage l1da=4 l1d=16 l1ia=4 l1i=32 l2a=4 l2=128 l3a=4 l3=1024 robc=10 robd=2 robw=16   3.1136   0.9724    32.98    13.67  Strongly Sust.
  bpt=nn l1da=4 l1d=16 l1ia=4 l1i=32 l2a=4 l2=128 l3a=4 l3=1024 nnbl=16 nnlr=0.001 robc=10 robd=2 robw=16   3.1144   0.9709    32.98    13.67  Strongly Sust.
  bpt=nn l1da=4 l1d=16 l1ia=4 l1i=32 l2a=4 l2=128 l3a=4 l3=1024 nnbl=64 nnlr=0.005 robc=10 robd=2 robw=16   3.1149   0.9699    32.98    13.66  Strongly Sust.
  bpt=nn l1da=4 l1d=16 l1ia=4 l1i=32 l2a=4 l2=128 l3a=4 l3=1024 nnbl=64 nnlr=0.001 robc=10 robd=2 robw=16   3.1153   0.9692    32.98    13.66  Strongly Sust.
  Ran sniper 1 time this iteration (189 total).

=== Iteration 184 ===
  Evaluating 1 configuration(s) (top acquisition score of 400 candidates)...
  [mesmo] bp=1024 bpt=a53 l1da=4 l1d=16 l1ia=8 l1i=32 l2a=8 l2=512 l3a=16 l3=8192 nhist=4 robc=4 robd=10 robw=256  ASI= 0.0111  S=1.0583  A= 147.68  P=999.51  [Unsustainable]
  Deleted 1 non-Pareto output directory.

  Pareto front after iteration 184 (23 points, HV=3.2727):
  Params                                  ASI  Speedup     Area  PeakPow  Region
  ──────────────────────────────────────────────────────────────────────────────
  bpt=pentium_m l1da=8 l1d=64 l1ia=4 l1i=64 l2a=8 l2=512 l3a=4 l3=2048 robc=8 robd=4 robw=1024   0.2219   1.0609    72.96   142.35  Unsustainable
  bpt=pentium_m l1da=8 l1d=64 l1ia=8 l1i=16 l2a=4 l2=512 l3a=8 l3=4096 robc=10 robd=2 robw=1024   0.8626   1.0609    70.94    37.26  Unsustainable
  bpt=pentium_m l1da=4 l1d=64 l1ia=4 l1i=16 l2a=8 l2=512 l3a=16 l3=1024 robc=2 robd=2 robw=1024   1.1369   1.0609    47.72    33.88  Strongly Sust.
  bpt=pentium_m l1da=8 l1d=64 l1ia=8 l1i=16 l2a=8 l2=512 l3a=16 l3=1024 robc=10 robd=2 robw=512   1.5034   1.0608    50.78    25.06  Strongly Sust.
  bpt=pentium_m l1da=4 l1d=64 l1ia=8 l1i=64 l2a=8 l2=512 l3a=16 l3=2048 robc=10 robd=4 robw=128   1.6488   1.0608    53.40    22.41  Strongly Sust.
  bpt=pentium_m l1da=4 l1d=64 l1ia=8 l1i=64 l2a=8 l2=512 l3a=16 l3=2048 robc=8 robd=4 robw=128   1.6488   1.0607    53.40    22.41  Strongly Sust.
  bpt=pentium_m l1da=8 l1d=64 l1ia=8 l1i=64 l2a=8 l2=512 l3a=16 l3=4096 robc=8 robd=2 robw=32   1.7692   1.0606    66.61    18.84  Strongly Sust.
  bpt=pentium_m l1da=4 l1d=64 l1ia=8 l1i=32 l2a=8 l2=512 l3a=16 l3=1024 robc=8 robd=4 robw=64   1.7965   1.0606    48.05    21.39  Strongly Sust.
  bpt=pentium_m l1da=4 l1d=64 l1ia=4 l1i=16 l2a=8 l2=512 l3a=8 l3=1024 robc=10 robd=2 robw=64   2.5978   1.0606    41.00    15.54  Strongly Sust.
  bpt=nn l1da=4 l1d=64 l1ia=4 l1i=32 l2a=8 l2=512 l3a=4 l3=1024 nnbl=64 nnlr=0.0005 robc=8 robd=2 robw=32   2.6225   1.0606    41.18    15.37  Strongly Sust.
  bpt=tage l1da=8 l1d=64 l1ia=4 l1i=32 l2a=4 l2=256 l3a=8 l3=1024 robc=2 robd=2 robw=32   2.7856   1.0019    38.83    14.70  Strongly Sust.
  bpt=nn l1da=4 l1d=32 l1ia=4 l1i=64 l2a=4 l2=256 l3a=4 l3=1024 nnbl=16 nnlr=0.005 robc=2 robd=2 robw=16   2.9891   1.0002    34.74    14.08  Strongly Sust.
  bpt=nn l1da=4 l1d=32 l1ia=4 l1i=16 l2a=4 l2=256 l3a=4 l3=1024 nnbl=16 nnlr=0.005 robc=10 robd=2 robw=16   3.0249   1.0002    33.91    13.99  Strongly Sust.
  bpt=nn l1da=4 l1d=16 l1ia=4 l1i=32 l2a=4 l2=256 l3a=4 l3=1024 nnbl=16 nnlr=0.005 robc=10 robd=2 robw=16   3.0264   0.9993    33.96    13.97  Strongly Sust.
  bpt=nn l1da=4 l1d=16 l1ia=4 l1i=32 l2a=4 l2=256 l3a=4 l3=1024 nnbl=64 nnlr=0.005 robc=10 robd=2 robw=16   3.0272   0.9977    33.96    13.97  Strongly Sust.
  bpt=nn l1da=4 l1d=32 l1ia=4 l1i=16 l2a=4 l2=256 l3a=4 l3=1024 nnbl=16 nnlr=0.0005 robc=10 robd=2 robw=16   3.0284   0.9932    33.91    13.97  Strongly Sust.
  bp=2048 bpt=a53 l1da=4 l1d=64 l1ia=4 l1i=32 l2a=4 l2=128 l3a=4 l3=1024 nhist=4 robc=8 robd=2 robw=32   3.0444   0.9746    33.43    13.94  Strongly Sust.
  bp=2048 bpt=a53 l1da=4 l1d=64 l1ia=4 l1i=32 l2a=4 l2=128 l3a=4 l3=1024 nhist=4 robc=8 robd=2 robw=16   3.0873   0.9746    33.35    13.75  Strongly Sust.
  bp=512 bpt=a53 l1da=4 l1d=64 l1ia=4 l1i=32 l2a=4 l2=128 l3a=4 l3=1024 nhist=4 robc=8 robd=2 robw=16   3.0873   0.9746    33.35    13.75  Strongly Sust.
  bpt=tage l1da=4 l1d=16 l1ia=4 l1i=32 l2a=4 l2=128 l3a=4 l3=1024 robc=10 robd=2 robw=16   3.1136   0.9724    32.98    13.67  Strongly Sust.
  bpt=nn l1da=4 l1d=16 l1ia=4 l1i=32 l2a=4 l2=128 l3a=4 l3=1024 nnbl=16 nnlr=0.001 robc=10 robd=2 robw=16   3.1144   0.9709    32.98    13.67  Strongly Sust.
  bpt=nn l1da=4 l1d=16 l1ia=4 l1i=32 l2a=4 l2=128 l3a=4 l3=1024 nnbl=64 nnlr=0.005 robc=10 robd=2 robw=16   3.1149   0.9699    32.98    13.66  Strongly Sust.
  bpt=nn l1da=4 l1d=16 l1ia=4 l1i=32 l2a=4 l2=128 l3a=4 l3=1024 nnbl=64 nnlr=0.001 robc=10 robd=2 robw=16   3.1153   0.9692    32.98    13.66  Strongly Sust.
  Ran sniper 1 time this iteration (190 total).

=== Iteration 185 ===
  Evaluating 1 configuration(s) (top acquisition score of 400 candidates)...
  [mesmo] bpt=nn l1da=8 l1d=64 l1ia=4 l1i=64 l2a=4 l2=512 l3a=16 l3=1024 nnbl=64 nnlr=0.005 robc=4 robd=2 robw=128  ASI= 2.3670  S=1.0516  A=  48.30  P= 16.20  [Strongly Sust.]
  Deleted 1 non-Pareto output directory.

  Pareto front after iteration 185 (23 points, HV=3.2727):
  Params                                  ASI  Speedup     Area  PeakPow  Region
  ──────────────────────────────────────────────────────────────────────────────
  bpt=pentium_m l1da=8 l1d=64 l1ia=4 l1i=64 l2a=8 l2=512 l3a=4 l3=2048 robc=8 robd=4 robw=1024   0.2219   1.0609    72.96   142.35  Unsustainable
  bpt=pentium_m l1da=8 l1d=64 l1ia=8 l1i=16 l2a=4 l2=512 l3a=8 l3=4096 robc=10 robd=2 robw=1024   0.8626   1.0609    70.94    37.26  Unsustainable
  bpt=pentium_m l1da=4 l1d=64 l1ia=4 l1i=16 l2a=8 l2=512 l3a=16 l3=1024 robc=2 robd=2 robw=1024   1.1369   1.0609    47.72    33.88  Strongly Sust.
  bpt=pentium_m l1da=8 l1d=64 l1ia=8 l1i=16 l2a=8 l2=512 l3a=16 l3=1024 robc=10 robd=2 robw=512   1.5034   1.0608    50.78    25.06  Strongly Sust.
  bpt=pentium_m l1da=4 l1d=64 l1ia=8 l1i=64 l2a=8 l2=512 l3a=16 l3=2048 robc=10 robd=4 robw=128   1.6488   1.0608    53.40    22.41  Strongly Sust.
  bpt=pentium_m l1da=4 l1d=64 l1ia=8 l1i=64 l2a=8 l2=512 l3a=16 l3=2048 robc=8 robd=4 robw=128   1.6488   1.0607    53.40    22.41  Strongly Sust.
  bpt=pentium_m l1da=8 l1d=64 l1ia=8 l1i=64 l2a=8 l2=512 l3a=16 l3=4096 robc=8 robd=2 robw=32   1.7692   1.0606    66.61    18.84  Strongly Sust.
  bpt=pentium_m l1da=4 l1d=64 l1ia=8 l1i=32 l2a=8 l2=512 l3a=16 l3=1024 robc=8 robd=4 robw=64   1.7965   1.0606    48.05    21.39  Strongly Sust.
  bpt=pentium_m l1da=4 l1d=64 l1ia=4 l1i=16 l2a=8 l2=512 l3a=8 l3=1024 robc=10 robd=2 robw=64   2.5978   1.0606    41.00    15.54  Strongly Sust.
  bpt=nn l1da=4 l1d=64 l1ia=4 l1i=32 l2a=8 l2=512 l3a=4 l3=1024 nnbl=64 nnlr=0.0005 robc=8 robd=2 robw=32   2.6225   1.0606    41.18    15.37  Strongly Sust.
  bpt=tage l1da=8 l1d=64 l1ia=4 l1i=32 l2a=4 l2=256 l3a=8 l3=1024 robc=2 robd=2 robw=32   2.7856   1.0019    38.83    14.70  Strongly Sust.
  bpt=nn l1da=4 l1d=32 l1ia=4 l1i=64 l2a=4 l2=256 l3a=4 l3=1024 nnbl=16 nnlr=0.005 robc=2 robd=2 robw=16   2.9891   1.0002    34.74    14.08  Strongly Sust.
  bpt=nn l1da=4 l1d=32 l1ia=4 l1i=16 l2a=4 l2=256 l3a=4 l3=1024 nnbl=16 nnlr=0.005 robc=10 robd=2 robw=16   3.0249   1.0002    33.91    13.99  Strongly Sust.
  bpt=nn l1da=4 l1d=16 l1ia=4 l1i=32 l2a=4 l2=256 l3a=4 l3=1024 nnbl=16 nnlr=0.005 robc=10 robd=2 robw=16   3.0264   0.9993    33.96    13.97  Strongly Sust.
  bpt=nn l1da=4 l1d=16 l1ia=4 l1i=32 l2a=4 l2=256 l3a=4 l3=1024 nnbl=64 nnlr=0.005 robc=10 robd=2 robw=16   3.0272   0.9977    33.96    13.97  Strongly Sust.
  bpt=nn l1da=4 l1d=32 l1ia=4 l1i=16 l2a=4 l2=256 l3a=4 l3=1024 nnbl=16 nnlr=0.0005 robc=10 robd=2 robw=16   3.0284   0.9932    33.91    13.97  Strongly Sust.
  bp=2048 bpt=a53 l1da=4 l1d=64 l1ia=4 l1i=32 l2a=4 l2=128 l3a=4 l3=1024 nhist=4 robc=8 robd=2 robw=32   3.0444   0.9746    33.43    13.94  Strongly Sust.
  bp=2048 bpt=a53 l1da=4 l1d=64 l1ia=4 l1i=32 l2a=4 l2=128 l3a=4 l3=1024 nhist=4 robc=8 robd=2 robw=16   3.0873   0.9746    33.35    13.75  Strongly Sust.
  bp=512 bpt=a53 l1da=4 l1d=64 l1ia=4 l1i=32 l2a=4 l2=128 l3a=4 l3=1024 nhist=4 robc=8 robd=2 robw=16   3.0873   0.9746    33.35    13.75  Strongly Sust.
  bpt=tage l1da=4 l1d=16 l1ia=4 l1i=32 l2a=4 l2=128 l3a=4 l3=1024 robc=10 robd=2 robw=16   3.1136   0.9724    32.98    13.67  Strongly Sust.
  bpt=nn l1da=4 l1d=16 l1ia=4 l1i=32 l2a=4 l2=128 l3a=4 l3=1024 nnbl=16 nnlr=0.001 robc=10 robd=2 robw=16   3.1144   0.9709    32.98    13.67  Strongly Sust.
  bpt=nn l1da=4 l1d=16 l1ia=4 l1i=32 l2a=4 l2=128 l3a=4 l3=1024 nnbl=64 nnlr=0.005 robc=10 robd=2 robw=16   3.1149   0.9699    32.98    13.66  Strongly Sust.
  bpt=nn l1da=4 l1d=16 l1ia=4 l1i=32 l2a=4 l2=128 l3a=4 l3=1024 nnbl=64 nnlr=0.001 robc=10 robd=2 robw=16   3.1153   0.9692    32.98    13.66  Strongly Sust.
  Ran sniper 1 time this iteration (191 total).

=== Iteration 186 ===
  Evaluating 1 configuration(s) (top acquisition score of 400 candidates)...
  [mesmo] bpt=nn l1da=4 l1d=16 l1ia=4 l1i=32 l2a=4 l2=256 l3a=4 l3=1024 nnbl=64 nnlr=0.005 robc=10 robd=2 robw=32  ASI= 2.9884  S=0.9922  A=  34.04  P= 14.14  [Strongly Sust.]
  Deleted 1 non-Pareto output directory.

  Pareto front after iteration 186 (23 points, HV=3.2727):
  Params                                  ASI  Speedup     Area  PeakPow  Region
  ──────────────────────────────────────────────────────────────────────────────
  bpt=pentium_m l1da=8 l1d=64 l1ia=4 l1i=64 l2a=8 l2=512 l3a=4 l3=2048 robc=8 robd=4 robw=1024   0.2219   1.0609    72.96   142.35  Unsustainable
  bpt=pentium_m l1da=8 l1d=64 l1ia=8 l1i=16 l2a=4 l2=512 l3a=8 l3=4096 robc=10 robd=2 robw=1024   0.8626   1.0609    70.94    37.26  Unsustainable
  bpt=pentium_m l1da=4 l1d=64 l1ia=4 l1i=16 l2a=8 l2=512 l3a=16 l3=1024 robc=2 robd=2 robw=1024   1.1369   1.0609    47.72    33.88  Strongly Sust.
  bpt=pentium_m l1da=8 l1d=64 l1ia=8 l1i=16 l2a=8 l2=512 l3a=16 l3=1024 robc=10 robd=2 robw=512   1.5034   1.0608    50.78    25.06  Strongly Sust.
  bpt=pentium_m l1da=4 l1d=64 l1ia=8 l1i=64 l2a=8 l2=512 l3a=16 l3=2048 robc=10 robd=4 robw=128   1.6488   1.0608    53.40    22.41  Strongly Sust.
  bpt=pentium_m l1da=4 l1d=64 l1ia=8 l1i=64 l2a=8 l2=512 l3a=16 l3=2048 robc=8 robd=4 robw=128   1.6488   1.0607    53.40    22.41  Strongly Sust.
  bpt=pentium_m l1da=8 l1d=64 l1ia=8 l1i=64 l2a=8 l2=512 l3a=16 l3=4096 robc=8 robd=2 robw=32   1.7692   1.0606    66.61    18.84  Strongly Sust.
  bpt=pentium_m l1da=4 l1d=64 l1ia=8 l1i=32 l2a=8 l2=512 l3a=16 l3=1024 robc=8 robd=4 robw=64   1.7965   1.0606    48.05    21.39  Strongly Sust.
  bpt=pentium_m l1da=4 l1d=64 l1ia=4 l1i=16 l2a=8 l2=512 l3a=8 l3=1024 robc=10 robd=2 robw=64   2.5978   1.0606    41.00    15.54  Strongly Sust.
  bpt=nn l1da=4 l1d=64 l1ia=4 l1i=32 l2a=8 l2=512 l3a=4 l3=1024 nnbl=64 nnlr=0.0005 robc=8 robd=2 robw=32   2.6225   1.0606    41.18    15.37  Strongly Sust.
  bpt=tage l1da=8 l1d=64 l1ia=4 l1i=32 l2a=4 l2=256 l3a=8 l3=1024 robc=2 robd=2 robw=32   2.7856   1.0019    38.83    14.70  Strongly Sust.
  bpt=nn l1da=4 l1d=32 l1ia=4 l1i=64 l2a=4 l2=256 l3a=4 l3=1024 nnbl=16 nnlr=0.005 robc=2 robd=2 robw=16   2.9891   1.0002    34.74    14.08  Strongly Sust.
  bpt=nn l1da=4 l1d=32 l1ia=4 l1i=16 l2a=4 l2=256 l3a=4 l3=1024 nnbl=16 nnlr=0.005 robc=10 robd=2 robw=16   3.0249   1.0002    33.91    13.99  Strongly Sust.
  bpt=nn l1da=4 l1d=16 l1ia=4 l1i=32 l2a=4 l2=256 l3a=4 l3=1024 nnbl=16 nnlr=0.005 robc=10 robd=2 robw=16   3.0264   0.9993    33.96    13.97  Strongly Sust.
  bpt=nn l1da=4 l1d=16 l1ia=4 l1i=32 l2a=4 l2=256 l3a=4 l3=1024 nnbl=64 nnlr=0.005 robc=10 robd=2 robw=16   3.0272   0.9977    33.96    13.97  Strongly Sust.
  bpt=nn l1da=4 l1d=32 l1ia=4 l1i=16 l2a=4 l2=256 l3a=4 l3=1024 nnbl=16 nnlr=0.0005 robc=10 robd=2 robw=16   3.0284   0.9932    33.91    13.97  Strongly Sust.
  bp=2048 bpt=a53 l1da=4 l1d=64 l1ia=4 l1i=32 l2a=4 l2=128 l3a=4 l3=1024 nhist=4 robc=8 robd=2 robw=32   3.0444   0.9746    33.43    13.94  Strongly Sust.
  bp=2048 bpt=a53 l1da=4 l1d=64 l1ia=4 l1i=32 l2a=4 l2=128 l3a=4 l3=1024 nhist=4 robc=8 robd=2 robw=16   3.0873   0.9746    33.35    13.75  Strongly Sust.
  bp=512 bpt=a53 l1da=4 l1d=64 l1ia=4 l1i=32 l2a=4 l2=128 l3a=4 l3=1024 nhist=4 robc=8 robd=2 robw=16   3.0873   0.9746    33.35    13.75  Strongly Sust.
  bpt=tage l1da=4 l1d=16 l1ia=4 l1i=32 l2a=4 l2=128 l3a=4 l3=1024 robc=10 robd=2 robw=16   3.1136   0.9724    32.98    13.67  Strongly Sust.
  bpt=nn l1da=4 l1d=16 l1ia=4 l1i=32 l2a=4 l2=128 l3a=4 l3=1024 nnbl=16 nnlr=0.001 robc=10 robd=2 robw=16   3.1144   0.9709    32.98    13.67  Strongly Sust.
  bpt=nn l1da=4 l1d=16 l1ia=4 l1i=32 l2a=4 l2=128 l3a=4 l3=1024 nnbl=64 nnlr=0.005 robc=10 robd=2 robw=16   3.1149   0.9699    32.98    13.66  Strongly Sust.
  bpt=nn l1da=4 l1d=16 l1ia=4 l1i=32 l2a=4 l2=128 l3a=4 l3=1024 nnbl=64 nnlr=0.001 robc=10 robd=2 robw=16   3.1153   0.9692    32.98    13.66  Strongly Sust.
  Ran sniper 1 time this iteration (192 total).

=== Iteration 187 ===
  Evaluating 1 configuration(s) (top acquisition score of 400 candidates)...
  [mesmo] bpt=tage l1da=4 l1d=64 l1ia=4 l1i=64 l2a=4 l2=512 l3a=16 l3=4096 robc=10 robd=10 robw=64  ASI= 0.4941  S=1.0606  A=  78.75  P= 60.70  [Unsustainable]
  Deleted 1 non-Pareto output directory.

  Pareto front after iteration 187 (23 points, HV=3.2727):
  Params                                  ASI  Speedup     Area  PeakPow  Region
  ──────────────────────────────────────────────────────────────────────────────
  bpt=pentium_m l1da=8 l1d=64 l1ia=4 l1i=64 l2a=8 l2=512 l3a=4 l3=2048 robc=8 robd=4 robw=1024   0.2219   1.0609    72.96   142.35  Unsustainable
  bpt=pentium_m l1da=8 l1d=64 l1ia=8 l1i=16 l2a=4 l2=512 l3a=8 l3=4096 robc=10 robd=2 robw=1024   0.8626   1.0609    70.94    37.26  Unsustainable
  bpt=pentium_m l1da=4 l1d=64 l1ia=4 l1i=16 l2a=8 l2=512 l3a=16 l3=1024 robc=2 robd=2 robw=1024   1.1369   1.0609    47.72    33.88  Strongly Sust.
  bpt=pentium_m l1da=8 l1d=64 l1ia=8 l1i=16 l2a=8 l2=512 l3a=16 l3=1024 robc=10 robd=2 robw=512   1.5034   1.0608    50.78    25.06  Strongly Sust.
  bpt=pentium_m l1da=4 l1d=64 l1ia=8 l1i=64 l2a=8 l2=512 l3a=16 l3=2048 robc=10 robd=4 robw=128   1.6488   1.0608    53.40    22.41  Strongly Sust.
  bpt=pentium_m l1da=4 l1d=64 l1ia=8 l1i=64 l2a=8 l2=512 l3a=16 l3=2048 robc=8 robd=4 robw=128   1.6488   1.0607    53.40    22.41  Strongly Sust.
  bpt=pentium_m l1da=8 l1d=64 l1ia=8 l1i=64 l2a=8 l2=512 l3a=16 l3=4096 robc=8 robd=2 robw=32   1.7692   1.0606    66.61    18.84  Strongly Sust.
  bpt=pentium_m l1da=4 l1d=64 l1ia=8 l1i=32 l2a=8 l2=512 l3a=16 l3=1024 robc=8 robd=4 robw=64   1.7965   1.0606    48.05    21.39  Strongly Sust.
  bpt=pentium_m l1da=4 l1d=64 l1ia=4 l1i=16 l2a=8 l2=512 l3a=8 l3=1024 robc=10 robd=2 robw=64   2.5978   1.0606    41.00    15.54  Strongly Sust.
  bpt=nn l1da=4 l1d=64 l1ia=4 l1i=32 l2a=8 l2=512 l3a=4 l3=1024 nnbl=64 nnlr=0.0005 robc=8 robd=2 robw=32   2.6225   1.0606    41.18    15.37  Strongly Sust.
  bpt=tage l1da=8 l1d=64 l1ia=4 l1i=32 l2a=4 l2=256 l3a=8 l3=1024 robc=2 robd=2 robw=32   2.7856   1.0019    38.83    14.70  Strongly Sust.
  bpt=nn l1da=4 l1d=32 l1ia=4 l1i=64 l2a=4 l2=256 l3a=4 l3=1024 nnbl=16 nnlr=0.005 robc=2 robd=2 robw=16   2.9891   1.0002    34.74    14.08  Strongly Sust.
  bpt=nn l1da=4 l1d=32 l1ia=4 l1i=16 l2a=4 l2=256 l3a=4 l3=1024 nnbl=16 nnlr=0.005 robc=10 robd=2 robw=16   3.0249   1.0002    33.91    13.99  Strongly Sust.
  bpt=nn l1da=4 l1d=16 l1ia=4 l1i=32 l2a=4 l2=256 l3a=4 l3=1024 nnbl=16 nnlr=0.005 robc=10 robd=2 robw=16   3.0264   0.9993    33.96    13.97  Strongly Sust.
  bpt=nn l1da=4 l1d=16 l1ia=4 l1i=32 l2a=4 l2=256 l3a=4 l3=1024 nnbl=64 nnlr=0.005 robc=10 robd=2 robw=16   3.0272   0.9977    33.96    13.97  Strongly Sust.
  bpt=nn l1da=4 l1d=32 l1ia=4 l1i=16 l2a=4 l2=256 l3a=4 l3=1024 nnbl=16 nnlr=0.0005 robc=10 robd=2 robw=16   3.0284   0.9932    33.91    13.97  Strongly Sust.
  bp=2048 bpt=a53 l1da=4 l1d=64 l1ia=4 l1i=32 l2a=4 l2=128 l3a=4 l3=1024 nhist=4 robc=8 robd=2 robw=32   3.0444   0.9746    33.43    13.94  Strongly Sust.
  bp=2048 bpt=a53 l1da=4 l1d=64 l1ia=4 l1i=32 l2a=4 l2=128 l3a=4 l3=1024 nhist=4 robc=8 robd=2 robw=16   3.0873   0.9746    33.35    13.75  Strongly Sust.
  bp=512 bpt=a53 l1da=4 l1d=64 l1ia=4 l1i=32 l2a=4 l2=128 l3a=4 l3=1024 nhist=4 robc=8 robd=2 robw=16   3.0873   0.9746    33.35    13.75  Strongly Sust.
  bpt=tage l1da=4 l1d=16 l1ia=4 l1i=32 l2a=4 l2=128 l3a=4 l3=1024 robc=10 robd=2 robw=16   3.1136   0.9724    32.98    13.67  Strongly Sust.
  bpt=nn l1da=4 l1d=16 l1ia=4 l1i=32 l2a=4 l2=128 l3a=4 l3=1024 nnbl=16 nnlr=0.001 robc=10 robd=2 robw=16   3.1144   0.9709    32.98    13.67  Strongly Sust.
  bpt=nn l1da=4 l1d=16 l1ia=4 l1i=32 l2a=4 l2=128 l3a=4 l3=1024 nnbl=64 nnlr=0.005 robc=10 robd=2 robw=16   3.1149   0.9699    32.98    13.66  Strongly Sust.
  bpt=nn l1da=4 l1d=16 l1ia=4 l1i=32 l2a=4 l2=128 l3a=4 l3=1024 nnbl=64 nnlr=0.001 robc=10 robd=2 robw=16   3.1153   0.9692    32.98    13.66  Strongly Sust.
  Ran sniper 1 time this iteration (193 total).

=== Iteration 188 ===
  Evaluating 1 configuration(s) (top acquisition score of 400 candidates)...
  [mesmo] bpt=nn l1da=4 l1d=16 l1ia=4 l1i=32 l2a=4 l2=128 l3a=4 l3=1024 nnbl=64 nnlr=0.001 robc=2 robd=2 robw=16  ASI= 3.1136  S=0.9724  A=  32.98  P= 13.67  [Strongly Sust.]
  Deleted 1 non-Pareto output directory.

  Pareto front after iteration 188 (23 points, HV=3.2727):
  Params                                  ASI  Speedup     Area  PeakPow  Region
  ──────────────────────────────────────────────────────────────────────────────
  bpt=pentium_m l1da=8 l1d=64 l1ia=4 l1i=64 l2a=8 l2=512 l3a=4 l3=2048 robc=8 robd=4 robw=1024   0.2219   1.0609    72.96   142.35  Unsustainable
  bpt=pentium_m l1da=8 l1d=64 l1ia=8 l1i=16 l2a=4 l2=512 l3a=8 l3=4096 robc=10 robd=2 robw=1024   0.8626   1.0609    70.94    37.26  Unsustainable
  bpt=pentium_m l1da=4 l1d=64 l1ia=4 l1i=16 l2a=8 l2=512 l3a=16 l3=1024 robc=2 robd=2 robw=1024   1.1369   1.0609    47.72    33.88  Strongly Sust.
  bpt=pentium_m l1da=8 l1d=64 l1ia=8 l1i=16 l2a=8 l2=512 l3a=16 l3=1024 robc=10 robd=2 robw=512   1.5034   1.0608    50.78    25.06  Strongly Sust.
  bpt=pentium_m l1da=4 l1d=64 l1ia=8 l1i=64 l2a=8 l2=512 l3a=16 l3=2048 robc=10 robd=4 robw=128   1.6488   1.0608    53.40    22.41  Strongly Sust.
  bpt=pentium_m l1da=4 l1d=64 l1ia=8 l1i=64 l2a=8 l2=512 l3a=16 l3=2048 robc=8 robd=4 robw=128   1.6488   1.0607    53.40    22.41  Strongly Sust.
  bpt=pentium_m l1da=8 l1d=64 l1ia=8 l1i=64 l2a=8 l2=512 l3a=16 l3=4096 robc=8 robd=2 robw=32   1.7692   1.0606    66.61    18.84  Strongly Sust.
  bpt=pentium_m l1da=4 l1d=64 l1ia=8 l1i=32 l2a=8 l2=512 l3a=16 l3=1024 robc=8 robd=4 robw=64   1.7965   1.0606    48.05    21.39  Strongly Sust.
  bpt=pentium_m l1da=4 l1d=64 l1ia=4 l1i=16 l2a=8 l2=512 l3a=8 l3=1024 robc=10 robd=2 robw=64   2.5978   1.0606    41.00    15.54  Strongly Sust.
  bpt=nn l1da=4 l1d=64 l1ia=4 l1i=32 l2a=8 l2=512 l3a=4 l3=1024 nnbl=64 nnlr=0.0005 robc=8 robd=2 robw=32   2.6225   1.0606    41.18    15.37  Strongly Sust.
  bpt=tage l1da=8 l1d=64 l1ia=4 l1i=32 l2a=4 l2=256 l3a=8 l3=1024 robc=2 robd=2 robw=32   2.7856   1.0019    38.83    14.70  Strongly Sust.
  bpt=nn l1da=4 l1d=32 l1ia=4 l1i=64 l2a=4 l2=256 l3a=4 l3=1024 nnbl=16 nnlr=0.005 robc=2 robd=2 robw=16   2.9891   1.0002    34.74    14.08  Strongly Sust.
  bpt=nn l1da=4 l1d=32 l1ia=4 l1i=16 l2a=4 l2=256 l3a=4 l3=1024 nnbl=16 nnlr=0.005 robc=10 robd=2 robw=16   3.0249   1.0002    33.91    13.99  Strongly Sust.
  bpt=nn l1da=4 l1d=16 l1ia=4 l1i=32 l2a=4 l2=256 l3a=4 l3=1024 nnbl=16 nnlr=0.005 robc=10 robd=2 robw=16   3.0264   0.9993    33.96    13.97  Strongly Sust.
  bpt=nn l1da=4 l1d=16 l1ia=4 l1i=32 l2a=4 l2=256 l3a=4 l3=1024 nnbl=64 nnlr=0.005 robc=10 robd=2 robw=16   3.0272   0.9977    33.96    13.97  Strongly Sust.
  bpt=nn l1da=4 l1d=32 l1ia=4 l1i=16 l2a=4 l2=256 l3a=4 l3=1024 nnbl=16 nnlr=0.0005 robc=10 robd=2 robw=16   3.0284   0.9932    33.91    13.97  Strongly Sust.
  bp=2048 bpt=a53 l1da=4 l1d=64 l1ia=4 l1i=32 l2a=4 l2=128 l3a=4 l3=1024 nhist=4 robc=8 robd=2 robw=32   3.0444   0.9746    33.43    13.94  Strongly Sust.
  bp=2048 bpt=a53 l1da=4 l1d=64 l1ia=4 l1i=32 l2a=4 l2=128 l3a=4 l3=1024 nhist=4 robc=8 robd=2 robw=16   3.0873   0.9746    33.35    13.75  Strongly Sust.
  bp=512 bpt=a53 l1da=4 l1d=64 l1ia=4 l1i=32 l2a=4 l2=128 l3a=4 l3=1024 nhist=4 robc=8 robd=2 robw=16   3.0873   0.9746    33.35    13.75  Strongly Sust.
  bpt=tage l1da=4 l1d=16 l1ia=4 l1i=32 l2a=4 l2=128 l3a=4 l3=1024 robc=10 robd=2 robw=16   3.1136   0.9724    32.98    13.67  Strongly Sust.
  bpt=nn l1da=4 l1d=16 l1ia=4 l1i=32 l2a=4 l2=128 l3a=4 l3=1024 nnbl=16 nnlr=0.001 robc=10 robd=2 robw=16   3.1144   0.9709    32.98    13.67  Strongly Sust.
  bpt=nn l1da=4 l1d=16 l1ia=4 l1i=32 l2a=4 l2=128 l3a=4 l3=1024 nnbl=64 nnlr=0.005 robc=10 robd=2 robw=16   3.1149   0.9699    32.98    13.66  Strongly Sust.
  bpt=nn l1da=4 l1d=16 l1ia=4 l1i=32 l2a=4 l2=128 l3a=4 l3=1024 nnbl=64 nnlr=0.001 robc=10 robd=2 robw=16   3.1153   0.9692    32.98    13.66  Strongly Sust.
  Ran sniper 1 time this iteration (194 total).

=== Iteration 189 ===
  Evaluating 1 configuration(s) (top acquisition score of 400 candidates)...
  [mesmo] bpt=nn l1da=4 l1d=32 l1ia=4 l1i=16 l2a=4 l2=256 l3a=4 l3=2048 nnbl=16 nnlr=0.005 robc=10 robd=2 robw=16  ASI= 2.7476  S=1.0002  A=  40.87  P= 14.70  [Strongly Sust.]
  Deleted 1 non-Pareto output directory.

  Pareto front after iteration 189 (23 points, HV=3.2727):
  Params                                  ASI  Speedup     Area  PeakPow  Region
  ──────────────────────────────────────────────────────────────────────────────
  bpt=pentium_m l1da=8 l1d=64 l1ia=4 l1i=64 l2a=8 l2=512 l3a=4 l3=2048 robc=8 robd=4 robw=1024   0.2219   1.0609    72.96   142.35  Unsustainable
  bpt=pentium_m l1da=8 l1d=64 l1ia=8 l1i=16 l2a=4 l2=512 l3a=8 l3=4096 robc=10 robd=2 robw=1024   0.8626   1.0609    70.94    37.26  Unsustainable
  bpt=pentium_m l1da=4 l1d=64 l1ia=4 l1i=16 l2a=8 l2=512 l3a=16 l3=1024 robc=2 robd=2 robw=1024   1.1369   1.0609    47.72    33.88  Strongly Sust.
  bpt=pentium_m l1da=8 l1d=64 l1ia=8 l1i=16 l2a=8 l2=512 l3a=16 l3=1024 robc=10 robd=2 robw=512   1.5034   1.0608    50.78    25.06  Strongly Sust.
  bpt=pentium_m l1da=4 l1d=64 l1ia=8 l1i=64 l2a=8 l2=512 l3a=16 l3=2048 robc=10 robd=4 robw=128   1.6488   1.0608    53.40    22.41  Strongly Sust.
  bpt=pentium_m l1da=4 l1d=64 l1ia=8 l1i=64 l2a=8 l2=512 l3a=16 l3=2048 robc=8 robd=4 robw=128   1.6488   1.0607    53.40    22.41  Strongly Sust.
  bpt=pentium_m l1da=8 l1d=64 l1ia=8 l1i=64 l2a=8 l2=512 l3a=16 l3=4096 robc=8 robd=2 robw=32   1.7692   1.0606    66.61    18.84  Strongly Sust.
  bpt=pentium_m l1da=4 l1d=64 l1ia=8 l1i=32 l2a=8 l2=512 l3a=16 l3=1024 robc=8 robd=4 robw=64   1.7965   1.0606    48.05    21.39  Strongly Sust.
  bpt=pentium_m l1da=4 l1d=64 l1ia=4 l1i=16 l2a=8 l2=512 l3a=8 l3=1024 robc=10 robd=2 robw=64   2.5978   1.0606    41.00    15.54  Strongly Sust.
  bpt=nn l1da=4 l1d=64 l1ia=4 l1i=32 l2a=8 l2=512 l3a=4 l3=1024 nnbl=64 nnlr=0.0005 robc=8 robd=2 robw=32   2.6225   1.0606    41.18    15.37  Strongly Sust.
  bpt=tage l1da=8 l1d=64 l1ia=4 l1i=32 l2a=4 l2=256 l3a=8 l3=1024 robc=2 robd=2 robw=32   2.7856   1.0019    38.83    14.70  Strongly Sust.
  bpt=nn l1da=4 l1d=32 l1ia=4 l1i=64 l2a=4 l2=256 l3a=4 l3=1024 nnbl=16 nnlr=0.005 robc=2 robd=2 robw=16   2.9891   1.0002    34.74    14.08  Strongly Sust.
  bpt=nn l1da=4 l1d=32 l1ia=4 l1i=16 l2a=4 l2=256 l3a=4 l3=1024 nnbl=16 nnlr=0.005 robc=10 robd=2 robw=16   3.0249   1.0002    33.91    13.99  Strongly Sust.
  bpt=nn l1da=4 l1d=16 l1ia=4 l1i=32 l2a=4 l2=256 l3a=4 l3=1024 nnbl=16 nnlr=0.005 robc=10 robd=2 robw=16   3.0264   0.9993    33.96    13.97  Strongly Sust.
  bpt=nn l1da=4 l1d=16 l1ia=4 l1i=32 l2a=4 l2=256 l3a=4 l3=1024 nnbl=64 nnlr=0.005 robc=10 robd=2 robw=16   3.0272   0.9977    33.96    13.97  Strongly Sust.
  bpt=nn l1da=4 l1d=32 l1ia=4 l1i=16 l2a=4 l2=256 l3a=4 l3=1024 nnbl=16 nnlr=0.0005 robc=10 robd=2 robw=16   3.0284   0.9932    33.91    13.97  Strongly Sust.
  bp=2048 bpt=a53 l1da=4 l1d=64 l1ia=4 l1i=32 l2a=4 l2=128 l3a=4 l3=1024 nhist=4 robc=8 robd=2 robw=32   3.0444   0.9746    33.43    13.94  Strongly Sust.
  bp=2048 bpt=a53 l1da=4 l1d=64 l1ia=4 l1i=32 l2a=4 l2=128 l3a=4 l3=1024 nhist=4 robc=8 robd=2 robw=16   3.0873   0.9746    33.35    13.75  Strongly Sust.
  bp=512 bpt=a53 l1da=4 l1d=64 l1ia=4 l1i=32 l2a=4 l2=128 l3a=4 l3=1024 nhist=4 robc=8 robd=2 robw=16   3.0873   0.9746    33.35    13.75  Strongly Sust.
  bpt=tage l1da=4 l1d=16 l1ia=4 l1i=32 l2a=4 l2=128 l3a=4 l3=1024 robc=10 robd=2 robw=16   3.1136   0.9724    32.98    13.67  Strongly Sust.
  bpt=nn l1da=4 l1d=16 l1ia=4 l1i=32 l2a=4 l2=128 l3a=4 l3=1024 nnbl=16 nnlr=0.001 robc=10 robd=2 robw=16   3.1144   0.9709    32.98    13.67  Strongly Sust.
  bpt=nn l1da=4 l1d=16 l1ia=4 l1i=32 l2a=4 l2=128 l3a=4 l3=1024 nnbl=64 nnlr=0.005 robc=10 robd=2 robw=16   3.1149   0.9699    32.98    13.66  Strongly Sust.
  bpt=nn l1da=4 l1d=16 l1ia=4 l1i=32 l2a=4 l2=128 l3a=4 l3=1024 nnbl=64 nnlr=0.001 robc=10 robd=2 robw=16   3.1153   0.9692    32.98    13.66  Strongly Sust.
  Ran sniper 1 time this iteration (195 total).

=== Iteration 190 ===
  Evaluating 1 configuration(s) (top acquisition score of 400 candidates)...
  [mesmo] bpt=tage l1da=8 l1d=16 l1ia=4 l1i=64 l2a=4 l2=512 l3a=16 l3=2048 robc=10 robd=8 robw=128  ASI= 0.1246  S=1.0582  A=  71.68  P=256.37  [Unsustainable]
  Deleted 1 non-Pareto output directory.

  Pareto front after iteration 190 (23 points, HV=3.2727):
  Params                                  ASI  Speedup     Area  PeakPow  Region
  ──────────────────────────────────────────────────────────────────────────────
  bpt=pentium_m l1da=8 l1d=64 l1ia=4 l1i=64 l2a=8 l2=512 l3a=4 l3=2048 robc=8 robd=4 robw=1024   0.2219   1.0609    72.96   142.35  Unsustainable
  bpt=pentium_m l1da=8 l1d=64 l1ia=8 l1i=16 l2a=4 l2=512 l3a=8 l3=4096 robc=10 robd=2 robw=1024   0.8626   1.0609    70.94    37.26  Unsustainable
  bpt=pentium_m l1da=4 l1d=64 l1ia=4 l1i=16 l2a=8 l2=512 l3a=16 l3=1024 robc=2 robd=2 robw=1024   1.1369   1.0609    47.72    33.88  Strongly Sust.
  bpt=pentium_m l1da=8 l1d=64 l1ia=8 l1i=16 l2a=8 l2=512 l3a=16 l3=1024 robc=10 robd=2 robw=512   1.5034   1.0608    50.78    25.06  Strongly Sust.
  bpt=pentium_m l1da=4 l1d=64 l1ia=8 l1i=64 l2a=8 l2=512 l3a=16 l3=2048 robc=10 robd=4 robw=128   1.6488   1.0608    53.40    22.41  Strongly Sust.
  bpt=pentium_m l1da=4 l1d=64 l1ia=8 l1i=64 l2a=8 l2=512 l3a=16 l3=2048 robc=8 robd=4 robw=128   1.6488   1.0607    53.40    22.41  Strongly Sust.
  bpt=pentium_m l1da=8 l1d=64 l1ia=8 l1i=64 l2a=8 l2=512 l3a=16 l3=4096 robc=8 robd=2 robw=32   1.7692   1.0606    66.61    18.84  Strongly Sust.
  bpt=pentium_m l1da=4 l1d=64 l1ia=8 l1i=32 l2a=8 l2=512 l3a=16 l3=1024 robc=8 robd=4 robw=64   1.7965   1.0606    48.05    21.39  Strongly Sust.
  bpt=pentium_m l1da=4 l1d=64 l1ia=4 l1i=16 l2a=8 l2=512 l3a=8 l3=1024 robc=10 robd=2 robw=64   2.5978   1.0606    41.00    15.54  Strongly Sust.
  bpt=nn l1da=4 l1d=64 l1ia=4 l1i=32 l2a=8 l2=512 l3a=4 l3=1024 nnbl=64 nnlr=0.0005 robc=8 robd=2 robw=32   2.6225   1.0606    41.18    15.37  Strongly Sust.
  bpt=tage l1da=8 l1d=64 l1ia=4 l1i=32 l2a=4 l2=256 l3a=8 l3=1024 robc=2 robd=2 robw=32   2.7856   1.0019    38.83    14.70  Strongly Sust.
  bpt=nn l1da=4 l1d=32 l1ia=4 l1i=64 l2a=4 l2=256 l3a=4 l3=1024 nnbl=16 nnlr=0.005 robc=2 robd=2 robw=16   2.9891   1.0002    34.74    14.08  Strongly Sust.
  bpt=nn l1da=4 l1d=32 l1ia=4 l1i=16 l2a=4 l2=256 l3a=4 l3=1024 nnbl=16 nnlr=0.005 robc=10 robd=2 robw=16   3.0249   1.0002    33.91    13.99  Strongly Sust.
  bpt=nn l1da=4 l1d=16 l1ia=4 l1i=32 l2a=4 l2=256 l3a=4 l3=1024 nnbl=16 nnlr=0.005 robc=10 robd=2 robw=16   3.0264   0.9993    33.96    13.97  Strongly Sust.
  bpt=nn l1da=4 l1d=16 l1ia=4 l1i=32 l2a=4 l2=256 l3a=4 l3=1024 nnbl=64 nnlr=0.005 robc=10 robd=2 robw=16   3.0272   0.9977    33.96    13.97  Strongly Sust.
  bpt=nn l1da=4 l1d=32 l1ia=4 l1i=16 l2a=4 l2=256 l3a=4 l3=1024 nnbl=16 nnlr=0.0005 robc=10 robd=2 robw=16   3.0284   0.9932    33.91    13.97  Strongly Sust.
  bp=2048 bpt=a53 l1da=4 l1d=64 l1ia=4 l1i=32 l2a=4 l2=128 l3a=4 l3=1024 nhist=4 robc=8 robd=2 robw=32   3.0444   0.9746    33.43    13.94  Strongly Sust.
  bp=2048 bpt=a53 l1da=4 l1d=64 l1ia=4 l1i=32 l2a=4 l2=128 l3a=4 l3=1024 nhist=4 robc=8 robd=2 robw=16   3.0873   0.9746    33.35    13.75  Strongly Sust.
  bp=512 bpt=a53 l1da=4 l1d=64 l1ia=4 l1i=32 l2a=4 l2=128 l3a=4 l3=1024 nhist=4 robc=8 robd=2 robw=16   3.0873   0.9746    33.35    13.75  Strongly Sust.
  bpt=tage l1da=4 l1d=16 l1ia=4 l1i=32 l2a=4 l2=128 l3a=4 l3=1024 robc=10 robd=2 robw=16   3.1136   0.9724    32.98    13.67  Strongly Sust.
  bpt=nn l1da=4 l1d=16 l1ia=4 l1i=32 l2a=4 l2=128 l3a=4 l3=1024 nnbl=16 nnlr=0.001 robc=10 robd=2 robw=16   3.1144   0.9709    32.98    13.67  Strongly Sust.
  bpt=nn l1da=4 l1d=16 l1ia=4 l1i=32 l2a=4 l2=128 l3a=4 l3=1024 nnbl=64 nnlr=0.005 robc=10 robd=2 robw=16   3.1149   0.9699    32.98    13.66  Strongly Sust.
  bpt=nn l1da=4 l1d=16 l1ia=4 l1i=32 l2a=4 l2=128 l3a=4 l3=1024 nnbl=64 nnlr=0.001 robc=10 robd=2 robw=16   3.1153   0.9692    32.98    13.66  Strongly Sust.
  Ran sniper 1 time this iteration (196 total).

=== Iteration 191 ===
  Evaluating 1 configuration(s) (top acquisition score of 400 candidates)...
  [mesmo] bpt=pentium_m l1da=8 l1d=32 l1ia=8 l1i=64 l2a=8 l2=512 l3a=4 l3=1024 robc=10 robd=10 robw=16  ASI= 0.6301  S=1.0589  A=  62.97  P= 54.48  [Unsustainable]
  Deleted 1 non-Pareto output directory.

  Pareto front after iteration 191 (23 points, HV=3.2727):
  Params                                  ASI  Speedup     Area  PeakPow  Region
  ──────────────────────────────────────────────────────────────────────────────
  bpt=pentium_m l1da=8 l1d=64 l1ia=4 l1i=64 l2a=8 l2=512 l3a=4 l3=2048 robc=8 robd=4 robw=1024   0.2219   1.0609    72.96   142.35  Unsustainable
  bpt=pentium_m l1da=8 l1d=64 l1ia=8 l1i=16 l2a=4 l2=512 l3a=8 l3=4096 robc=10 robd=2 robw=1024   0.8626   1.0609    70.94    37.26  Unsustainable
  bpt=pentium_m l1da=4 l1d=64 l1ia=4 l1i=16 l2a=8 l2=512 l3a=16 l3=1024 robc=2 robd=2 robw=1024   1.1369   1.0609    47.72    33.88  Strongly Sust.
  bpt=pentium_m l1da=8 l1d=64 l1ia=8 l1i=16 l2a=8 l2=512 l3a=16 l3=1024 robc=10 robd=2 robw=512   1.5034   1.0608    50.78    25.06  Strongly Sust.
  bpt=pentium_m l1da=4 l1d=64 l1ia=8 l1i=64 l2a=8 l2=512 l3a=16 l3=2048 robc=10 robd=4 robw=128   1.6488   1.0608    53.40    22.41  Strongly Sust.
  bpt=pentium_m l1da=4 l1d=64 l1ia=8 l1i=64 l2a=8 l2=512 l3a=16 l3=2048 robc=8 robd=4 robw=128   1.6488   1.0607    53.40    22.41  Strongly Sust.
  bpt=pentium_m l1da=8 l1d=64 l1ia=8 l1i=64 l2a=8 l2=512 l3a=16 l3=4096 robc=8 robd=2 robw=32   1.7692   1.0606    66.61    18.84  Strongly Sust.
  bpt=pentium_m l1da=4 l1d=64 l1ia=8 l1i=32 l2a=8 l2=512 l3a=16 l3=1024 robc=8 robd=4 robw=64   1.7965   1.0606    48.05    21.39  Strongly Sust.
  bpt=pentium_m l1da=4 l1d=64 l1ia=4 l1i=16 l2a=8 l2=512 l3a=8 l3=1024 robc=10 robd=2 robw=64   2.5978   1.0606    41.00    15.54  Strongly Sust.
  bpt=nn l1da=4 l1d=64 l1ia=4 l1i=32 l2a=8 l2=512 l3a=4 l3=1024 nnbl=64 nnlr=0.0005 robc=8 robd=2 robw=32   2.6225   1.0606    41.18    15.37  Strongly Sust.
  bpt=tage l1da=8 l1d=64 l1ia=4 l1i=32 l2a=4 l2=256 l3a=8 l3=1024 robc=2 robd=2 robw=32   2.7856   1.0019    38.83    14.70  Strongly Sust.
  bpt=nn l1da=4 l1d=32 l1ia=4 l1i=64 l2a=4 l2=256 l3a=4 l3=1024 nnbl=16 nnlr=0.005 robc=2 robd=2 robw=16   2.9891   1.0002    34.74    14.08  Strongly Sust.
  bpt=nn l1da=4 l1d=32 l1ia=4 l1i=16 l2a=4 l2=256 l3a=4 l3=1024 nnbl=16 nnlr=0.005 robc=10 robd=2 robw=16   3.0249   1.0002    33.91    13.99  Strongly Sust.
  bpt=nn l1da=4 l1d=16 l1ia=4 l1i=32 l2a=4 l2=256 l3a=4 l3=1024 nnbl=16 nnlr=0.005 robc=10 robd=2 robw=16   3.0264   0.9993    33.96    13.97  Strongly Sust.
  bpt=nn l1da=4 l1d=16 l1ia=4 l1i=32 l2a=4 l2=256 l3a=4 l3=1024 nnbl=64 nnlr=0.005 robc=10 robd=2 robw=16   3.0272   0.9977    33.96    13.97  Strongly Sust.
  bpt=nn l1da=4 l1d=32 l1ia=4 l1i=16 l2a=4 l2=256 l3a=4 l3=1024 nnbl=16 nnlr=0.0005 robc=10 robd=2 robw=16   3.0284   0.9932    33.91    13.97  Strongly Sust.
  bp=2048 bpt=a53 l1da=4 l1d=64 l1ia=4 l1i=32 l2a=4 l2=128 l3a=4 l3=1024 nhist=4 robc=8 robd=2 robw=32   3.0444   0.9746    33.43    13.94  Strongly Sust.
  bp=2048 bpt=a53 l1da=4 l1d=64 l1ia=4 l1i=32 l2a=4 l2=128 l3a=4 l3=1024 nhist=4 robc=8 robd=2 robw=16   3.0873   0.9746    33.35    13.75  Strongly Sust.
  bp=512 bpt=a53 l1da=4 l1d=64 l1ia=4 l1i=32 l2a=4 l2=128 l3a=4 l3=1024 nhist=4 robc=8 robd=2 robw=16   3.0873   0.9746    33.35    13.75  Strongly Sust.
  bpt=tage l1da=4 l1d=16 l1ia=4 l1i=32 l2a=4 l2=128 l3a=4 l3=1024 robc=10 robd=2 robw=16   3.1136   0.9724    32.98    13.67  Strongly Sust.
  bpt=nn l1da=4 l1d=16 l1ia=4 l1i=32 l2a=4 l2=128 l3a=4 l3=1024 nnbl=16 nnlr=0.001 robc=10 robd=2 robw=16   3.1144   0.9709    32.98    13.67  Strongly Sust.
  bpt=nn l1da=4 l1d=16 l1ia=4 l1i=32 l2a=4 l2=128 l3a=4 l3=1024 nnbl=64 nnlr=0.005 robc=10 robd=2 robw=16   3.1149   0.9699    32.98    13.66  Strongly Sust.
  bpt=nn l1da=4 l1d=16 l1ia=4 l1i=32 l2a=4 l2=128 l3a=4 l3=1024 nnbl=64 nnlr=0.001 robc=10 robd=2 robw=16   3.1153   0.9692    32.98    13.66  Strongly Sust.
  Ran sniper 1 time this iteration (197 total).

=== Iteration 192 ===
  Evaluating 1 configuration(s) (top acquisition score of 400 candidates)...
  [mesmo] bp=2048 bpt=a53 l1da=4 l1d=16 l1ia=4 l1i=32 l2a=4 l2=128 l3a=4 l3=1024 nhist=4 robc=8 robd=2 robw=32  ASI= 3.0701  S=0.9724  A=  33.07  P= 13.86  [Strongly Sust.]
  Deleted 1 non-Pareto output directory.

  Pareto front after iteration 192 (23 points, HV=3.2727):
  Params                                  ASI  Speedup     Area  PeakPow  Region
  ──────────────────────────────────────────────────────────────────────────────
  bpt=pentium_m l1da=8 l1d=64 l1ia=4 l1i=64 l2a=8 l2=512 l3a=4 l3=2048 robc=8 robd=4 robw=1024   0.2219   1.0609    72.96   142.35  Unsustainable
  bpt=pentium_m l1da=8 l1d=64 l1ia=8 l1i=16 l2a=4 l2=512 l3a=8 l3=4096 robc=10 robd=2 robw=1024   0.8626   1.0609    70.94    37.26  Unsustainable
  bpt=pentium_m l1da=4 l1d=64 l1ia=4 l1i=16 l2a=8 l2=512 l3a=16 l3=1024 robc=2 robd=2 robw=1024   1.1369   1.0609    47.72    33.88  Strongly Sust.
  bpt=pentium_m l1da=8 l1d=64 l1ia=8 l1i=16 l2a=8 l2=512 l3a=16 l3=1024 robc=10 robd=2 robw=512   1.5034   1.0608    50.78    25.06  Strongly Sust.
  bpt=pentium_m l1da=4 l1d=64 l1ia=8 l1i=64 l2a=8 l2=512 l3a=16 l3=2048 robc=10 robd=4 robw=128   1.6488   1.0608    53.40    22.41  Strongly Sust.
  bpt=pentium_m l1da=4 l1d=64 l1ia=8 l1i=64 l2a=8 l2=512 l3a=16 l3=2048 robc=8 robd=4 robw=128   1.6488   1.0607    53.40    22.41  Strongly Sust.
  bpt=pentium_m l1da=8 l1d=64 l1ia=8 l1i=64 l2a=8 l2=512 l3a=16 l3=4096 robc=8 robd=2 robw=32   1.7692   1.0606    66.61    18.84  Strongly Sust.
  bpt=pentium_m l1da=4 l1d=64 l1ia=8 l1i=32 l2a=8 l2=512 l3a=16 l3=1024 robc=8 robd=4 robw=64   1.7965   1.0606    48.05    21.39  Strongly Sust.
  bpt=pentium_m l1da=4 l1d=64 l1ia=4 l1i=16 l2a=8 l2=512 l3a=8 l3=1024 robc=10 robd=2 robw=64   2.5978   1.0606    41.00    15.54  Strongly Sust.
  bpt=nn l1da=4 l1d=64 l1ia=4 l1i=32 l2a=8 l2=512 l3a=4 l3=1024 nnbl=64 nnlr=0.0005 robc=8 robd=2 robw=32   2.6225   1.0606    41.18    15.37  Strongly Sust.
  bpt=tage l1da=8 l1d=64 l1ia=4 l1i=32 l2a=4 l2=256 l3a=8 l3=1024 robc=2 robd=2 robw=32   2.7856   1.0019    38.83    14.70  Strongly Sust.
  bpt=nn l1da=4 l1d=32 l1ia=4 l1i=64 l2a=4 l2=256 l3a=4 l3=1024 nnbl=16 nnlr=0.005 robc=2 robd=2 robw=16   2.9891   1.0002    34.74    14.08  Strongly Sust.
  bpt=nn l1da=4 l1d=32 l1ia=4 l1i=16 l2a=4 l2=256 l3a=4 l3=1024 nnbl=16 nnlr=0.005 robc=10 robd=2 robw=16   3.0249   1.0002    33.91    13.99  Strongly Sust.
  bpt=nn l1da=4 l1d=16 l1ia=4 l1i=32 l2a=4 l2=256 l3a=4 l3=1024 nnbl=16 nnlr=0.005 robc=10 robd=2 robw=16   3.0264   0.9993    33.96    13.97  Strongly Sust.
  bpt=nn l1da=4 l1d=16 l1ia=4 l1i=32 l2a=4 l2=256 l3a=4 l3=1024 nnbl=64 nnlr=0.005 robc=10 robd=2 robw=16   3.0272   0.9977    33.96    13.97  Strongly Sust.
  bpt=nn l1da=4 l1d=32 l1ia=4 l1i=16 l2a=4 l2=256 l3a=4 l3=1024 nnbl=16 nnlr=0.0005 robc=10 robd=2 robw=16   3.0284   0.9932    33.91    13.97  Strongly Sust.
  bp=2048 bpt=a53 l1da=4 l1d=64 l1ia=4 l1i=32 l2a=4 l2=128 l3a=4 l3=1024 nhist=4 robc=8 robd=2 robw=32   3.0444   0.9746    33.43    13.94  Strongly Sust.
  bp=2048 bpt=a53 l1da=4 l1d=64 l1ia=4 l1i=32 l2a=4 l2=128 l3a=4 l3=1024 nhist=4 robc=8 robd=2 robw=16   3.0873   0.9746    33.35    13.75  Strongly Sust.
  bp=512 bpt=a53 l1da=4 l1d=64 l1ia=4 l1i=32 l2a=4 l2=128 l3a=4 l3=1024 nhist=4 robc=8 robd=2 robw=16   3.0873   0.9746    33.35    13.75  Strongly Sust.
  bpt=tage l1da=4 l1d=16 l1ia=4 l1i=32 l2a=4 l2=128 l3a=4 l3=1024 robc=10 robd=2 robw=16   3.1136   0.9724    32.98    13.67  Strongly Sust.
  bpt=nn l1da=4 l1d=16 l1ia=4 l1i=32 l2a=4 l2=128 l3a=4 l3=1024 nnbl=16 nnlr=0.001 robc=10 robd=2 robw=16   3.1144   0.9709    32.98    13.67  Strongly Sust.
  bpt=nn l1da=4 l1d=16 l1ia=4 l1i=32 l2a=4 l2=128 l3a=4 l3=1024 nnbl=64 nnlr=0.005 robc=10 robd=2 robw=16   3.1149   0.9699    32.98    13.66  Strongly Sust.
  bpt=nn l1da=4 l1d=16 l1ia=4 l1i=32 l2a=4 l2=128 l3a=4 l3=1024 nnbl=64 nnlr=0.001 robc=10 robd=2 robw=16   3.1153   0.9692    32.98    13.66  Strongly Sust.
  Ran sniper 1 time this iteration (198 total).

=== Iteration 193 ===
  Evaluating 1 configuration(s) (top acquisition score of 400 candidates)...
  [mesmo] bp=2048 bpt=a53 l1da=4 l1d=32 l1ia=4 l1i=64 l2a=8 l2=512 l3a=4 l3=1024 nhist=4 robc=10 robd=10 robw=64  ASI= 0.6035  S=1.0589  A=  59.70  P= 58.37  [Unsustainable]
  Deleted 1 non-Pareto output directory.

  Pareto front after iteration 193 (23 points, HV=3.2727):
  Params                                  ASI  Speedup     Area  PeakPow  Region
  ──────────────────────────────────────────────────────────────────────────────
  bpt=pentium_m l1da=8 l1d=64 l1ia=4 l1i=64 l2a=8 l2=512 l3a=4 l3=2048 robc=8 robd=4 robw=1024   0.2219   1.0609    72.96   142.35  Unsustainable
  bpt=pentium_m l1da=8 l1d=64 l1ia=8 l1i=16 l2a=4 l2=512 l3a=8 l3=4096 robc=10 robd=2 robw=1024   0.8626   1.0609    70.94    37.26  Unsustainable
  bpt=pentium_m l1da=4 l1d=64 l1ia=4 l1i=16 l2a=8 l2=512 l3a=16 l3=1024 robc=2 robd=2 robw=1024   1.1369   1.0609    47.72    33.88  Strongly Sust.
  bpt=pentium_m l1da=8 l1d=64 l1ia=8 l1i=16 l2a=8 l2=512 l3a=16 l3=1024 robc=10 robd=2 robw=512   1.5034   1.0608    50.78    25.06  Strongly Sust.
  bpt=pentium_m l1da=4 l1d=64 l1ia=8 l1i=64 l2a=8 l2=512 l3a=16 l3=2048 robc=10 robd=4 robw=128   1.6488   1.0608    53.40    22.41  Strongly Sust.
  bpt=pentium_m l1da=4 l1d=64 l1ia=8 l1i=64 l2a=8 l2=512 l3a=16 l3=2048 robc=8 robd=4 robw=128   1.6488   1.0607    53.40    22.41  Strongly Sust.
  bpt=pentium_m l1da=8 l1d=64 l1ia=8 l1i=64 l2a=8 l2=512 l3a=16 l3=4096 robc=8 robd=2 robw=32   1.7692   1.0606    66.61    18.84  Strongly Sust.
  bpt=pentium_m l1da=4 l1d=64 l1ia=8 l1i=32 l2a=8 l2=512 l3a=16 l3=1024 robc=8 robd=4 robw=64   1.7965   1.0606    48.05    21.39  Strongly Sust.
  bpt=pentium_m l1da=4 l1d=64 l1ia=4 l1i=16 l2a=8 l2=512 l3a=8 l3=1024 robc=10 robd=2 robw=64   2.5978   1.0606    41.00    15.54  Strongly Sust.
  bpt=nn l1da=4 l1d=64 l1ia=4 l1i=32 l2a=8 l2=512 l3a=4 l3=1024 nnbl=64 nnlr=0.0005 robc=8 robd=2 robw=32   2.6225   1.0606    41.18    15.37  Strongly Sust.
  bpt=tage l1da=8 l1d=64 l1ia=4 l1i=32 l2a=4 l2=256 l3a=8 l3=1024 robc=2 robd=2 robw=32   2.7856   1.0019    38.83    14.70  Strongly Sust.
  bpt=nn l1da=4 l1d=32 l1ia=4 l1i=64 l2a=4 l2=256 l3a=4 l3=1024 nnbl=16 nnlr=0.005 robc=2 robd=2 robw=16   2.9891   1.0002    34.74    14.08  Strongly Sust.
  bpt=nn l1da=4 l1d=32 l1ia=4 l1i=16 l2a=4 l2=256 l3a=4 l3=1024 nnbl=16 nnlr=0.005 robc=10 robd=2 robw=16   3.0249   1.0002    33.91    13.99  Strongly Sust.
  bpt=nn l1da=4 l1d=16 l1ia=4 l1i=32 l2a=4 l2=256 l3a=4 l3=1024 nnbl=16 nnlr=0.005 robc=10 robd=2 robw=16   3.0264   0.9993    33.96    13.97  Strongly Sust.
  bpt=nn l1da=4 l1d=16 l1ia=4 l1i=32 l2a=4 l2=256 l3a=4 l3=1024 nnbl=64 nnlr=0.005 robc=10 robd=2 robw=16   3.0272   0.9977    33.96    13.97  Strongly Sust.
  bpt=nn l1da=4 l1d=32 l1ia=4 l1i=16 l2a=4 l2=256 l3a=4 l3=1024 nnbl=16 nnlr=0.0005 robc=10 robd=2 robw=16   3.0284   0.9932    33.91    13.97  Strongly Sust.
  bp=2048 bpt=a53 l1da=4 l1d=64 l1ia=4 l1i=32 l2a=4 l2=128 l3a=4 l3=1024 nhist=4 robc=8 robd=2 robw=32   3.0444   0.9746    33.43    13.94  Strongly Sust.
  bp=2048 bpt=a53 l1da=4 l1d=64 l1ia=4 l1i=32 l2a=4 l2=128 l3a=4 l3=1024 nhist=4 robc=8 robd=2 robw=16   3.0873   0.9746    33.35    13.75  Strongly Sust.
  bp=512 bpt=a53 l1da=4 l1d=64 l1ia=4 l1i=32 l2a=4 l2=128 l3a=4 l3=1024 nhist=4 robc=8 robd=2 robw=16   3.0873   0.9746    33.35    13.75  Strongly Sust.
  bpt=tage l1da=4 l1d=16 l1ia=4 l1i=32 l2a=4 l2=128 l3a=4 l3=1024 robc=10 robd=2 robw=16   3.1136   0.9724    32.98    13.67  Strongly Sust.
  bpt=nn l1da=4 l1d=16 l1ia=4 l1i=32 l2a=4 l2=128 l3a=4 l3=1024 nnbl=16 nnlr=0.001 robc=10 robd=2 robw=16   3.1144   0.9709    32.98    13.67  Strongly Sust.
  bpt=nn l1da=4 l1d=16 l1ia=4 l1i=32 l2a=4 l2=128 l3a=4 l3=1024 nnbl=64 nnlr=0.005 robc=10 robd=2 robw=16   3.1149   0.9699    32.98    13.66  Strongly Sust.
  bpt=nn l1da=4 l1d=16 l1ia=4 l1i=32 l2a=4 l2=128 l3a=4 l3=1024 nnbl=64 nnlr=0.001 robc=10 robd=2 robw=16   3.1153   0.9692    32.98    13.66  Strongly Sust.
  Ran sniper 1 time this iteration (199 total).

=== Iteration 194 ===
  Evaluating 1 configuration(s) (top acquisition score of 400 candidates)...
  [mesmo] bpt=nn l1da=4 l1d=64 l1ia=4 l1i=32 l2a=4 l2=128 l3a=4 l3=1024 nnbl=16 nnlr=0.0005 robc=8 robd=2 robw=16  ASI= 3.0877  S=0.9738  A=  33.35  P= 13.75  [Strongly Sust.]

  Pareto front after iteration 194 (24 points, HV=3.2727):
  Params                                  ASI  Speedup     Area  PeakPow  Region
  ──────────────────────────────────────────────────────────────────────────────
  bpt=pentium_m l1da=8 l1d=64 l1ia=4 l1i=64 l2a=8 l2=512 l3a=4 l3=2048 robc=8 robd=4 robw=1024   0.2219   1.0609    72.96   142.35  Unsustainable
  bpt=pentium_m l1da=8 l1d=64 l1ia=8 l1i=16 l2a=4 l2=512 l3a=8 l3=4096 robc=10 robd=2 robw=1024   0.8626   1.0609    70.94    37.26  Unsustainable
  bpt=pentium_m l1da=4 l1d=64 l1ia=4 l1i=16 l2a=8 l2=512 l3a=16 l3=1024 robc=2 robd=2 robw=1024   1.1369   1.0609    47.72    33.88  Strongly Sust.
  bpt=pentium_m l1da=8 l1d=64 l1ia=8 l1i=16 l2a=8 l2=512 l3a=16 l3=1024 robc=10 robd=2 robw=512   1.5034   1.0608    50.78    25.06  Strongly Sust.
  bpt=pentium_m l1da=4 l1d=64 l1ia=8 l1i=64 l2a=8 l2=512 l3a=16 l3=2048 robc=10 robd=4 robw=128   1.6488   1.0608    53.40    22.41  Strongly Sust.
  bpt=pentium_m l1da=4 l1d=64 l1ia=8 l1i=64 l2a=8 l2=512 l3a=16 l3=2048 robc=8 robd=4 robw=128   1.6488   1.0607    53.40    22.41  Strongly Sust.
  bpt=pentium_m l1da=8 l1d=64 l1ia=8 l1i=64 l2a=8 l2=512 l3a=16 l3=4096 robc=8 robd=2 robw=32   1.7692   1.0606    66.61    18.84  Strongly Sust.
  bpt=pentium_m l1da=4 l1d=64 l1ia=8 l1i=32 l2a=8 l2=512 l3a=16 l3=1024 robc=8 robd=4 robw=64   1.7965   1.0606    48.05    21.39  Strongly Sust.
  bpt=pentium_m l1da=4 l1d=64 l1ia=4 l1i=16 l2a=8 l2=512 l3a=8 l3=1024 robc=10 robd=2 robw=64   2.5978   1.0606    41.00    15.54  Strongly Sust.
  bpt=nn l1da=4 l1d=64 l1ia=4 l1i=32 l2a=8 l2=512 l3a=4 l3=1024 nnbl=64 nnlr=0.0005 robc=8 robd=2 robw=32   2.6225   1.0606    41.18    15.37  Strongly Sust.
  bpt=tage l1da=8 l1d=64 l1ia=4 l1i=32 l2a=4 l2=256 l3a=8 l3=1024 robc=2 robd=2 robw=32   2.7856   1.0019    38.83    14.70  Strongly Sust.
  bpt=nn l1da=4 l1d=32 l1ia=4 l1i=64 l2a=4 l2=256 l3a=4 l3=1024 nnbl=16 nnlr=0.005 robc=2 robd=2 robw=16   2.9891   1.0002    34.74    14.08  Strongly Sust.
  bpt=nn l1da=4 l1d=32 l1ia=4 l1i=16 l2a=4 l2=256 l3a=4 l3=1024 nnbl=16 nnlr=0.005 robc=10 robd=2 robw=16   3.0249   1.0002    33.91    13.99  Strongly Sust.
  bpt=nn l1da=4 l1d=16 l1ia=4 l1i=32 l2a=4 l2=256 l3a=4 l3=1024 nnbl=16 nnlr=0.005 robc=10 robd=2 robw=16   3.0264   0.9993    33.96    13.97  Strongly Sust.
  bpt=nn l1da=4 l1d=16 l1ia=4 l1i=32 l2a=4 l2=256 l3a=4 l3=1024 nnbl=64 nnlr=0.005 robc=10 robd=2 robw=16   3.0272   0.9977    33.96    13.97  Strongly Sust.
  bpt=nn l1da=4 l1d=32 l1ia=4 l1i=16 l2a=4 l2=256 l3a=4 l3=1024 nnbl=16 nnlr=0.0005 robc=10 robd=2 robw=16   3.0284   0.9932    33.91    13.97  Strongly Sust.
  bp=2048 bpt=a53 l1da=4 l1d=64 l1ia=4 l1i=32 l2a=4 l2=128 l3a=4 l3=1024 nhist=4 robc=8 robd=2 robw=32   3.0444   0.9746    33.43    13.94  Strongly Sust.
  bp=2048 bpt=a53 l1da=4 l1d=64 l1ia=4 l1i=32 l2a=4 l2=128 l3a=4 l3=1024 nhist=4 robc=8 robd=2 robw=16   3.0873   0.9746    33.35    13.75  Strongly Sust.
  bp=512 bpt=a53 l1da=4 l1d=64 l1ia=4 l1i=32 l2a=4 l2=128 l3a=4 l3=1024 nhist=4 robc=8 robd=2 robw=16   3.0873   0.9746    33.35    13.75  Strongly Sust.
  bpt=nn l1da=4 l1d=64 l1ia=4 l1i=32 l2a=4 l2=128 l3a=4 l3=1024 nnbl=16 nnlr=0.0005 robc=8 robd=2 robw=16   3.0877   0.9738    33.35    13.75  Strongly Sust.
  bpt=tage l1da=4 l1d=16 l1ia=4 l1i=32 l2a=4 l2=128 l3a=4 l3=1024 robc=10 robd=2 robw=16   3.1136   0.9724    32.98    13.67  Strongly Sust.
  bpt=nn l1da=4 l1d=16 l1ia=4 l1i=32 l2a=4 l2=128 l3a=4 l3=1024 nnbl=16 nnlr=0.001 robc=10 robd=2 robw=16   3.1144   0.9709    32.98    13.67  Strongly Sust.
  bpt=nn l1da=4 l1d=16 l1ia=4 l1i=32 l2a=4 l2=128 l3a=4 l3=1024 nnbl=64 nnlr=0.005 robc=10 robd=2 robw=16   3.1149   0.9699    32.98    13.66  Strongly Sust.
  bpt=nn l1da=4 l1d=16 l1ia=4 l1i=32 l2a=4 l2=128 l3a=4 l3=1024 nnbl=64 nnlr=0.001 robc=10 robd=2 robw=16   3.1153   0.9692    32.98    13.66  Strongly Sust.
  Ran sniper 1 time this iteration (200 total).

=== Iteration 195 ===
  Evaluating 1 configuration(s) (top acquisition score of 400 candidates)...
  [mesmo] bp=2048 bpt=a53 l1da=8 l1d=16 l1ia=8 l1i=32 l2a=4 l2=512 l3a=8 l3=2048 nhist=2 robc=2 robd=10 robw=512  ASI= 0.0090  S=1.0583  A= 141.05  P=1434.38  [Unsustainable]
  Deleted 1 non-Pareto output directory.

  Pareto front after iteration 195 (24 points, HV=3.2727):
  Params                                  ASI  Speedup     Area  PeakPow  Region
  ──────────────────────────────────────────────────────────────────────────────
  bpt=pentium_m l1da=8 l1d=64 l1ia=4 l1i=64 l2a=8 l2=512 l3a=4 l3=2048 robc=8 robd=4 robw=1024   0.2219   1.0609    72.96   142.35  Unsustainable
  bpt=pentium_m l1da=8 l1d=64 l1ia=8 l1i=16 l2a=4 l2=512 l3a=8 l3=4096 robc=10 robd=2 robw=1024   0.8626   1.0609    70.94    37.26  Unsustainable
  bpt=pentium_m l1da=4 l1d=64 l1ia=4 l1i=16 l2a=8 l2=512 l3a=16 l3=1024 robc=2 robd=2 robw=1024   1.1369   1.0609    47.72    33.88  Strongly Sust.
  bpt=pentium_m l1da=8 l1d=64 l1ia=8 l1i=16 l2a=8 l2=512 l3a=16 l3=1024 robc=10 robd=2 robw=512   1.5034   1.0608    50.78    25.06  Strongly Sust.
  bpt=pentium_m l1da=4 l1d=64 l1ia=8 l1i=64 l2a=8 l2=512 l3a=16 l3=2048 robc=10 robd=4 robw=128   1.6488   1.0608    53.40    22.41  Strongly Sust.
  bpt=pentium_m l1da=4 l1d=64 l1ia=8 l1i=64 l2a=8 l2=512 l3a=16 l3=2048 robc=8 robd=4 robw=128   1.6488   1.0607    53.40    22.41  Strongly Sust.
  bpt=pentium_m l1da=8 l1d=64 l1ia=8 l1i=64 l2a=8 l2=512 l3a=16 l3=4096 robc=8 robd=2 robw=32   1.7692   1.0606    66.61    18.84  Strongly Sust.
  bpt=pentium_m l1da=4 l1d=64 l1ia=8 l1i=32 l2a=8 l2=512 l3a=16 l3=1024 robc=8 robd=4 robw=64   1.7965   1.0606    48.05    21.39  Strongly Sust.
  bpt=pentium_m l1da=4 l1d=64 l1ia=4 l1i=16 l2a=8 l2=512 l3a=8 l3=1024 robc=10 robd=2 robw=64   2.5978   1.0606    41.00    15.54  Strongly Sust.
  bpt=nn l1da=4 l1d=64 l1ia=4 l1i=32 l2a=8 l2=512 l3a=4 l3=1024 nnbl=64 nnlr=0.0005 robc=8 robd=2 robw=32   2.6225   1.0606    41.18    15.37  Strongly Sust.
  bpt=tage l1da=8 l1d=64 l1ia=4 l1i=32 l2a=4 l2=256 l3a=8 l3=1024 robc=2 robd=2 robw=32   2.7856   1.0019    38.83    14.70  Strongly Sust.
  bpt=nn l1da=4 l1d=32 l1ia=4 l1i=64 l2a=4 l2=256 l3a=4 l3=1024 nnbl=16 nnlr=0.005 robc=2 robd=2 robw=16   2.9891   1.0002    34.74    14.08  Strongly Sust.
  bpt=nn l1da=4 l1d=32 l1ia=4 l1i=16 l2a=4 l2=256 l3a=4 l3=1024 nnbl=16 nnlr=0.005 robc=10 robd=2 robw=16   3.0249   1.0002    33.91    13.99  Strongly Sust.
  bpt=nn l1da=4 l1d=16 l1ia=4 l1i=32 l2a=4 l2=256 l3a=4 l3=1024 nnbl=16 nnlr=0.005 robc=10 robd=2 robw=16   3.0264   0.9993    33.96    13.97  Strongly Sust.
  bpt=nn l1da=4 l1d=16 l1ia=4 l1i=32 l2a=4 l2=256 l3a=4 l3=1024 nnbl=64 nnlr=0.005 robc=10 robd=2 robw=16   3.0272   0.9977    33.96    13.97  Strongly Sust.
  bpt=nn l1da=4 l1d=32 l1ia=4 l1i=16 l2a=4 l2=256 l3a=4 l3=1024 nnbl=16 nnlr=0.0005 robc=10 robd=2 robw=16   3.0284   0.9932    33.91    13.97  Strongly Sust.
  bp=2048 bpt=a53 l1da=4 l1d=64 l1ia=4 l1i=32 l2a=4 l2=128 l3a=4 l3=1024 nhist=4 robc=8 robd=2 robw=32   3.0444   0.9746    33.43    13.94  Strongly Sust.
  bp=2048 bpt=a53 l1da=4 l1d=64 l1ia=4 l1i=32 l2a=4 l2=128 l3a=4 l3=1024 nhist=4 robc=8 robd=2 robw=16   3.0873   0.9746    33.35    13.75  Strongly Sust.
  bp=512 bpt=a53 l1da=4 l1d=64 l1ia=4 l1i=32 l2a=4 l2=128 l3a=4 l3=1024 nhist=4 robc=8 robd=2 robw=16   3.0873   0.9746    33.35    13.75  Strongly Sust.
  bpt=nn l1da=4 l1d=64 l1ia=4 l1i=32 l2a=4 l2=128 l3a=4 l3=1024 nnbl=16 nnlr=0.0005 robc=8 robd=2 robw=16   3.0877   0.9738    33.35    13.75  Strongly Sust.
  bpt=tage l1da=4 l1d=16 l1ia=4 l1i=32 l2a=4 l2=128 l3a=4 l3=1024 robc=10 robd=2 robw=16   3.1136   0.9724    32.98    13.67  Strongly Sust.
  bpt=nn l1da=4 l1d=16 l1ia=4 l1i=32 l2a=4 l2=128 l3a=4 l3=1024 nnbl=16 nnlr=0.001 robc=10 robd=2 robw=16   3.1144   0.9709    32.98    13.67  Strongly Sust.
  bpt=nn l1da=4 l1d=16 l1ia=4 l1i=32 l2a=4 l2=128 l3a=4 l3=1024 nnbl=64 nnlr=0.005 robc=10 robd=2 robw=16   3.1149   0.9699    32.98    13.66  Strongly Sust.
  bpt=nn l1da=4 l1d=16 l1ia=4 l1i=32 l2a=4 l2=128 l3a=4 l3=1024 nnbl=64 nnlr=0.001 robc=10 robd=2 robw=16   3.1153   0.9692    32.98    13.66  Strongly Sust.
  Ran sniper 1 time this iteration (201 total).

=== Iteration 196 ===
  Evaluating 1 configuration(s) (top acquisition score of 400 candidates)...
  [mesmo] bp=1024 bpt=a53 l1da=8 l1d=32 l1ia=4 l1i=16 l2a=8 l2=512 l3a=8 l3=2048 nhist=4 robc=4 robd=8 robw=512  ASI= 0.0287  S=1.0591  A= 108.38  P=761.19  [Unsustainable]
  Deleted 1 non-Pareto output directory.

  Pareto front after iteration 196 (24 points, HV=3.2727):
  Params                                  ASI  Speedup     Area  PeakPow  Region
  ──────────────────────────────────────────────────────────────────────────────
  bpt=pentium_m l1da=8 l1d=64 l1ia=4 l1i=64 l2a=8 l2=512 l3a=4 l3=2048 robc=8 robd=4 robw=1024   0.2219   1.0609    72.96   142.35  Unsustainable
  bpt=pentium_m l1da=8 l1d=64 l1ia=8 l1i=16 l2a=4 l2=512 l3a=8 l3=4096 robc=10 robd=2 robw=1024   0.8626   1.0609    70.94    37.26  Unsustainable
  bpt=pentium_m l1da=4 l1d=64 l1ia=4 l1i=16 l2a=8 l2=512 l3a=16 l3=1024 robc=2 robd=2 robw=1024   1.1369   1.0609    47.72    33.88  Strongly Sust.
  bpt=pentium_m l1da=8 l1d=64 l1ia=8 l1i=16 l2a=8 l2=512 l3a=16 l3=1024 robc=10 robd=2 robw=512   1.5034   1.0608    50.78    25.06  Strongly Sust.
  bpt=pentium_m l1da=4 l1d=64 l1ia=8 l1i=64 l2a=8 l2=512 l3a=16 l3=2048 robc=10 robd=4 robw=128   1.6488   1.0608    53.40    22.41  Strongly Sust.
  bpt=pentium_m l1da=4 l1d=64 l1ia=8 l1i=64 l2a=8 l2=512 l3a=16 l3=2048 robc=8 robd=4 robw=128   1.6488   1.0607    53.40    22.41  Strongly Sust.
  bpt=pentium_m l1da=8 l1d=64 l1ia=8 l1i=64 l2a=8 l2=512 l3a=16 l3=4096 robc=8 robd=2 robw=32   1.7692   1.0606    66.61    18.84  Strongly Sust.
  bpt=pentium_m l1da=4 l1d=64 l1ia=8 l1i=32 l2a=8 l2=512 l3a=16 l3=1024 robc=8 robd=4 robw=64   1.7965   1.0606    48.05    21.39  Strongly Sust.
  bpt=pentium_m l1da=4 l1d=64 l1ia=4 l1i=16 l2a=8 l2=512 l3a=8 l3=1024 robc=10 robd=2 robw=64   2.5978   1.0606    41.00    15.54  Strongly Sust.
  bpt=nn l1da=4 l1d=64 l1ia=4 l1i=32 l2a=8 l2=512 l3a=4 l3=1024 nnbl=64 nnlr=0.0005 robc=8 robd=2 robw=32   2.6225   1.0606    41.18    15.37  Strongly Sust.
  bpt=tage l1da=8 l1d=64 l1ia=4 l1i=32 l2a=4 l2=256 l3a=8 l3=1024 robc=2 robd=2 robw=32   2.7856   1.0019    38.83    14.70  Strongly Sust.
  bpt=nn l1da=4 l1d=32 l1ia=4 l1i=64 l2a=4 l2=256 l3a=4 l3=1024 nnbl=16 nnlr=0.005 robc=2 robd=2 robw=16   2.9891   1.0002    34.74    14.08  Strongly Sust.
  bpt=nn l1da=4 l1d=32 l1ia=4 l1i=16 l2a=4 l2=256 l3a=4 l3=1024 nnbl=16 nnlr=0.005 robc=10 robd=2 robw=16   3.0249   1.0002    33.91    13.99  Strongly Sust.
  bpt=nn l1da=4 l1d=16 l1ia=4 l1i=32 l2a=4 l2=256 l3a=4 l3=1024 nnbl=16 nnlr=0.005 robc=10 robd=2 robw=16   3.0264   0.9993    33.96    13.97  Strongly Sust.
  bpt=nn l1da=4 l1d=16 l1ia=4 l1i=32 l2a=4 l2=256 l3a=4 l3=1024 nnbl=64 nnlr=0.005 robc=10 robd=2 robw=16   3.0272   0.9977    33.96    13.97  Strongly Sust.
  bpt=nn l1da=4 l1d=32 l1ia=4 l1i=16 l2a=4 l2=256 l3a=4 l3=1024 nnbl=16 nnlr=0.0005 robc=10 robd=2 robw=16   3.0284   0.9932    33.91    13.97  Strongly Sust.
  bp=2048 bpt=a53 l1da=4 l1d=64 l1ia=4 l1i=32 l2a=4 l2=128 l3a=4 l3=1024 nhist=4 robc=8 robd=2 robw=32   3.0444   0.9746    33.43    13.94  Strongly Sust.
  bp=2048 bpt=a53 l1da=4 l1d=64 l1ia=4 l1i=32 l2a=4 l2=128 l3a=4 l3=1024 nhist=4 robc=8 robd=2 robw=16   3.0873   0.9746    33.35    13.75  Strongly Sust.
  bp=512 bpt=a53 l1da=4 l1d=64 l1ia=4 l1i=32 l2a=4 l2=128 l3a=4 l3=1024 nhist=4 robc=8 robd=2 robw=16   3.0873   0.9746    33.35    13.75  Strongly Sust.
  bpt=nn l1da=4 l1d=64 l1ia=4 l1i=32 l2a=4 l2=128 l3a=4 l3=1024 nnbl=16 nnlr=0.0005 robc=8 robd=2 robw=16   3.0877   0.9738    33.35    13.75  Strongly Sust.
  bpt=tage l1da=4 l1d=16 l1ia=4 l1i=32 l2a=4 l2=128 l3a=4 l3=1024 robc=10 robd=2 robw=16   3.1136   0.9724    32.98    13.67  Strongly Sust.
  bpt=nn l1da=4 l1d=16 l1ia=4 l1i=32 l2a=4 l2=128 l3a=4 l3=1024 nnbl=16 nnlr=0.001 robc=10 robd=2 robw=16   3.1144   0.9709    32.98    13.67  Strongly Sust.
  bpt=nn l1da=4 l1d=16 l1ia=4 l1i=32 l2a=4 l2=128 l3a=4 l3=1024 nnbl=64 nnlr=0.005 robc=10 robd=2 robw=16   3.1149   0.9699    32.98    13.66  Strongly Sust.
  bpt=nn l1da=4 l1d=16 l1ia=4 l1i=32 l2a=4 l2=128 l3a=4 l3=1024 nnbl=64 nnlr=0.001 robc=10 robd=2 robw=16   3.1153   0.9692    32.98    13.66  Strongly Sust.
  Ran sniper 1 time this iteration (202 total).

=== Iteration 197 ===
  Evaluating 1 configuration(s) (top acquisition score of 400 candidates)...
  [mesmo] bp=2048 bpt=a53 l1da=4 l1d=64 l1ia=4 l1i=64 l2a=8 l2=256 l3a=8 l3=1024 nhist=2 robc=4 robd=2 robw=16  ASI= 2.9603  S=1.0013  A=  35.45  P= 14.15  [Strongly Sust.]

  Pareto front after iteration 197 (25 points, HV=3.2729):
  Params                                  ASI  Speedup     Area  PeakPow  Region
  ──────────────────────────────────────────────────────────────────────────────
  bpt=pentium_m l1da=8 l1d=64 l1ia=4 l1i=64 l2a=8 l2=512 l3a=4 l3=2048 robc=8 robd=4 robw=1024   0.2219   1.0609    72.96   142.35  Unsustainable
  bpt=pentium_m l1da=8 l1d=64 l1ia=8 l1i=16 l2a=4 l2=512 l3a=8 l3=4096 robc=10 robd=2 robw=1024   0.8626   1.0609    70.94    37.26  Unsustainable
  bpt=pentium_m l1da=4 l1d=64 l1ia=4 l1i=16 l2a=8 l2=512 l3a=16 l3=1024 robc=2 robd=2 robw=1024   1.1369   1.0609    47.72    33.88  Strongly Sust.
  bpt=pentium_m l1da=8 l1d=64 l1ia=8 l1i=16 l2a=8 l2=512 l3a=16 l3=1024 robc=10 robd=2 robw=512   1.5034   1.0608    50.78    25.06  Strongly Sust.
  bpt=pentium_m l1da=4 l1d=64 l1ia=8 l1i=64 l2a=8 l2=512 l3a=16 l3=2048 robc=10 robd=4 robw=128   1.6488   1.0608    53.40    22.41  Strongly Sust.
  bpt=pentium_m l1da=4 l1d=64 l1ia=8 l1i=64 l2a=8 l2=512 l3a=16 l3=2048 robc=8 robd=4 robw=128   1.6488   1.0607    53.40    22.41  Strongly Sust.
  bpt=pentium_m l1da=8 l1d=64 l1ia=8 l1i=64 l2a=8 l2=512 l3a=16 l3=4096 robc=8 robd=2 robw=32   1.7692   1.0606    66.61    18.84  Strongly Sust.
  bpt=pentium_m l1da=4 l1d=64 l1ia=8 l1i=32 l2a=8 l2=512 l3a=16 l3=1024 robc=8 robd=4 robw=64   1.7965   1.0606    48.05    21.39  Strongly Sust.
  bpt=pentium_m l1da=4 l1d=64 l1ia=4 l1i=16 l2a=8 l2=512 l3a=8 l3=1024 robc=10 robd=2 robw=64   2.5978   1.0606    41.00    15.54  Strongly Sust.
  bpt=nn l1da=4 l1d=64 l1ia=4 l1i=32 l2a=8 l2=512 l3a=4 l3=1024 nnbl=64 nnlr=0.0005 robc=8 robd=2 robw=32   2.6225   1.0606    41.18    15.37  Strongly Sust.
  bpt=tage l1da=8 l1d=64 l1ia=4 l1i=32 l2a=4 l2=256 l3a=8 l3=1024 robc=2 robd=2 robw=32   2.7856   1.0019    38.83    14.70  Strongly Sust.
  bp=2048 bpt=a53 l1da=4 l1d=64 l1ia=4 l1i=64 l2a=8 l2=256 l3a=8 l3=1024 nhist=2 robc=4 robd=2 robw=16   2.9603   1.0013    35.45    14.15  Strongly Sust.
  bpt=nn l1da=4 l1d=32 l1ia=4 l1i=64 l2a=4 l2=256 l3a=4 l3=1024 nnbl=16 nnlr=0.005 robc=2 robd=2 robw=16   2.9891   1.0002    34.74    14.08  Strongly Sust.
  bpt=nn l1da=4 l1d=32 l1ia=4 l1i=16 l2a=4 l2=256 l3a=4 l3=1024 nnbl=16 nnlr=0.005 robc=10 robd=2 robw=16   3.0249   1.0002    33.91    13.99  Strongly Sust.
  bpt=nn l1da=4 l1d=16 l1ia=4 l1i=32 l2a=4 l2=256 l3a=4 l3=1024 nnbl=16 nnlr=0.005 robc=10 robd=2 robw=16   3.0264   0.9993    33.96    13.97  Strongly Sust.
  bpt=nn l1da=4 l1d=16 l1ia=4 l1i=32 l2a=4 l2=256 l3a=4 l3=1024 nnbl=64 nnlr=0.005 robc=10 robd=2 robw=16   3.0272   0.9977    33.96    13.97  Strongly Sust.
  bpt=nn l1da=4 l1d=32 l1ia=4 l1i=16 l2a=4 l2=256 l3a=4 l3=1024 nnbl=16 nnlr=0.0005 robc=10 robd=2 robw=16   3.0284   0.9932    33.91    13.97  Strongly Sust.
  bp=2048 bpt=a53 l1da=4 l1d=64 l1ia=4 l1i=32 l2a=4 l2=128 l3a=4 l3=1024 nhist=4 robc=8 robd=2 robw=32   3.0444   0.9746    33.43    13.94  Strongly Sust.
  bp=2048 bpt=a53 l1da=4 l1d=64 l1ia=4 l1i=32 l2a=4 l2=128 l3a=4 l3=1024 nhist=4 robc=8 robd=2 robw=16   3.0873   0.9746    33.35    13.75  Strongly Sust.
  bp=512 bpt=a53 l1da=4 l1d=64 l1ia=4 l1i=32 l2a=4 l2=128 l3a=4 l3=1024 nhist=4 robc=8 robd=2 robw=16   3.0873   0.9746    33.35    13.75  Strongly Sust.
  bpt=nn l1da=4 l1d=64 l1ia=4 l1i=32 l2a=4 l2=128 l3a=4 l3=1024 nnbl=16 nnlr=0.0005 robc=8 robd=2 robw=16   3.0877   0.9738    33.35    13.75  Strongly Sust.
  bpt=tage l1da=4 l1d=16 l1ia=4 l1i=32 l2a=4 l2=128 l3a=4 l3=1024 robc=10 robd=2 robw=16   3.1136   0.9724    32.98    13.67  Strongly Sust.
  bpt=nn l1da=4 l1d=16 l1ia=4 l1i=32 l2a=4 l2=128 l3a=4 l3=1024 nnbl=16 nnlr=0.001 robc=10 robd=2 robw=16   3.1144   0.9709    32.98    13.67  Strongly Sust.
  bpt=nn l1da=4 l1d=16 l1ia=4 l1i=32 l2a=4 l2=128 l3a=4 l3=1024 nnbl=64 nnlr=0.005 robc=10 robd=2 robw=16   3.1149   0.9699    32.98    13.66  Strongly Sust.
  bpt=nn l1da=4 l1d=16 l1ia=4 l1i=32 l2a=4 l2=128 l3a=4 l3=1024 nnbl=64 nnlr=0.001 robc=10 robd=2 robw=16   3.1153   0.9692    32.98    13.66  Strongly Sust.
  Ran sniper 1 time this iteration (203 total).

=== Iteration 198 ===
  Evaluating 1 configuration(s) (top acquisition score of 400 candidates)...
  [mesmo] bp=2048 bpt=a53 l1da=8 l1d=32 l1ia=4 l1i=16 l2a=4 l2=512 l3a=8 l3=4096 nhist=4 robc=8 robd=2 robw=256  ASI= 1.8285  S=1.0589  A=  64.54  P= 18.54  [Strongly Sust.]
  Deleted 1 non-Pareto output directory.

  Pareto front after iteration 198 (25 points, HV=3.2729):
  Params                                  ASI  Speedup     Area  PeakPow  Region
  ──────────────────────────────────────────────────────────────────────────────
  bpt=pentium_m l1da=8 l1d=64 l1ia=4 l1i=64 l2a=8 l2=512 l3a=4 l3=2048 robc=8 robd=4 robw=1024   0.2219   1.0609    72.96   142.35  Unsustainable
  bpt=pentium_m l1da=8 l1d=64 l1ia=8 l1i=16 l2a=4 l2=512 l3a=8 l3=4096 robc=10 robd=2 robw=1024   0.8626   1.0609    70.94    37.26  Unsustainable
  bpt=pentium_m l1da=4 l1d=64 l1ia=4 l1i=16 l2a=8 l2=512 l3a=16 l3=1024 robc=2 robd=2 robw=1024   1.1369   1.0609    47.72    33.88  Strongly Sust.
  bpt=pentium_m l1da=8 l1d=64 l1ia=8 l1i=16 l2a=8 l2=512 l3a=16 l3=1024 robc=10 robd=2 robw=512   1.5034   1.0608    50.78    25.06  Strongly Sust.
  bpt=pentium_m l1da=4 l1d=64 l1ia=8 l1i=64 l2a=8 l2=512 l3a=16 l3=2048 robc=10 robd=4 robw=128   1.6488   1.0608    53.40    22.41  Strongly Sust.
  bpt=pentium_m l1da=4 l1d=64 l1ia=8 l1i=64 l2a=8 l2=512 l3a=16 l3=2048 robc=8 robd=4 robw=128   1.6488   1.0607    53.40    22.41  Strongly Sust.
  bpt=pentium_m l1da=8 l1d=64 l1ia=8 l1i=64 l2a=8 l2=512 l3a=16 l3=4096 robc=8 robd=2 robw=32   1.7692   1.0606    66.61    18.84  Strongly Sust.
  bpt=pentium_m l1da=4 l1d=64 l1ia=8 l1i=32 l2a=8 l2=512 l3a=16 l3=1024 robc=8 robd=4 robw=64   1.7965   1.0606    48.05    21.39  Strongly Sust.
  bpt=pentium_m l1da=4 l1d=64 l1ia=4 l1i=16 l2a=8 l2=512 l3a=8 l3=1024 robc=10 robd=2 robw=64   2.5978   1.0606    41.00    15.54  Strongly Sust.
  bpt=nn l1da=4 l1d=64 l1ia=4 l1i=32 l2a=8 l2=512 l3a=4 l3=1024 nnbl=64 nnlr=0.0005 robc=8 robd=2 robw=32   2.6225   1.0606    41.18    15.37  Strongly Sust.
  bpt=tage l1da=8 l1d=64 l1ia=4 l1i=32 l2a=4 l2=256 l3a=8 l3=1024 robc=2 robd=2 robw=32   2.7856   1.0019    38.83    14.70  Strongly Sust.
  bp=2048 bpt=a53 l1da=4 l1d=64 l1ia=4 l1i=64 l2a=8 l2=256 l3a=8 l3=1024 nhist=2 robc=4 robd=2 robw=16   2.9603   1.0013    35.45    14.15  Strongly Sust.
  bpt=nn l1da=4 l1d=32 l1ia=4 l1i=64 l2a=4 l2=256 l3a=4 l3=1024 nnbl=16 nnlr=0.005 robc=2 robd=2 robw=16   2.9891   1.0002    34.74    14.08  Strongly Sust.
  bpt=nn l1da=4 l1d=32 l1ia=4 l1i=16 l2a=4 l2=256 l3a=4 l3=1024 nnbl=16 nnlr=0.005 robc=10 robd=2 robw=16   3.0249   1.0002    33.91    13.99  Strongly Sust.
  bpt=nn l1da=4 l1d=16 l1ia=4 l1i=32 l2a=4 l2=256 l3a=4 l3=1024 nnbl=16 nnlr=0.005 robc=10 robd=2 robw=16   3.0264   0.9993    33.96    13.97  Strongly Sust.
  bpt=nn l1da=4 l1d=16 l1ia=4 l1i=32 l2a=4 l2=256 l3a=4 l3=1024 nnbl=64 nnlr=0.005 robc=10 robd=2 robw=16   3.0272   0.9977    33.96    13.97  Strongly Sust.
  bpt=nn l1da=4 l1d=32 l1ia=4 l1i=16 l2a=4 l2=256 l3a=4 l3=1024 nnbl=16 nnlr=0.0005 robc=10 robd=2 robw=16   3.0284   0.9932    33.91    13.97  Strongly Sust.
  bp=2048 bpt=a53 l1da=4 l1d=64 l1ia=4 l1i=32 l2a=4 l2=128 l3a=4 l3=1024 nhist=4 robc=8 robd=2 robw=32   3.0444   0.9746    33.43    13.94  Strongly Sust.
  bp=2048 bpt=a53 l1da=4 l1d=64 l1ia=4 l1i=32 l2a=4 l2=128 l3a=4 l3=1024 nhist=4 robc=8 robd=2 robw=16   3.0873   0.9746    33.35    13.75  Strongly Sust.
  bp=512 bpt=a53 l1da=4 l1d=64 l1ia=4 l1i=32 l2a=4 l2=128 l3a=4 l3=1024 nhist=4 robc=8 robd=2 robw=16   3.0873   0.9746    33.35    13.75  Strongly Sust.
  bpt=nn l1da=4 l1d=64 l1ia=4 l1i=32 l2a=4 l2=128 l3a=4 l3=1024 nnbl=16 nnlr=0.0005 robc=8 robd=2 robw=16   3.0877   0.9738    33.35    13.75  Strongly Sust.
  bpt=tage l1da=4 l1d=16 l1ia=4 l1i=32 l2a=4 l2=128 l3a=4 l3=1024 robc=10 robd=2 robw=16   3.1136   0.9724    32.98    13.67  Strongly Sust.
  bpt=nn l1da=4 l1d=16 l1ia=4 l1i=32 l2a=4 l2=128 l3a=4 l3=1024 nnbl=16 nnlr=0.001 robc=10 robd=2 robw=16   3.1144   0.9709    32.98    13.67  Strongly Sust.
  bpt=nn l1da=4 l1d=16 l1ia=4 l1i=32 l2a=4 l2=128 l3a=4 l3=1024 nnbl=64 nnlr=0.005 robc=10 robd=2 robw=16   3.1149   0.9699    32.98    13.66  Strongly Sust.
  bpt=nn l1da=4 l1d=16 l1ia=4 l1i=32 l2a=4 l2=128 l3a=4 l3=1024 nnbl=64 nnlr=0.001 robc=10 robd=2 robw=16   3.1153   0.9692    32.98    13.66  Strongly Sust.
  Ran sniper 1 time this iteration (204 total).

=== Iteration 199 ===
  Evaluating 1 configuration(s) (top acquisition score of 400 candidates)...
  [mesmo] bpt=nn l1da=4 l1d=16 l1ia=4 l1i=64 l2a=8 l2=512 l3a=4 l3=8192 nnbl=32 nnlr=0.005 robc=4 robd=8 robw=16  ASI= 0.5411  S=1.0570  A= 102.36  P= 43.46  [Unsustainable]
  Deleted 1 non-Pareto output directory.

  Pareto front after iteration 199 (25 points, HV=3.2729):
  Params                                  ASI  Speedup     Area  PeakPow  Region
  ──────────────────────────────────────────────────────────────────────────────
  bpt=pentium_m l1da=8 l1d=64 l1ia=4 l1i=64 l2a=8 l2=512 l3a=4 l3=2048 robc=8 robd=4 robw=1024   0.2219   1.0609    72.96   142.35  Unsustainable
  bpt=pentium_m l1da=8 l1d=64 l1ia=8 l1i=16 l2a=4 l2=512 l3a=8 l3=4096 robc=10 robd=2 robw=1024   0.8626   1.0609    70.94    37.26  Unsustainable
  bpt=pentium_m l1da=4 l1d=64 l1ia=4 l1i=16 l2a=8 l2=512 l3a=16 l3=1024 robc=2 robd=2 robw=1024   1.1369   1.0609    47.72    33.88  Strongly Sust.
  bpt=pentium_m l1da=8 l1d=64 l1ia=8 l1i=16 l2a=8 l2=512 l3a=16 l3=1024 robc=10 robd=2 robw=512   1.5034   1.0608    50.78    25.06  Strongly Sust.
  bpt=pentium_m l1da=4 l1d=64 l1ia=8 l1i=64 l2a=8 l2=512 l3a=16 l3=2048 robc=10 robd=4 robw=128   1.6488   1.0608    53.40    22.41  Strongly Sust.
  bpt=pentium_m l1da=4 l1d=64 l1ia=8 l1i=64 l2a=8 l2=512 l3a=16 l3=2048 robc=8 robd=4 robw=128   1.6488   1.0607    53.40    22.41  Strongly Sust.
  bpt=pentium_m l1da=8 l1d=64 l1ia=8 l1i=64 l2a=8 l2=512 l3a=16 l3=4096 robc=8 robd=2 robw=32   1.7692   1.0606    66.61    18.84  Strongly Sust.
  bpt=pentium_m l1da=4 l1d=64 l1ia=8 l1i=32 l2a=8 l2=512 l3a=16 l3=1024 robc=8 robd=4 robw=64   1.7965   1.0606    48.05    21.39  Strongly Sust.
  bpt=pentium_m l1da=4 l1d=64 l1ia=4 l1i=16 l2a=8 l2=512 l3a=8 l3=1024 robc=10 robd=2 robw=64   2.5978   1.0606    41.00    15.54  Strongly Sust.
  bpt=nn l1da=4 l1d=64 l1ia=4 l1i=32 l2a=8 l2=512 l3a=4 l3=1024 nnbl=64 nnlr=0.0005 robc=8 robd=2 robw=32   2.6225   1.0606    41.18    15.37  Strongly Sust.
  bpt=tage l1da=8 l1d=64 l1ia=4 l1i=32 l2a=4 l2=256 l3a=8 l3=1024 robc=2 robd=2 robw=32   2.7856   1.0019    38.83    14.70  Strongly Sust.
  bp=2048 bpt=a53 l1da=4 l1d=64 l1ia=4 l1i=64 l2a=8 l2=256 l3a=8 l3=1024 nhist=2 robc=4 robd=2 robw=16   2.9603   1.0013    35.45    14.15  Strongly Sust.
  bpt=nn l1da=4 l1d=32 l1ia=4 l1i=64 l2a=4 l2=256 l3a=4 l3=1024 nnbl=16 nnlr=0.005 robc=2 robd=2 robw=16   2.9891   1.0002    34.74    14.08  Strongly Sust.
  bpt=nn l1da=4 l1d=32 l1ia=4 l1i=16 l2a=4 l2=256 l3a=4 l3=1024 nnbl=16 nnlr=0.005 robc=10 robd=2 robw=16   3.0249   1.0002    33.91    13.99  Strongly Sust.
  bpt=nn l1da=4 l1d=16 l1ia=4 l1i=32 l2a=4 l2=256 l3a=4 l3=1024 nnbl=16 nnlr=0.005 robc=10 robd=2 robw=16   3.0264   0.9993    33.96    13.97  Strongly Sust.
  bpt=nn l1da=4 l1d=16 l1ia=4 l1i=32 l2a=4 l2=256 l3a=4 l3=1024 nnbl=64 nnlr=0.005 robc=10 robd=2 robw=16   3.0272   0.9977    33.96    13.97  Strongly Sust.
  bpt=nn l1da=4 l1d=32 l1ia=4 l1i=16 l2a=4 l2=256 l3a=4 l3=1024 nnbl=16 nnlr=0.0005 robc=10 robd=2 robw=16   3.0284   0.9932    33.91    13.97  Strongly Sust.
  bp=2048 bpt=a53 l1da=4 l1d=64 l1ia=4 l1i=32 l2a=4 l2=128 l3a=4 l3=1024 nhist=4 robc=8 robd=2 robw=32   3.0444   0.9746    33.43    13.94  Strongly Sust.
  bp=2048 bpt=a53 l1da=4 l1d=64 l1ia=4 l1i=32 l2a=4 l2=128 l3a=4 l3=1024 nhist=4 robc=8 robd=2 robw=16   3.0873   0.9746    33.35    13.75  Strongly Sust.
  bp=512 bpt=a53 l1da=4 l1d=64 l1ia=4 l1i=32 l2a=4 l2=128 l3a=4 l3=1024 nhist=4 robc=8 robd=2 robw=16   3.0873   0.9746    33.35    13.75  Strongly Sust.
  bpt=nn l1da=4 l1d=64 l1ia=4 l1i=32 l2a=4 l2=128 l3a=4 l3=1024 nnbl=16 nnlr=0.0005 robc=8 robd=2 robw=16   3.0877   0.9738    33.35    13.75  Strongly Sust.
  bpt=tage l1da=4 l1d=16 l1ia=4 l1i=32 l2a=4 l2=128 l3a=4 l3=1024 robc=10 robd=2 robw=16   3.1136   0.9724    32.98    13.67  Strongly Sust.
  bpt=nn l1da=4 l1d=16 l1ia=4 l1i=32 l2a=4 l2=128 l3a=4 l3=1024 nnbl=16 nnlr=0.001 robc=10 robd=2 robw=16   3.1144   0.9709    32.98    13.67  Strongly Sust.
  bpt=nn l1da=4 l1d=16 l1ia=4 l1i=32 l2a=4 l2=128 l3a=4 l3=1024 nnbl=64 nnlr=0.005 robc=10 robd=2 robw=16   3.1149   0.9699    32.98    13.66  Strongly Sust.
  bpt=nn l1da=4 l1d=16 l1ia=4 l1i=32 l2a=4 l2=128 l3a=4 l3=1024 nnbl=64 nnlr=0.001 robc=10 robd=2 robw=16   3.1153   0.9692    32.98    13.66  Strongly Sust.
  Ran sniper 1 time this iteration (205 total).

=== Iteration 200 ===
  Evaluating 1 configuration(s) (top acquisition score of 400 candidates)...
  [mesmo] bpt=pentium_m l1da=4 l1d=16 l1ia=8 l1i=16 l2a=4 l2=512 l3a=4 l3=1024 robc=4 robd=2 robw=64  ASI= 2.4869  S=1.0580  A=  42.16  P= 16.10  [Strongly Sust.]
  Deleted 1 non-Pareto output directory.

  Pareto front after iteration 200 (25 points, HV=3.2729):
  Params                                  ASI  Speedup     Area  PeakPow  Region
  ──────────────────────────────────────────────────────────────────────────────
  bpt=pentium_m l1da=8 l1d=64 l1ia=4 l1i=64 l2a=8 l2=512 l3a=4 l3=2048 robc=8 robd=4 robw=1024   0.2219   1.0609    72.96   142.35  Unsustainable
  bpt=pentium_m l1da=8 l1d=64 l1ia=8 l1i=16 l2a=4 l2=512 l3a=8 l3=4096 robc=10 robd=2 robw=1024   0.8626   1.0609    70.94    37.26  Unsustainable
  bpt=pentium_m l1da=4 l1d=64 l1ia=4 l1i=16 l2a=8 l2=512 l3a=16 l3=1024 robc=2 robd=2 robw=1024   1.1369   1.0609    47.72    33.88  Strongly Sust.
  bpt=pentium_m l1da=8 l1d=64 l1ia=8 l1i=16 l2a=8 l2=512 l3a=16 l3=1024 robc=10 robd=2 robw=512   1.5034   1.0608    50.78    25.06  Strongly Sust.
  bpt=pentium_m l1da=4 l1d=64 l1ia=8 l1i=64 l2a=8 l2=512 l3a=16 l3=2048 robc=10 robd=4 robw=128   1.6488   1.0608    53.40    22.41  Strongly Sust.
  bpt=pentium_m l1da=4 l1d=64 l1ia=8 l1i=64 l2a=8 l2=512 l3a=16 l3=2048 robc=8 robd=4 robw=128   1.6488   1.0607    53.40    22.41  Strongly Sust.
  bpt=pentium_m l1da=8 l1d=64 l1ia=8 l1i=64 l2a=8 l2=512 l3a=16 l3=4096 robc=8 robd=2 robw=32   1.7692   1.0606    66.61    18.84  Strongly Sust.
  bpt=pentium_m l1da=4 l1d=64 l1ia=8 l1i=32 l2a=8 l2=512 l3a=16 l3=1024 robc=8 robd=4 robw=64   1.7965   1.0606    48.05    21.39  Strongly Sust.
  bpt=pentium_m l1da=4 l1d=64 l1ia=4 l1i=16 l2a=8 l2=512 l3a=8 l3=1024 robc=10 robd=2 robw=64   2.5978   1.0606    41.00    15.54  Strongly Sust.
  bpt=nn l1da=4 l1d=64 l1ia=4 l1i=32 l2a=8 l2=512 l3a=4 l3=1024 nnbl=64 nnlr=0.0005 robc=8 robd=2 robw=32   2.6225   1.0606    41.18    15.37  Strongly Sust.
  bpt=tage l1da=8 l1d=64 l1ia=4 l1i=32 l2a=4 l2=256 l3a=8 l3=1024 robc=2 robd=2 robw=32   2.7856   1.0019    38.83    14.70  Strongly Sust.
  bp=2048 bpt=a53 l1da=4 l1d=64 l1ia=4 l1i=64 l2a=8 l2=256 l3a=8 l3=1024 nhist=2 robc=4 robd=2 robw=16   2.9603   1.0013    35.45    14.15  Strongly Sust.
  bpt=nn l1da=4 l1d=32 l1ia=4 l1i=64 l2a=4 l2=256 l3a=4 l3=1024 nnbl=16 nnlr=0.005 robc=2 robd=2 robw=16   2.9891   1.0002    34.74    14.08  Strongly Sust.
  bpt=nn l1da=4 l1d=32 l1ia=4 l1i=16 l2a=4 l2=256 l3a=4 l3=1024 nnbl=16 nnlr=0.005 robc=10 robd=2 robw=16   3.0249   1.0002    33.91    13.99  Strongly Sust.
  bpt=nn l1da=4 l1d=16 l1ia=4 l1i=32 l2a=4 l2=256 l3a=4 l3=1024 nnbl=16 nnlr=0.005 robc=10 robd=2 robw=16   3.0264   0.9993    33.96    13.97  Strongly Sust.
  bpt=nn l1da=4 l1d=16 l1ia=4 l1i=32 l2a=4 l2=256 l3a=4 l3=1024 nnbl=64 nnlr=0.005 robc=10 robd=2 robw=16   3.0272   0.9977    33.96    13.97  Strongly Sust.
  bpt=nn l1da=4 l1d=32 l1ia=4 l1i=16 l2a=4 l2=256 l3a=4 l3=1024 nnbl=16 nnlr=0.0005 robc=10 robd=2 robw=16   3.0284   0.9932    33.91    13.97  Strongly Sust.
  bp=2048 bpt=a53 l1da=4 l1d=64 l1ia=4 l1i=32 l2a=4 l2=128 l3a=4 l3=1024 nhist=4 robc=8 robd=2 robw=32   3.0444   0.9746    33.43    13.94  Strongly Sust.
  bp=2048 bpt=a53 l1da=4 l1d=64 l1ia=4 l1i=32 l2a=4 l2=128 l3a=4 l3=1024 nhist=4 robc=8 robd=2 robw=16   3.0873   0.9746    33.35    13.75  Strongly Sust.
  bp=512 bpt=a53 l1da=4 l1d=64 l1ia=4 l1i=32 l2a=4 l2=128 l3a=4 l3=1024 nhist=4 robc=8 robd=2 robw=16   3.0873   0.9746    33.35    13.75  Strongly Sust.
  bpt=nn l1da=4 l1d=64 l1ia=4 l1i=32 l2a=4 l2=128 l3a=4 l3=1024 nnbl=16 nnlr=0.0005 robc=8 robd=2 robw=16   3.0877   0.9738    33.35    13.75  Strongly Sust.
  bpt=tage l1da=4 l1d=16 l1ia=4 l1i=32 l2a=4 l2=128 l3a=4 l3=1024 robc=10 robd=2 robw=16   3.1136   0.9724    32.98    13.67  Strongly Sust.
  bpt=nn l1da=4 l1d=16 l1ia=4 l1i=32 l2a=4 l2=128 l3a=4 l3=1024 nnbl=16 nnlr=0.001 robc=10 robd=2 robw=16   3.1144   0.9709    32.98    13.67  Strongly Sust.
  bpt=nn l1da=4 l1d=16 l1ia=4 l1i=32 l2a=4 l2=128 l3a=4 l3=1024 nnbl=64 nnlr=0.005 robc=10 robd=2 robw=16   3.1149   0.9699    32.98    13.66  Strongly Sust.
  bpt=nn l1da=4 l1d=16 l1ia=4 l1i=32 l2a=4 l2=128 l3a=4 l3=1024 nnbl=64 nnlr=0.001 robc=10 robd=2 robw=16   3.1153   0.9692    32.98    13.66  Strongly Sust.
  Ran sniper 1 time this iteration (206 total).

Total sniper runs: 206
Final hypervolume: 3.2729

Plot saved → /home/jaco/school/stage/asi/asi-output/pareto_history.png
Plot saved → /home/jaco/school/stage/asi/asi-output/pareto_final.png
=== Final Pareto Front ===
  Params                                  ASI  Speedup     Area  PeakPow  Region
  ──────────────────────────────────────────────────────────────────────────────
  bpt=pentium_m l1da=8 l1d=64 l1ia=4 l1i=64 l2a=8 l2=512 l3a=4 l3=2048 robc=8 robd=4 robw=1024   0.2219   1.0609    72.96   142.35  Unsustainable
  bpt=pentium_m l1da=8 l1d=64 l1ia=8 l1i=16 l2a=4 l2=512 l3a=8 l3=4096 robc=10 robd=2 robw=1024   0.8626   1.0609    70.94    37.26  Unsustainable
  bpt=pentium_m l1da=4 l1d=64 l1ia=4 l1i=16 l2a=8 l2=512 l3a=16 l3=1024 robc=2 robd=2 robw=1024   1.1369   1.0609    47.72    33.88  Strongly Sust.
  bpt=pentium_m l1da=8 l1d=64 l1ia=8 l1i=16 l2a=8 l2=512 l3a=16 l3=1024 robc=10 robd=2 robw=512   1.5034   1.0608    50.78    25.06  Strongly Sust.
  bpt=pentium_m l1da=4 l1d=64 l1ia=8 l1i=64 l2a=8 l2=512 l3a=16 l3=2048 robc=10 robd=4 robw=128   1.6488   1.0608    53.40    22.41  Strongly Sust.
  bpt=pentium_m l1da=4 l1d=64 l1ia=8 l1i=64 l2a=8 l2=512 l3a=16 l3=2048 robc=8 robd=4 robw=128   1.6488   1.0607    53.40    22.41  Strongly Sust.
  bpt=pentium_m l1da=8 l1d=64 l1ia=8 l1i=64 l2a=8 l2=512 l3a=16 l3=4096 robc=8 robd=2 robw=32   1.7692   1.0606    66.61    18.84  Strongly Sust.
  bpt=pentium_m l1da=4 l1d=64 l1ia=8 l1i=32 l2a=8 l2=512 l3a=16 l3=1024 robc=8 robd=4 robw=64   1.7965   1.0606    48.05    21.39  Strongly Sust.
  bpt=pentium_m l1da=4 l1d=64 l1ia=4 l1i=16 l2a=8 l2=512 l3a=8 l3=1024 robc=10 robd=2 robw=64   2.5978   1.0606    41.00    15.54  Strongly Sust.
  bpt=nn l1da=4 l1d=64 l1ia=4 l1i=32 l2a=8 l2=512 l3a=4 l3=1024 nnbl=64 nnlr=0.0005 robc=8 robd=2 robw=32   2.6225   1.0606    41.18    15.37  Strongly Sust.
  bpt=tage l1da=8 l1d=64 l1ia=4 l1i=32 l2a=4 l2=256 l3a=8 l3=1024 robc=2 robd=2 robw=32   2.7856   1.0019    38.83    14.70  Strongly Sust.
  bp=2048 bpt=a53 l1da=4 l1d=64 l1ia=4 l1i=64 l2a=8 l2=256 l3a=8 l3=1024 nhist=2 robc=4 robd=2 robw=16   2.9603   1.0013    35.45    14.15  Strongly Sust.
  bpt=nn l1da=4 l1d=32 l1ia=4 l1i=64 l2a=4 l2=256 l3a=4 l3=1024 nnbl=16 nnlr=0.005 robc=2 robd=2 robw=16   2.9891   1.0002    34.74    14.08  Strongly Sust.
  bpt=nn l1da=4 l1d=32 l1ia=4 l1i=16 l2a=4 l2=256 l3a=4 l3=1024 nnbl=16 nnlr=0.005 robc=10 robd=2 robw=16   3.0249   1.0002    33.91    13.99  Strongly Sust.
  bpt=nn l1da=4 l1d=16 l1ia=4 l1i=32 l2a=4 l2=256 l3a=4 l3=1024 nnbl=16 nnlr=0.005 robc=10 robd=2 robw=16   3.0264   0.9993    33.96    13.97  Strongly Sust.
  bpt=nn l1da=4 l1d=16 l1ia=4 l1i=32 l2a=4 l2=256 l3a=4 l3=1024 nnbl=64 nnlr=0.005 robc=10 robd=2 robw=16   3.0272   0.9977    33.96    13.97  Strongly Sust.
  bpt=nn l1da=4 l1d=32 l1ia=4 l1i=16 l2a=4 l2=256 l3a=4 l3=1024 nnbl=16 nnlr=0.0005 robc=10 robd=2 robw=16   3.0284   0.9932    33.91    13.97  Strongly Sust.
  bp=2048 bpt=a53 l1da=4 l1d=64 l1ia=4 l1i=32 l2a=4 l2=128 l3a=4 l3=1024 nhist=4 robc=8 robd=2 robw=32   3.0444   0.9746    33.43    13.94  Strongly Sust.
  bp=2048 bpt=a53 l1da=4 l1d=64 l1ia=4 l1i=32 l2a=4 l2=128 l3a=4 l3=1024 nhist=4 robc=8 robd=2 robw=16   3.0873   0.9746    33.35    13.75  Strongly Sust.
  bp=512 bpt=a53 l1da=4 l1d=64 l1ia=4 l1i=32 l2a=4 l2=128 l3a=4 l3=1024 nhist=4 robc=8 robd=2 robw=16   3.0873   0.9746    33.35    13.75  Strongly Sust.
  bpt=nn l1da=4 l1d=64 l1ia=4 l1i=32 l2a=4 l2=128 l3a=4 l3=1024 nnbl=16 nnlr=0.0005 robc=8 robd=2 robw=16   3.0877   0.9738    33.35    13.75  Strongly Sust.
  bpt=tage l1da=4 l1d=16 l1ia=4 l1i=32 l2a=4 l2=128 l3a=4 l3=1024 robc=10 robd=2 robw=16   3.1136   0.9724    32.98    13.67  Strongly Sust.
  bpt=nn l1da=4 l1d=16 l1ia=4 l1i=32 l2a=4 l2=128 l3a=4 l3=1024 nnbl=16 nnlr=0.001 robc=10 robd=2 robw=16   3.1144   0.9709    32.98    13.67  Strongly Sust.
  bpt=nn l1da=4 l1d=16 l1ia=4 l1i=32 l2a=4 l2=128 l3a=4 l3=1024 nnbl=64 nnlr=0.005 robc=10 robd=2 robw=16   3.1149   0.9699    32.98    13.66  Strongly Sust.
  bpt=nn l1da=4 l1d=16 l1ia=4 l1i=32 l2a=4 l2=128 l3a=4 l3=1024 nnbl=64 nnlr=0.001 robc=10 robd=2 robw=16   3.1153   0.9692    32.98    13.66  Strongly Sust.
