Logging to /home/jaco/school/stage/asi/asi-output/run.log

Benchmarks: ML2 (./libs/benchmarks/ML2/bench)

Resuming MESMO search from iteration 20 (found /home/jaco/school/stage/asi/asi-output/search_state.json)

=== Iteration 21 ===
  Evaluating 1 configuration(s) (top acquisition score of 400 candidates)...
  [mesmo] bpt=pentium_m l1da=8 l1d=64 l1ia=8 l1i=64 l2a=4 l2=512 l3a=4 l3=1024 robc=4 robd=2 robw=1024  ASI= 1.0671  S=1.0608  A=  52.25  P= 34.93  [Strongly Sust.]
  Deleted 1 non-Pareto output directory.

  Pareto front after iteration 21 (11 points, HV=3.1910):
  Params                                  ASI  Speedup     Area  PeakPow  Region
  ──────────────────────────────────────────────────────────────────────────────
  bpt=pentium_m l1da=8 l1d=64 l1ia=8 l1i=64 l2a=4 l2=512 l3a=4 l3=1024 robc=4 robd=2 robw=1024   1.0671   1.0608    52.25    34.93  Strongly Sust.
  bp=512 bpt=a53 l1da=8 l1d=64 l1ia=8 l1i=16 l2a=8 l2=512 l3a=16 l3=1024 nhist=2 robc=10 robd=2 robw=256   2.2291   1.0606    49.29    17.09  Strongly Sust.
  bpt=pentium_m l1da=8 l1d=64 l1ia=8 l1i=16 l2a=8 l2=512 l3a=16 l3=1024 robc=10 robd=2 robw=256   2.2292   1.0605    49.29    17.08  Strongly Sust.
  bpt=nn l1da=8 l1d=64 l1ia=8 l1i=16 l2a=8 l2=512 l3a=16 l3=1024 nnbl=16 nnlr=0.005 robc=10 robd=2 robw=256   2.2293   1.0602    49.29    17.08  Strongly Sust.
  bp=512 bpt=a53 l1da=4 l1d=64 l1ia=4 l1i=16 l2a=4 l2=256 l3a=4 l3=2048 nhist=4 robc=2 robd=2 robw=256   2.6064   1.0018    41.36    15.45  Strongly Sust.
  bpt=nn l1da=4 l1d=64 l1ia=4 l1i=16 l2a=4 l2=256 l3a=4 l3=2048 nnbl=16 nnlr=0.0005 robc=2 robd=2 robw=256   2.6071   1.0001    41.36    15.44  Strongly Sust.
  bpt=pentium_m l1da=4 l1d=16 l1ia=4 l1i=16 l2a=4 l2=256 l3a=4 l3=2048 robc=2 robd=2 robw=256   2.6273   0.9999    40.99    15.36  Strongly Sust.
  bp=512 bpt=a53 l1da=4 l1d=16 l1ia=4 l1i=16 l2a=4 l2=256 l3a=4 l3=2048 nhist=4 robc=2 robd=2 robw=256   2.6273   0.9997    40.99    15.36  Strongly Sust.
  bp=512 bpt=a53 l1da=4 l1d=16 l1ia=4 l1i=32 l2a=8 l2=128 l3a=4 l3=1024 nhist=4 robc=2 robd=2 robw=256   2.9545   0.9724    33.33    14.37  Strongly Sust.
  bp=512 bpt=a53 l1da=4 l1d=16 l1ia=4 l1i=32 l2a=8 l2=128 l3a=4 l3=1024 nhist=4 robc=4 robd=2 robw=32   3.0672   0.9723    33.09    13.87  Strongly Sust.
  bp=512 bpt=a53 l1da=4 l1d=16 l1ia=4 l1i=32 l2a=8 l2=128 l3a=4 l3=1024 nhist=4 robc=2 robd=2 robw=32   3.0672   0.9723    33.09    13.87  Strongly Sust.
  Ran sniper 1 time this iteration (27 total).

=== Iteration 22 ===
  Evaluating 1 configuration(s) (top acquisition score of 400 candidates)...
  [mesmo] bp=512 bpt=a53 l1da=8 l1d=16 l1ia=4 l1i=32 l2a=8 l2=128 l3a=4 l3=1024 nhist=4 robc=2 robd=2 robw=256  ASI= 2.8091  S=0.9724  A=  36.67  P= 14.79  [Strongly Sust.]

  Pareto front after iteration 22 (12 points, HV=3.1910):
  Params                                  ASI  Speedup     Area  PeakPow  Region
  ──────────────────────────────────────────────────────────────────────────────
  bpt=pentium_m l1da=8 l1d=64 l1ia=8 l1i=64 l2a=4 l2=512 l3a=4 l3=1024 robc=4 robd=2 robw=1024   1.0671   1.0608    52.25    34.93  Strongly Sust.
  bp=512 bpt=a53 l1da=8 l1d=64 l1ia=8 l1i=16 l2a=8 l2=512 l3a=16 l3=1024 nhist=2 robc=10 robd=2 robw=256   2.2291   1.0606    49.29    17.09  Strongly Sust.
  bpt=pentium_m l1da=8 l1d=64 l1ia=8 l1i=16 l2a=8 l2=512 l3a=16 l3=1024 robc=10 robd=2 robw=256   2.2292   1.0605    49.29    17.08  Strongly Sust.
  bpt=nn l1da=8 l1d=64 l1ia=8 l1i=16 l2a=8 l2=512 l3a=16 l3=1024 nnbl=16 nnlr=0.005 robc=10 robd=2 robw=256   2.2293   1.0602    49.29    17.08  Strongly Sust.
  bp=512 bpt=a53 l1da=4 l1d=64 l1ia=4 l1i=16 l2a=4 l2=256 l3a=4 l3=2048 nhist=4 robc=2 robd=2 robw=256   2.6064   1.0018    41.36    15.45  Strongly Sust.
  bpt=nn l1da=4 l1d=64 l1ia=4 l1i=16 l2a=4 l2=256 l3a=4 l3=2048 nnbl=16 nnlr=0.0005 robc=2 robd=2 robw=256   2.6071   1.0001    41.36    15.44  Strongly Sust.
  bpt=pentium_m l1da=4 l1d=16 l1ia=4 l1i=16 l2a=4 l2=256 l3a=4 l3=2048 robc=2 robd=2 robw=256   2.6273   0.9999    40.99    15.36  Strongly Sust.
  bp=512 bpt=a53 l1da=4 l1d=16 l1ia=4 l1i=16 l2a=4 l2=256 l3a=4 l3=2048 nhist=4 robc=2 robd=2 robw=256   2.6273   0.9997    40.99    15.36  Strongly Sust.
  bp=512 bpt=a53 l1da=8 l1d=16 l1ia=4 l1i=32 l2a=8 l2=128 l3a=4 l3=1024 nhist=4 robc=2 robd=2 robw=256   2.8091   0.9724    36.67    14.79  Strongly Sust.
  bp=512 bpt=a53 l1da=4 l1d=16 l1ia=4 l1i=32 l2a=8 l2=128 l3a=4 l3=1024 nhist=4 robc=2 robd=2 robw=256   2.9545   0.9724    33.33    14.37  Strongly Sust.
  bp=512 bpt=a53 l1da=4 l1d=16 l1ia=4 l1i=32 l2a=8 l2=128 l3a=4 l3=1024 nhist=4 robc=4 robd=2 robw=32   3.0672   0.9723    33.09    13.87  Strongly Sust.
  bp=512 bpt=a53 l1da=4 l1d=16 l1ia=4 l1i=32 l2a=8 l2=128 l3a=4 l3=1024 nhist=4 robc=2 robd=2 robw=32   3.0672   0.9723    33.09    13.87  Strongly Sust.
  Ran sniper 1 time this iteration (28 total).

=== Iteration 23 ===
  Evaluating 1 configuration(s) (top acquisition score of 400 candidates)...
  [mesmo] bpt=pentium_m l1da=8 l1d=64 l1ia=8 l1i=16 l2a=4 l2=512 l3a=8 l3=4096 robc=8 robd=2 robw=1024  ASI= 0.8626  S=1.0609  A=  70.94  P= 37.26  [Unsustainable]

  Pareto front after iteration 23 (13 points, HV=3.1911):
  Params                                  ASI  Speedup     Area  PeakPow  Region
  ──────────────────────────────────────────────────────────────────────────────
  bpt=pentium_m l1da=8 l1d=64 l1ia=8 l1i=16 l2a=4 l2=512 l3a=8 l3=4096 robc=8 robd=2 robw=1024   0.8626   1.0609    70.94    37.26  Unsustainable
  bpt=pentium_m l1da=8 l1d=64 l1ia=8 l1i=64 l2a=4 l2=512 l3a=4 l3=1024 robc=4 robd=2 robw=1024   1.0671   1.0608    52.25    34.93  Strongly Sust.
  bp=512 bpt=a53 l1da=8 l1d=64 l1ia=8 l1i=16 l2a=8 l2=512 l3a=16 l3=1024 nhist=2 robc=10 robd=2 robw=256   2.2291   1.0606    49.29    17.09  Strongly Sust.
  bpt=pentium_m l1da=8 l1d=64 l1ia=8 l1i=16 l2a=8 l2=512 l3a=16 l3=1024 robc=10 robd=2 robw=256   2.2292   1.0605    49.29    17.08  Strongly Sust.
  bpt=nn l1da=8 l1d=64 l1ia=8 l1i=16 l2a=8 l2=512 l3a=16 l3=1024 nnbl=16 nnlr=0.005 robc=10 robd=2 robw=256   2.2293   1.0602    49.29    17.08  Strongly Sust.
  bp=512 bpt=a53 l1da=4 l1d=64 l1ia=4 l1i=16 l2a=4 l2=256 l3a=4 l3=2048 nhist=4 robc=2 robd=2 robw=256   2.6064   1.0018    41.36    15.45  Strongly Sust.
  bpt=nn l1da=4 l1d=64 l1ia=4 l1i=16 l2a=4 l2=256 l3a=4 l3=2048 nnbl=16 nnlr=0.0005 robc=2 robd=2 robw=256   2.6071   1.0001    41.36    15.44  Strongly Sust.
  bpt=pentium_m l1da=4 l1d=16 l1ia=4 l1i=16 l2a=4 l2=256 l3a=4 l3=2048 robc=2 robd=2 robw=256   2.6273   0.9999    40.99    15.36  Strongly Sust.
  bp=512 bpt=a53 l1da=4 l1d=16 l1ia=4 l1i=16 l2a=4 l2=256 l3a=4 l3=2048 nhist=4 robc=2 robd=2 robw=256   2.6273   0.9997    40.99    15.36  Strongly Sust.
  bp=512 bpt=a53 l1da=8 l1d=16 l1ia=4 l1i=32 l2a=8 l2=128 l3a=4 l3=1024 nhist=4 robc=2 robd=2 robw=256   2.8091   0.9724    36.67    14.79  Strongly Sust.
  bp=512 bpt=a53 l1da=4 l1d=16 l1ia=4 l1i=32 l2a=8 l2=128 l3a=4 l3=1024 nhist=4 robc=2 robd=2 robw=256   2.9545   0.9724    33.33    14.37  Strongly Sust.
  bp=512 bpt=a53 l1da=4 l1d=16 l1ia=4 l1i=32 l2a=8 l2=128 l3a=4 l3=1024 nhist=4 robc=4 robd=2 robw=32   3.0672   0.9723    33.09    13.87  Strongly Sust.
  bp=512 bpt=a53 l1da=4 l1d=16 l1ia=4 l1i=32 l2a=8 l2=128 l3a=4 l3=1024 nhist=4 robc=2 robd=2 robw=32   3.0672   0.9723    33.09    13.87  Strongly Sust.
  Ran sniper 1 time this iteration (29 total).

=== Iteration 24 ===
  Evaluating 1 configuration(s) (top acquisition score of 400 candidates)...
  [mesmo] bp=512 bpt=a53 l1da=4 l1d=16 l1ia=4 l1i=32 l2a=8 l2=128 l3a=4 l3=1024 nhist=4 robc=10 robd=2 robw=32  ASI= 3.0671  S=0.9724  A=  33.09  P= 13.87  [Strongly Sust.]
  Deleted 2 non-Pareto output directories.

  Pareto front after iteration 24 (12 points, HV=3.1911):
  Params                                  ASI  Speedup     Area  PeakPow  Region
  ──────────────────────────────────────────────────────────────────────────────
  bpt=pentium_m l1da=8 l1d=64 l1ia=8 l1i=16 l2a=4 l2=512 l3a=8 l3=4096 robc=8 robd=2 robw=1024   0.8626   1.0609    70.94    37.26  Unsustainable
  bpt=pentium_m l1da=8 l1d=64 l1ia=8 l1i=64 l2a=4 l2=512 l3a=4 l3=1024 robc=4 robd=2 robw=1024   1.0671   1.0608    52.25    34.93  Strongly Sust.
  bp=512 bpt=a53 l1da=8 l1d=64 l1ia=8 l1i=16 l2a=8 l2=512 l3a=16 l3=1024 nhist=2 robc=10 robd=2 robw=256   2.2291   1.0606    49.29    17.09  Strongly Sust.
  bpt=pentium_m l1da=8 l1d=64 l1ia=8 l1i=16 l2a=8 l2=512 l3a=16 l3=1024 robc=10 robd=2 robw=256   2.2292   1.0605    49.29    17.08  Strongly Sust.
  bpt=nn l1da=8 l1d=64 l1ia=8 l1i=16 l2a=8 l2=512 l3a=16 l3=1024 nnbl=16 nnlr=0.005 robc=10 robd=2 robw=256   2.2293   1.0602    49.29    17.08  Strongly Sust.
  bp=512 bpt=a53 l1da=4 l1d=64 l1ia=4 l1i=16 l2a=4 l2=256 l3a=4 l3=2048 nhist=4 robc=2 robd=2 robw=256   2.6064   1.0018    41.36    15.45  Strongly Sust.
  bpt=nn l1da=4 l1d=64 l1ia=4 l1i=16 l2a=4 l2=256 l3a=4 l3=2048 nnbl=16 nnlr=0.0005 robc=2 robd=2 robw=256   2.6071   1.0001    41.36    15.44  Strongly Sust.
  bpt=pentium_m l1da=4 l1d=16 l1ia=4 l1i=16 l2a=4 l2=256 l3a=4 l3=2048 robc=2 robd=2 robw=256   2.6273   0.9999    40.99    15.36  Strongly Sust.
  bp=512 bpt=a53 l1da=4 l1d=16 l1ia=4 l1i=16 l2a=4 l2=256 l3a=4 l3=2048 nhist=4 robc=2 robd=2 robw=256   2.6273   0.9997    40.99    15.36  Strongly Sust.
  bp=512 bpt=a53 l1da=4 l1d=16 l1ia=4 l1i=32 l2a=8 l2=128 l3a=4 l3=1024 nhist=4 robc=10 robd=2 robw=32   3.0671   0.9724    33.09    13.87  Strongly Sust.
  bp=512 bpt=a53 l1da=4 l1d=16 l1ia=4 l1i=32 l2a=8 l2=128 l3a=4 l3=1024 nhist=4 robc=4 robd=2 robw=32   3.0672   0.9723    33.09    13.87  Strongly Sust.
  bp=512 bpt=a53 l1da=4 l1d=16 l1ia=4 l1i=32 l2a=8 l2=128 l3a=4 l3=1024 nhist=4 robc=2 robd=2 robw=32   3.0672   0.9723    33.09    13.87  Strongly Sust.
  Ran sniper 1 time this iteration (30 total).

=== Iteration 25 ===
  Evaluating 1 configuration(s) (top acquisition score of 400 candidates)...
  [mesmo] bpt=pentium_m l1da=8 l1d=64 l1ia=8 l1i=16 l2a=8 l2=512 l3a=16 l3=1024 robc=10 robd=2 robw=512  ASI= 1.5034  S=1.0608  A=  50.78  P= 25.06  [Strongly Sust.]
  Deleted 1 non-Pareto output directory.

  Pareto front after iteration 25 (12 points, HV=3.1912):
  Params                                  ASI  Speedup     Area  PeakPow  Region
  ──────────────────────────────────────────────────────────────────────────────
  bpt=pentium_m l1da=8 l1d=64 l1ia=8 l1i=16 l2a=4 l2=512 l3a=8 l3=4096 robc=8 robd=2 robw=1024   0.8626   1.0609    70.94    37.26  Unsustainable
  bpt=pentium_m l1da=8 l1d=64 l1ia=8 l1i=16 l2a=8 l2=512 l3a=16 l3=1024 robc=10 robd=2 robw=512   1.5034   1.0608    50.78    25.06  Strongly Sust.
  bp=512 bpt=a53 l1da=8 l1d=64 l1ia=8 l1i=16 l2a=8 l2=512 l3a=16 l3=1024 nhist=2 robc=10 robd=2 robw=256   2.2291   1.0606    49.29    17.09  Strongly Sust.
  bpt=pentium_m l1da=8 l1d=64 l1ia=8 l1i=16 l2a=8 l2=512 l3a=16 l3=1024 robc=10 robd=2 robw=256   2.2292   1.0605    49.29    17.08  Strongly Sust.
  bpt=nn l1da=8 l1d=64 l1ia=8 l1i=16 l2a=8 l2=512 l3a=16 l3=1024 nnbl=16 nnlr=0.005 robc=10 robd=2 robw=256   2.2293   1.0602    49.29    17.08  Strongly Sust.
  bp=512 bpt=a53 l1da=4 l1d=64 l1ia=4 l1i=16 l2a=4 l2=256 l3a=4 l3=2048 nhist=4 robc=2 robd=2 robw=256   2.6064   1.0018    41.36    15.45  Strongly Sust.
  bpt=nn l1da=4 l1d=64 l1ia=4 l1i=16 l2a=4 l2=256 l3a=4 l3=2048 nnbl=16 nnlr=0.0005 robc=2 robd=2 robw=256   2.6071   1.0001    41.36    15.44  Strongly Sust.
  bpt=pentium_m l1da=4 l1d=16 l1ia=4 l1i=16 l2a=4 l2=256 l3a=4 l3=2048 robc=2 robd=2 robw=256   2.6273   0.9999    40.99    15.36  Strongly Sust.
  bp=512 bpt=a53 l1da=4 l1d=16 l1ia=4 l1i=16 l2a=4 l2=256 l3a=4 l3=2048 nhist=4 robc=2 robd=2 robw=256   2.6273   0.9997    40.99    15.36  Strongly Sust.
  bp=512 bpt=a53 l1da=4 l1d=16 l1ia=4 l1i=32 l2a=8 l2=128 l3a=4 l3=1024 nhist=4 robc=10 robd=2 robw=32   3.0671   0.9724    33.09    13.87  Strongly Sust.
  bp=512 bpt=a53 l1da=4 l1d=16 l1ia=4 l1i=32 l2a=8 l2=128 l3a=4 l3=1024 nhist=4 robc=4 robd=2 robw=32   3.0672   0.9723    33.09    13.87  Strongly Sust.
  bp=512 bpt=a53 l1da=4 l1d=16 l1ia=4 l1i=32 l2a=8 l2=128 l3a=4 l3=1024 nhist=4 robc=2 robd=2 robw=32   3.0672   0.9723    33.09    13.87  Strongly Sust.
  Ran sniper 1 time this iteration (31 total).

=== Iteration 26 ===
  Evaluating 1 configuration(s) (top acquisition score of 400 candidates)...
  [mesmo] bp=512 bpt=a53 l1da=4 l1d=16 l1ia=4 l1i=32 l2a=8 l2=128 l3a=4 l3=1024 nhist=4 robc=8 robd=2 robw=32  ASI= 3.0672  S=0.9723  A=  33.09  P= 13.87  [Strongly Sust.]

  Pareto front after iteration 26 (13 points, HV=3.1912):
  Params                                  ASI  Speedup     Area  PeakPow  Region
  ──────────────────────────────────────────────────────────────────────────────
  bpt=pentium_m l1da=8 l1d=64 l1ia=8 l1i=16 l2a=4 l2=512 l3a=8 l3=4096 robc=8 robd=2 robw=1024   0.8626   1.0609    70.94    37.26  Unsustainable
  bpt=pentium_m l1da=8 l1d=64 l1ia=8 l1i=16 l2a=8 l2=512 l3a=16 l3=1024 robc=10 robd=2 robw=512   1.5034   1.0608    50.78    25.06  Strongly Sust.
  bp=512 bpt=a53 l1da=8 l1d=64 l1ia=8 l1i=16 l2a=8 l2=512 l3a=16 l3=1024 nhist=2 robc=10 robd=2 robw=256   2.2291   1.0606    49.29    17.09  Strongly Sust.
  bpt=pentium_m l1da=8 l1d=64 l1ia=8 l1i=16 l2a=8 l2=512 l3a=16 l3=1024 robc=10 robd=2 robw=256   2.2292   1.0605    49.29    17.08  Strongly Sust.
  bpt=nn l1da=8 l1d=64 l1ia=8 l1i=16 l2a=8 l2=512 l3a=16 l3=1024 nnbl=16 nnlr=0.005 robc=10 robd=2 robw=256   2.2293   1.0602    49.29    17.08  Strongly Sust.
  bp=512 bpt=a53 l1da=4 l1d=64 l1ia=4 l1i=16 l2a=4 l2=256 l3a=4 l3=2048 nhist=4 robc=2 robd=2 robw=256   2.6064   1.0018    41.36    15.45  Strongly Sust.
  bpt=nn l1da=4 l1d=64 l1ia=4 l1i=16 l2a=4 l2=256 l3a=4 l3=2048 nnbl=16 nnlr=0.0005 robc=2 robd=2 robw=256   2.6071   1.0001    41.36    15.44  Strongly Sust.
  bpt=pentium_m l1da=4 l1d=16 l1ia=4 l1i=16 l2a=4 l2=256 l3a=4 l3=2048 robc=2 robd=2 robw=256   2.6273   0.9999    40.99    15.36  Strongly Sust.
  bp=512 bpt=a53 l1da=4 l1d=16 l1ia=4 l1i=16 l2a=4 l2=256 l3a=4 l3=2048 nhist=4 robc=2 robd=2 robw=256   2.6273   0.9997    40.99    15.36  Strongly Sust.
  bp=512 bpt=a53 l1da=4 l1d=16 l1ia=4 l1i=32 l2a=8 l2=128 l3a=4 l3=1024 nhist=4 robc=10 robd=2 robw=32   3.0671   0.9724    33.09    13.87  Strongly Sust.
  bp=512 bpt=a53 l1da=4 l1d=16 l1ia=4 l1i=32 l2a=8 l2=128 l3a=4 l3=1024 nhist=4 robc=4 robd=2 robw=32   3.0672   0.9723    33.09    13.87  Strongly Sust.
  bp=512 bpt=a53 l1da=4 l1d=16 l1ia=4 l1i=32 l2a=8 l2=128 l3a=4 l3=1024 nhist=4 robc=2 robd=2 robw=32   3.0672   0.9723    33.09    13.87  Strongly Sust.
  bp=512 bpt=a53 l1da=4 l1d=16 l1ia=4 l1i=32 l2a=8 l2=128 l3a=4 l3=1024 nhist=4 robc=8 robd=2 robw=32   3.0672   0.9723    33.09    13.87  Strongly Sust.
  Ran sniper 1 time this iteration (32 total).

=== Iteration 27 ===
  Evaluating 1 configuration(s) (top acquisition score of 400 candidates)...
  [mesmo] bpt=nn l1da=4 l1d=16 l1ia=4 l1i=32 l2a=8 l2=128 l3a=4 l3=1024 nnbl=32 nnlr=0.0005 robc=8 robd=2 robw=32  ASI= 3.0688  S=0.9692  A=  33.09  P= 13.86  [Strongly Sust.]

  Pareto front after iteration 27 (14 points, HV=3.1928):
  Params                                  ASI  Speedup     Area  PeakPow  Region
  ──────────────────────────────────────────────────────────────────────────────
  bpt=pentium_m l1da=8 l1d=64 l1ia=8 l1i=16 l2a=4 l2=512 l3a=8 l3=4096 robc=8 robd=2 robw=1024   0.8626   1.0609    70.94    37.26  Unsustainable
  bpt=pentium_m l1da=8 l1d=64 l1ia=8 l1i=16 l2a=8 l2=512 l3a=16 l3=1024 robc=10 robd=2 robw=512   1.5034   1.0608    50.78    25.06  Strongly Sust.
  bp=512 bpt=a53 l1da=8 l1d=64 l1ia=8 l1i=16 l2a=8 l2=512 l3a=16 l3=1024 nhist=2 robc=10 robd=2 robw=256   2.2291   1.0606    49.29    17.09  Strongly Sust.
  bpt=pentium_m l1da=8 l1d=64 l1ia=8 l1i=16 l2a=8 l2=512 l3a=16 l3=1024 robc=10 robd=2 robw=256   2.2292   1.0605    49.29    17.08  Strongly Sust.
  bpt=nn l1da=8 l1d=64 l1ia=8 l1i=16 l2a=8 l2=512 l3a=16 l3=1024 nnbl=16 nnlr=0.005 robc=10 robd=2 robw=256   2.2293   1.0602    49.29    17.08  Strongly Sust.
  bp=512 bpt=a53 l1da=4 l1d=64 l1ia=4 l1i=16 l2a=4 l2=256 l3a=4 l3=2048 nhist=4 robc=2 robd=2 robw=256   2.6064   1.0018    41.36    15.45  Strongly Sust.
  bpt=nn l1da=4 l1d=64 l1ia=4 l1i=16 l2a=4 l2=256 l3a=4 l3=2048 nnbl=16 nnlr=0.0005 robc=2 robd=2 robw=256   2.6071   1.0001    41.36    15.44  Strongly Sust.
  bpt=pentium_m l1da=4 l1d=16 l1ia=4 l1i=16 l2a=4 l2=256 l3a=4 l3=2048 robc=2 robd=2 robw=256   2.6273   0.9999    40.99    15.36  Strongly Sust.
  bp=512 bpt=a53 l1da=4 l1d=16 l1ia=4 l1i=16 l2a=4 l2=256 l3a=4 l3=2048 nhist=4 robc=2 robd=2 robw=256   2.6273   0.9997    40.99    15.36  Strongly Sust.
  bp=512 bpt=a53 l1da=4 l1d=16 l1ia=4 l1i=32 l2a=8 l2=128 l3a=4 l3=1024 nhist=4 robc=10 robd=2 robw=32   3.0671   0.9724    33.09    13.87  Strongly Sust.
  bp=512 bpt=a53 l1da=4 l1d=16 l1ia=4 l1i=32 l2a=8 l2=128 l3a=4 l3=1024 nhist=4 robc=4 robd=2 robw=32   3.0672   0.9723    33.09    13.87  Strongly Sust.
  bp=512 bpt=a53 l1da=4 l1d=16 l1ia=4 l1i=32 l2a=8 l2=128 l3a=4 l3=1024 nhist=4 robc=2 robd=2 robw=32   3.0672   0.9723    33.09    13.87  Strongly Sust.
  bp=512 bpt=a53 l1da=4 l1d=16 l1ia=4 l1i=32 l2a=8 l2=128 l3a=4 l3=1024 nhist=4 robc=8 robd=2 robw=32   3.0672   0.9723    33.09    13.87  Strongly Sust.
  bpt=nn l1da=4 l1d=16 l1ia=4 l1i=32 l2a=8 l2=128 l3a=4 l3=1024 nnbl=32 nnlr=0.0005 robc=8 robd=2 robw=32   3.0688   0.9692    33.09    13.86  Strongly Sust.
  Ran sniper 1 time this iteration (33 total).

=== Iteration 28 ===
  Evaluating 1 configuration(s) (top acquisition score of 400 candidates)...
  [mesmo] bpt=pentium_m l1da=8 l1d=64 l1ia=8 l1i=16 l2a=4 l2=512 l3a=16 l3=8192 robc=8 robd=8 robw=16  ASI= 0.4844  S=1.0606  A= 109.10  P= 44.72  [Unsustainable]
  Deleted 1 non-Pareto output directory.

  Pareto front after iteration 28 (14 points, HV=3.1928):
  Params                                  ASI  Speedup     Area  PeakPow  Region
  ──────────────────────────────────────────────────────────────────────────────
  bpt=pentium_m l1da=8 l1d=64 l1ia=8 l1i=16 l2a=4 l2=512 l3a=8 l3=4096 robc=8 robd=2 robw=1024   0.8626   1.0609    70.94    37.26  Unsustainable
  bpt=pentium_m l1da=8 l1d=64 l1ia=8 l1i=16 l2a=8 l2=512 l3a=16 l3=1024 robc=10 robd=2 robw=512   1.5034   1.0608    50.78    25.06  Strongly Sust.
  bp=512 bpt=a53 l1da=8 l1d=64 l1ia=8 l1i=16 l2a=8 l2=512 l3a=16 l3=1024 nhist=2 robc=10 robd=2 robw=256   2.2291   1.0606    49.29    17.09  Strongly Sust.
  bpt=pentium_m l1da=8 l1d=64 l1ia=8 l1i=16 l2a=8 l2=512 l3a=16 l3=1024 robc=10 robd=2 robw=256   2.2292   1.0605    49.29    17.08  Strongly Sust.
  bpt=nn l1da=8 l1d=64 l1ia=8 l1i=16 l2a=8 l2=512 l3a=16 l3=1024 nnbl=16 nnlr=0.005 robc=10 robd=2 robw=256   2.2293   1.0602    49.29    17.08  Strongly Sust.
  bp=512 bpt=a53 l1da=4 l1d=64 l1ia=4 l1i=16 l2a=4 l2=256 l3a=4 l3=2048 nhist=4 robc=2 robd=2 robw=256   2.6064   1.0018    41.36    15.45  Strongly Sust.
  bpt=nn l1da=4 l1d=64 l1ia=4 l1i=16 l2a=4 l2=256 l3a=4 l3=2048 nnbl=16 nnlr=0.0005 robc=2 robd=2 robw=256   2.6071   1.0001    41.36    15.44  Strongly Sust.
  bpt=pentium_m l1da=4 l1d=16 l1ia=4 l1i=16 l2a=4 l2=256 l3a=4 l3=2048 robc=2 robd=2 robw=256   2.6273   0.9999    40.99    15.36  Strongly Sust.
  bp=512 bpt=a53 l1da=4 l1d=16 l1ia=4 l1i=16 l2a=4 l2=256 l3a=4 l3=2048 nhist=4 robc=2 robd=2 robw=256   2.6273   0.9997    40.99    15.36  Strongly Sust.
  bp=512 bpt=a53 l1da=4 l1d=16 l1ia=4 l1i=32 l2a=8 l2=128 l3a=4 l3=1024 nhist=4 robc=10 robd=2 robw=32   3.0671   0.9724    33.09    13.87  Strongly Sust.
  bp=512 bpt=a53 l1da=4 l1d=16 l1ia=4 l1i=32 l2a=8 l2=128 l3a=4 l3=1024 nhist=4 robc=4 robd=2 robw=32   3.0672   0.9723    33.09    13.87  Strongly Sust.
  bp=512 bpt=a53 l1da=4 l1d=16 l1ia=4 l1i=32 l2a=8 l2=128 l3a=4 l3=1024 nhist=4 robc=2 robd=2 robw=32   3.0672   0.9723    33.09    13.87  Strongly Sust.
  bp=512 bpt=a53 l1da=4 l1d=16 l1ia=4 l1i=32 l2a=8 l2=128 l3a=4 l3=1024 nhist=4 robc=8 robd=2 robw=32   3.0672   0.9723    33.09    13.87  Strongly Sust.
  bpt=nn l1da=4 l1d=16 l1ia=4 l1i=32 l2a=8 l2=128 l3a=4 l3=1024 nnbl=32 nnlr=0.0005 robc=8 robd=2 robw=32   3.0688   0.9692    33.09    13.86  Strongly Sust.
  Ran sniper 1 time this iteration (34 total).

=== Iteration 29 ===
  Evaluating 1 configuration(s) (top acquisition score of 400 candidates)...
  [mesmo] bpt=pentium_m l1da=8 l1d=32 l1ia=8 l1i=64 l2a=4 l2=512 l3a=4 l3=4096 robc=10 robd=2 robw=64  ASI= 1.7636  S=1.0590  A=  66.65  P= 18.89  [Strongly Sust.]
  Deleted 1 non-Pareto output directory.

  Pareto front after iteration 29 (14 points, HV=3.1928):
  Params                                  ASI  Speedup     Area  PeakPow  Region
  ──────────────────────────────────────────────────────────────────────────────
  bpt=pentium_m l1da=8 l1d=64 l1ia=8 l1i=16 l2a=4 l2=512 l3a=8 l3=4096 robc=8 robd=2 robw=1024   0.8626   1.0609    70.94    37.26  Unsustainable
  bpt=pentium_m l1da=8 l1d=64 l1ia=8 l1i=16 l2a=8 l2=512 l3a=16 l3=1024 robc=10 robd=2 robw=512   1.5034   1.0608    50.78    25.06  Strongly Sust.
  bp=512 bpt=a53 l1da=8 l1d=64 l1ia=8 l1i=16 l2a=8 l2=512 l3a=16 l3=1024 nhist=2 robc=10 robd=2 robw=256   2.2291   1.0606    49.29    17.09  Strongly Sust.
  bpt=pentium_m l1da=8 l1d=64 l1ia=8 l1i=16 l2a=8 l2=512 l3a=16 l3=1024 robc=10 robd=2 robw=256   2.2292   1.0605    49.29    17.08  Strongly Sust.
  bpt=nn l1da=8 l1d=64 l1ia=8 l1i=16 l2a=8 l2=512 l3a=16 l3=1024 nnbl=16 nnlr=0.005 robc=10 robd=2 robw=256   2.2293   1.0602    49.29    17.08  Strongly Sust.
  bp=512 bpt=a53 l1da=4 l1d=64 l1ia=4 l1i=16 l2a=4 l2=256 l3a=4 l3=2048 nhist=4 robc=2 robd=2 robw=256   2.6064   1.0018    41.36    15.45  Strongly Sust.
  bpt=nn l1da=4 l1d=64 l1ia=4 l1i=16 l2a=4 l2=256 l3a=4 l3=2048 nnbl=16 nnlr=0.0005 robc=2 robd=2 robw=256   2.6071   1.0001    41.36    15.44  Strongly Sust.
  bpt=pentium_m l1da=4 l1d=16 l1ia=4 l1i=16 l2a=4 l2=256 l3a=4 l3=2048 robc=2 robd=2 robw=256   2.6273   0.9999    40.99    15.36  Strongly Sust.
  bp=512 bpt=a53 l1da=4 l1d=16 l1ia=4 l1i=16 l2a=4 l2=256 l3a=4 l3=2048 nhist=4 robc=2 robd=2 robw=256   2.6273   0.9997    40.99    15.36  Strongly Sust.
  bp=512 bpt=a53 l1da=4 l1d=16 l1ia=4 l1i=32 l2a=8 l2=128 l3a=4 l3=1024 nhist=4 robc=10 robd=2 robw=32   3.0671   0.9724    33.09    13.87  Strongly Sust.
  bp=512 bpt=a53 l1da=4 l1d=16 l1ia=4 l1i=32 l2a=8 l2=128 l3a=4 l3=1024 nhist=4 robc=4 robd=2 robw=32   3.0672   0.9723    33.09    13.87  Strongly Sust.
  bp=512 bpt=a53 l1da=4 l1d=16 l1ia=4 l1i=32 l2a=8 l2=128 l3a=4 l3=1024 nhist=4 robc=2 robd=2 robw=32   3.0672   0.9723    33.09    13.87  Strongly Sust.
  bp=512 bpt=a53 l1da=4 l1d=16 l1ia=4 l1i=32 l2a=8 l2=128 l3a=4 l3=1024 nhist=4 robc=8 robd=2 robw=32   3.0672   0.9723    33.09    13.87  Strongly Sust.
  bpt=nn l1da=4 l1d=16 l1ia=4 l1i=32 l2a=8 l2=128 l3a=4 l3=1024 nnbl=32 nnlr=0.0005 robc=8 robd=2 robw=32   3.0688   0.9692    33.09    13.86  Strongly Sust.
  Ran sniper 1 time this iteration (35 total).

=== Iteration 30 ===
  Evaluating 1 configuration(s) (top acquisition score of 400 candidates)...
  [mesmo] bpt=nn l1da=4 l1d=16 l1ia=4 l1i=32 l2a=8 l2=128 l3a=4 l3=1024 nnbl=32 nnlr=0.0005 robc=8 robd=2 robw=256  ASI= 2.9573  S=0.9665  A=  33.33  P= 14.36  [Strongly Sust.]
  Deleted 1 non-Pareto output directory.

  Pareto front after iteration 30 (14 points, HV=3.1928):
  Params                                  ASI  Speedup     Area  PeakPow  Region
  ──────────────────────────────────────────────────────────────────────────────
  bpt=pentium_m l1da=8 l1d=64 l1ia=8 l1i=16 l2a=4 l2=512 l3a=8 l3=4096 robc=8 robd=2 robw=1024   0.8626   1.0609    70.94    37.26  Unsustainable
  bpt=pentium_m l1da=8 l1d=64 l1ia=8 l1i=16 l2a=8 l2=512 l3a=16 l3=1024 robc=10 robd=2 robw=512   1.5034   1.0608    50.78    25.06  Strongly Sust.
  bp=512 bpt=a53 l1da=8 l1d=64 l1ia=8 l1i=16 l2a=8 l2=512 l3a=16 l3=1024 nhist=2 robc=10 robd=2 robw=256   2.2291   1.0606    49.29    17.09  Strongly Sust.
  bpt=pentium_m l1da=8 l1d=64 l1ia=8 l1i=16 l2a=8 l2=512 l3a=16 l3=1024 robc=10 robd=2 robw=256   2.2292   1.0605    49.29    17.08  Strongly Sust.
  bpt=nn l1da=8 l1d=64 l1ia=8 l1i=16 l2a=8 l2=512 l3a=16 l3=1024 nnbl=16 nnlr=0.005 robc=10 robd=2 robw=256   2.2293   1.0602    49.29    17.08  Strongly Sust.
  bp=512 bpt=a53 l1da=4 l1d=64 l1ia=4 l1i=16 l2a=4 l2=256 l3a=4 l3=2048 nhist=4 robc=2 robd=2 robw=256   2.6064   1.0018    41.36    15.45  Strongly Sust.
  bpt=nn l1da=4 l1d=64 l1ia=4 l1i=16 l2a=4 l2=256 l3a=4 l3=2048 nnbl=16 nnlr=0.0005 robc=2 robd=2 robw=256   2.6071   1.0001    41.36    15.44  Strongly Sust.
  bpt=pentium_m l1da=4 l1d=16 l1ia=4 l1i=16 l2a=4 l2=256 l3a=4 l3=2048 robc=2 robd=2 robw=256   2.6273   0.9999    40.99    15.36  Strongly Sust.
  bp=512 bpt=a53 l1da=4 l1d=16 l1ia=4 l1i=16 l2a=4 l2=256 l3a=4 l3=2048 nhist=4 robc=2 robd=2 robw=256   2.6273   0.9997    40.99    15.36  Strongly Sust.
  bp=512 bpt=a53 l1da=4 l1d=16 l1ia=4 l1i=32 l2a=8 l2=128 l3a=4 l3=1024 nhist=4 robc=10 robd=2 robw=32   3.0671   0.9724    33.09    13.87  Strongly Sust.
  bp=512 bpt=a53 l1da=4 l1d=16 l1ia=4 l1i=32 l2a=8 l2=128 l3a=4 l3=1024 nhist=4 robc=4 robd=2 robw=32   3.0672   0.9723    33.09    13.87  Strongly Sust.
  bp=512 bpt=a53 l1da=4 l1d=16 l1ia=4 l1i=32 l2a=8 l2=128 l3a=4 l3=1024 nhist=4 robc=2 robd=2 robw=32   3.0672   0.9723    33.09    13.87  Strongly Sust.
  bp=512 bpt=a53 l1da=4 l1d=16 l1ia=4 l1i=32 l2a=8 l2=128 l3a=4 l3=1024 nhist=4 robc=8 robd=2 robw=32   3.0672   0.9723    33.09    13.87  Strongly Sust.
  bpt=nn l1da=4 l1d=16 l1ia=4 l1i=32 l2a=8 l2=128 l3a=4 l3=1024 nnbl=32 nnlr=0.0005 robc=8 robd=2 robw=32   3.0688   0.9692    33.09    13.86  Strongly Sust.
  Ran sniper 1 time this iteration (36 total).

=== Iteration 31 ===
  Evaluating 1 configuration(s) (top acquisition score of 400 candidates)...
  [mesmo] bpt=nn l1da=4 l1d=16 l1ia=4 l1i=32 l2a=8 l2=128 l3a=4 l3=1024 nnbl=64 nnlr=0.0005 robc=8 robd=2 robw=32  ASI= 3.0814  S=0.9447  A=  33.09  P= 13.80  [Strongly Sust.]

  Pareto front after iteration 31 (15 points, HV=3.2047):
  Params                                  ASI  Speedup     Area  PeakPow  Region
  ──────────────────────────────────────────────────────────────────────────────
  bpt=pentium_m l1da=8 l1d=64 l1ia=8 l1i=16 l2a=4 l2=512 l3a=8 l3=4096 robc=8 robd=2 robw=1024   0.8626   1.0609    70.94    37.26  Unsustainable
  bpt=pentium_m l1da=8 l1d=64 l1ia=8 l1i=16 l2a=8 l2=512 l3a=16 l3=1024 robc=10 robd=2 robw=512   1.5034   1.0608    50.78    25.06  Strongly Sust.
  bp=512 bpt=a53 l1da=8 l1d=64 l1ia=8 l1i=16 l2a=8 l2=512 l3a=16 l3=1024 nhist=2 robc=10 robd=2 robw=256   2.2291   1.0606    49.29    17.09  Strongly Sust.
  bpt=pentium_m l1da=8 l1d=64 l1ia=8 l1i=16 l2a=8 l2=512 l3a=16 l3=1024 robc=10 robd=2 robw=256   2.2292   1.0605    49.29    17.08  Strongly Sust.
  bpt=nn l1da=8 l1d=64 l1ia=8 l1i=16 l2a=8 l2=512 l3a=16 l3=1024 nnbl=16 nnlr=0.005 robc=10 robd=2 robw=256   2.2293   1.0602    49.29    17.08  Strongly Sust.
  bp=512 bpt=a53 l1da=4 l1d=64 l1ia=4 l1i=16 l2a=4 l2=256 l3a=4 l3=2048 nhist=4 robc=2 robd=2 robw=256   2.6064   1.0018    41.36    15.45  Strongly Sust.
  bpt=nn l1da=4 l1d=64 l1ia=4 l1i=16 l2a=4 l2=256 l3a=4 l3=2048 nnbl=16 nnlr=0.0005 robc=2 robd=2 robw=256   2.6071   1.0001    41.36    15.44  Strongly Sust.
  bpt=pentium_m l1da=4 l1d=16 l1ia=4 l1i=16 l2a=4 l2=256 l3a=4 l3=2048 robc=2 robd=2 robw=256   2.6273   0.9999    40.99    15.36  Strongly Sust.
  bp=512 bpt=a53 l1da=4 l1d=16 l1ia=4 l1i=16 l2a=4 l2=256 l3a=4 l3=2048 nhist=4 robc=2 robd=2 robw=256   2.6273   0.9997    40.99    15.36  Strongly Sust.
  bp=512 bpt=a53 l1da=4 l1d=16 l1ia=4 l1i=32 l2a=8 l2=128 l3a=4 l3=1024 nhist=4 robc=10 robd=2 robw=32   3.0671   0.9724    33.09    13.87  Strongly Sust.
  bp=512 bpt=a53 l1da=4 l1d=16 l1ia=4 l1i=32 l2a=8 l2=128 l3a=4 l3=1024 nhist=4 robc=4 robd=2 robw=32   3.0672   0.9723    33.09    13.87  Strongly Sust.
  bp=512 bpt=a53 l1da=4 l1d=16 l1ia=4 l1i=32 l2a=8 l2=128 l3a=4 l3=1024 nhist=4 robc=2 robd=2 robw=32   3.0672   0.9723    33.09    13.87  Strongly Sust.
  bp=512 bpt=a53 l1da=4 l1d=16 l1ia=4 l1i=32 l2a=8 l2=128 l3a=4 l3=1024 nhist=4 robc=8 robd=2 robw=32   3.0672   0.9723    33.09    13.87  Strongly Sust.
  bpt=nn l1da=4 l1d=16 l1ia=4 l1i=32 l2a=8 l2=128 l3a=4 l3=1024 nnbl=32 nnlr=0.0005 robc=8 robd=2 robw=32   3.0688   0.9692    33.09    13.86  Strongly Sust.
  bpt=nn l1da=4 l1d=16 l1ia=4 l1i=32 l2a=8 l2=128 l3a=4 l3=1024 nnbl=64 nnlr=0.0005 robc=8 robd=2 robw=32   3.0814   0.9447    33.09    13.80  Strongly Sust.
  Ran sniper 1 time this iteration (37 total).

=== Iteration 32 ===
  Evaluating 1 configuration(s) (top acquisition score of 400 candidates)...
  [mesmo] bpt=pentium_m l1da=8 l1d=64 l1ia=8 l1i=16 l2a=4 l2=512 l3a=8 l3=4096 robc=10 robd=2 robw=1024  ASI= 0.8626  S=1.0609  A=  70.94  P= 37.26  [Unsustainable]
  Deleted 1 non-Pareto output directory.

  Pareto front after iteration 32 (15 points, HV=3.2047):
  Params                                  ASI  Speedup     Area  PeakPow  Region
  ──────────────────────────────────────────────────────────────────────────────
  bpt=pentium_m l1da=8 l1d=64 l1ia=8 l1i=16 l2a=4 l2=512 l3a=8 l3=4096 robc=10 robd=2 robw=1024   0.8626   1.0609    70.94    37.26  Unsustainable
  bpt=pentium_m l1da=8 l1d=64 l1ia=8 l1i=16 l2a=8 l2=512 l3a=16 l3=1024 robc=10 robd=2 robw=512   1.5034   1.0608    50.78    25.06  Strongly Sust.
  bp=512 bpt=a53 l1da=8 l1d=64 l1ia=8 l1i=16 l2a=8 l2=512 l3a=16 l3=1024 nhist=2 robc=10 robd=2 robw=256   2.2291   1.0606    49.29    17.09  Strongly Sust.
  bpt=pentium_m l1da=8 l1d=64 l1ia=8 l1i=16 l2a=8 l2=512 l3a=16 l3=1024 robc=10 robd=2 robw=256   2.2292   1.0605    49.29    17.08  Strongly Sust.
  bpt=nn l1da=8 l1d=64 l1ia=8 l1i=16 l2a=8 l2=512 l3a=16 l3=1024 nnbl=16 nnlr=0.005 robc=10 robd=2 robw=256   2.2293   1.0602    49.29    17.08  Strongly Sust.
  bp=512 bpt=a53 l1da=4 l1d=64 l1ia=4 l1i=16 l2a=4 l2=256 l3a=4 l3=2048 nhist=4 robc=2 robd=2 robw=256   2.6064   1.0018    41.36    15.45  Strongly Sust.
  bpt=nn l1da=4 l1d=64 l1ia=4 l1i=16 l2a=4 l2=256 l3a=4 l3=2048 nnbl=16 nnlr=0.0005 robc=2 robd=2 robw=256   2.6071   1.0001    41.36    15.44  Strongly Sust.
  bpt=pentium_m l1da=4 l1d=16 l1ia=4 l1i=16 l2a=4 l2=256 l3a=4 l3=2048 robc=2 robd=2 robw=256   2.6273   0.9999    40.99    15.36  Strongly Sust.
  bp=512 bpt=a53 l1da=4 l1d=16 l1ia=4 l1i=16 l2a=4 l2=256 l3a=4 l3=2048 nhist=4 robc=2 robd=2 robw=256   2.6273   0.9997    40.99    15.36  Strongly Sust.
  bp=512 bpt=a53 l1da=4 l1d=16 l1ia=4 l1i=32 l2a=8 l2=128 l3a=4 l3=1024 nhist=4 robc=10 robd=2 robw=32   3.0671   0.9724    33.09    13.87  Strongly Sust.
  bp=512 bpt=a53 l1da=4 l1d=16 l1ia=4 l1i=32 l2a=8 l2=128 l3a=4 l3=1024 nhist=4 robc=4 robd=2 robw=32   3.0672   0.9723    33.09    13.87  Strongly Sust.
  bp=512 bpt=a53 l1da=4 l1d=16 l1ia=4 l1i=32 l2a=8 l2=128 l3a=4 l3=1024 nhist=4 robc=2 robd=2 robw=32   3.0672   0.9723    33.09    13.87  Strongly Sust.
  bp=512 bpt=a53 l1da=4 l1d=16 l1ia=4 l1i=32 l2a=8 l2=128 l3a=4 l3=1024 nhist=4 robc=8 robd=2 robw=32   3.0672   0.9723    33.09    13.87  Strongly Sust.
  bpt=nn l1da=4 l1d=16 l1ia=4 l1i=32 l2a=8 l2=128 l3a=4 l3=1024 nnbl=32 nnlr=0.0005 robc=8 robd=2 robw=32   3.0688   0.9692    33.09    13.86  Strongly Sust.
  bpt=nn l1da=4 l1d=16 l1ia=4 l1i=32 l2a=8 l2=128 l3a=4 l3=1024 nnbl=64 nnlr=0.0005 robc=8 robd=2 robw=32   3.0814   0.9447    33.09    13.80  Strongly Sust.
  Ran sniper 1 time this iteration (38 total).

=== Iteration 33 ===
  Evaluating 1 configuration(s) (top acquisition score of 400 candidates)...
  [mesmo] bpt=pentium_m l1da=4 l1d=64 l1ia=8 l1i=64 l2a=8 l2=512 l3a=16 l3=2048 robc=10 robd=4 robw=128  ASI= 1.6488  S=1.0608  A=  53.40  P= 22.41  [Strongly Sust.]

  Pareto front after iteration 33 (16 points, HV=3.2047):
  Params                                  ASI  Speedup     Area  PeakPow  Region
  ──────────────────────────────────────────────────────────────────────────────
  bpt=pentium_m l1da=8 l1d=64 l1ia=8 l1i=16 l2a=4 l2=512 l3a=8 l3=4096 robc=10 robd=2 robw=1024   0.8626   1.0609    70.94    37.26  Unsustainable
  bpt=pentium_m l1da=8 l1d=64 l1ia=8 l1i=16 l2a=8 l2=512 l3a=16 l3=1024 robc=10 robd=2 robw=512   1.5034   1.0608    50.78    25.06  Strongly Sust.
  bpt=pentium_m l1da=4 l1d=64 l1ia=8 l1i=64 l2a=8 l2=512 l3a=16 l3=2048 robc=10 robd=4 robw=128   1.6488   1.0608    53.40    22.41  Strongly Sust.
  bp=512 bpt=a53 l1da=8 l1d=64 l1ia=8 l1i=16 l2a=8 l2=512 l3a=16 l3=1024 nhist=2 robc=10 robd=2 robw=256   2.2291   1.0606    49.29    17.09  Strongly Sust.
  bpt=pentium_m l1da=8 l1d=64 l1ia=8 l1i=16 l2a=8 l2=512 l3a=16 l3=1024 robc=10 robd=2 robw=256   2.2292   1.0605    49.29    17.08  Strongly Sust.
  bpt=nn l1da=8 l1d=64 l1ia=8 l1i=16 l2a=8 l2=512 l3a=16 l3=1024 nnbl=16 nnlr=0.005 robc=10 robd=2 robw=256   2.2293   1.0602    49.29    17.08  Strongly Sust.
  bp=512 bpt=a53 l1da=4 l1d=64 l1ia=4 l1i=16 l2a=4 l2=256 l3a=4 l3=2048 nhist=4 robc=2 robd=2 robw=256   2.6064   1.0018    41.36    15.45  Strongly Sust.
  bpt=nn l1da=4 l1d=64 l1ia=4 l1i=16 l2a=4 l2=256 l3a=4 l3=2048 nnbl=16 nnlr=0.0005 robc=2 robd=2 robw=256   2.6071   1.0001    41.36    15.44  Strongly Sust.
  bpt=pentium_m l1da=4 l1d=16 l1ia=4 l1i=16 l2a=4 l2=256 l3a=4 l3=2048 robc=2 robd=2 robw=256   2.6273   0.9999    40.99    15.36  Strongly Sust.
  bp=512 bpt=a53 l1da=4 l1d=16 l1ia=4 l1i=16 l2a=4 l2=256 l3a=4 l3=2048 nhist=4 robc=2 robd=2 robw=256   2.6273   0.9997    40.99    15.36  Strongly Sust.
  bp=512 bpt=a53 l1da=4 l1d=16 l1ia=4 l1i=32 l2a=8 l2=128 l3a=4 l3=1024 nhist=4 robc=10 robd=2 robw=32   3.0671   0.9724    33.09    13.87  Strongly Sust.
  bp=512 bpt=a53 l1da=4 l1d=16 l1ia=4 l1i=32 l2a=8 l2=128 l3a=4 l3=1024 nhist=4 robc=4 robd=2 robw=32   3.0672   0.9723    33.09    13.87  Strongly Sust.
  bp=512 bpt=a53 l1da=4 l1d=16 l1ia=4 l1i=32 l2a=8 l2=128 l3a=4 l3=1024 nhist=4 robc=2 robd=2 robw=32   3.0672   0.9723    33.09    13.87  Strongly Sust.
  bp=512 bpt=a53 l1da=4 l1d=16 l1ia=4 l1i=32 l2a=8 l2=128 l3a=4 l3=1024 nhist=4 robc=8 robd=2 robw=32   3.0672   0.9723    33.09    13.87  Strongly Sust.
  bpt=nn l1da=4 l1d=16 l1ia=4 l1i=32 l2a=8 l2=128 l3a=4 l3=1024 nnbl=32 nnlr=0.0005 robc=8 robd=2 robw=32   3.0688   0.9692    33.09    13.86  Strongly Sust.
  bpt=nn l1da=4 l1d=16 l1ia=4 l1i=32 l2a=8 l2=128 l3a=4 l3=1024 nnbl=64 nnlr=0.0005 robc=8 robd=2 robw=32   3.0814   0.9447    33.09    13.80  Strongly Sust.
  Ran sniper 1 time this iteration (39 total).

=== Iteration 34 ===
  Evaluating 1 configuration(s) (top acquisition score of 400 candidates)...
  [mesmo] bpt=nn l1da=4 l1d=64 l1ia=4 l1i=32 l2a=8 l2=128 l3a=4 l3=1024 nnbl=64 nnlr=0.0005 robc=8 robd=2 robw=32  ASI= 3.0414  S=0.9746  A=  33.46  P= 13.95  [Strongly Sust.]

  Pareto front after iteration 34 (17 points, HV=3.2056):
  Params                                  ASI  Speedup     Area  PeakPow  Region
  ──────────────────────────────────────────────────────────────────────────────
  bpt=pentium_m l1da=8 l1d=64 l1ia=8 l1i=16 l2a=4 l2=512 l3a=8 l3=4096 robc=10 robd=2 robw=1024   0.8626   1.0609    70.94    37.26  Unsustainable
  bpt=pentium_m l1da=8 l1d=64 l1ia=8 l1i=16 l2a=8 l2=512 l3a=16 l3=1024 robc=10 robd=2 robw=512   1.5034   1.0608    50.78    25.06  Strongly Sust.
  bpt=pentium_m l1da=4 l1d=64 l1ia=8 l1i=64 l2a=8 l2=512 l3a=16 l3=2048 robc=10 robd=4 robw=128   1.6488   1.0608    53.40    22.41  Strongly Sust.
  bp=512 bpt=a53 l1da=8 l1d=64 l1ia=8 l1i=16 l2a=8 l2=512 l3a=16 l3=1024 nhist=2 robc=10 robd=2 robw=256   2.2291   1.0606    49.29    17.09  Strongly Sust.
  bpt=pentium_m l1da=8 l1d=64 l1ia=8 l1i=16 l2a=8 l2=512 l3a=16 l3=1024 robc=10 robd=2 robw=256   2.2292   1.0605    49.29    17.08  Strongly Sust.
  bpt=nn l1da=8 l1d=64 l1ia=8 l1i=16 l2a=8 l2=512 l3a=16 l3=1024 nnbl=16 nnlr=0.005 robc=10 robd=2 robw=256   2.2293   1.0602    49.29    17.08  Strongly Sust.
  bp=512 bpt=a53 l1da=4 l1d=64 l1ia=4 l1i=16 l2a=4 l2=256 l3a=4 l3=2048 nhist=4 robc=2 robd=2 robw=256   2.6064   1.0018    41.36    15.45  Strongly Sust.
  bpt=nn l1da=4 l1d=64 l1ia=4 l1i=16 l2a=4 l2=256 l3a=4 l3=2048 nnbl=16 nnlr=0.0005 robc=2 robd=2 robw=256   2.6071   1.0001    41.36    15.44  Strongly Sust.
  bpt=pentium_m l1da=4 l1d=16 l1ia=4 l1i=16 l2a=4 l2=256 l3a=4 l3=2048 robc=2 robd=2 robw=256   2.6273   0.9999    40.99    15.36  Strongly Sust.
  bp=512 bpt=a53 l1da=4 l1d=16 l1ia=4 l1i=16 l2a=4 l2=256 l3a=4 l3=2048 nhist=4 robc=2 robd=2 robw=256   2.6273   0.9997    40.99    15.36  Strongly Sust.
  bpt=nn l1da=4 l1d=64 l1ia=4 l1i=32 l2a=8 l2=128 l3a=4 l3=1024 nnbl=64 nnlr=0.0005 robc=8 robd=2 robw=32   3.0414   0.9746    33.46    13.95  Strongly Sust.
  bp=512 bpt=a53 l1da=4 l1d=16 l1ia=4 l1i=32 l2a=8 l2=128 l3a=4 l3=1024 nhist=4 robc=10 robd=2 robw=32   3.0671   0.9724    33.09    13.87  Strongly Sust.
  bp=512 bpt=a53 l1da=4 l1d=16 l1ia=4 l1i=32 l2a=8 l2=128 l3a=4 l3=1024 nhist=4 robc=4 robd=2 robw=32   3.0672   0.9723    33.09    13.87  Strongly Sust.
  bp=512 bpt=a53 l1da=4 l1d=16 l1ia=4 l1i=32 l2a=8 l2=128 l3a=4 l3=1024 nhist=4 robc=2 robd=2 robw=32   3.0672   0.9723    33.09    13.87  Strongly Sust.
  bp=512 bpt=a53 l1da=4 l1d=16 l1ia=4 l1i=32 l2a=8 l2=128 l3a=4 l3=1024 nhist=4 robc=8 robd=2 robw=32   3.0672   0.9723    33.09    13.87  Strongly Sust.
  bpt=nn l1da=4 l1d=16 l1ia=4 l1i=32 l2a=8 l2=128 l3a=4 l3=1024 nnbl=32 nnlr=0.0005 robc=8 robd=2 robw=32   3.0688   0.9692    33.09    13.86  Strongly Sust.
  bpt=nn l1da=4 l1d=16 l1ia=4 l1i=32 l2a=8 l2=128 l3a=4 l3=1024 nnbl=64 nnlr=0.0005 robc=8 robd=2 robw=32   3.0814   0.9447    33.09    13.80  Strongly Sust.
  Ran sniper 1 time this iteration (40 total).

=== Iteration 35 ===
  Evaluating 1 configuration(s) (top acquisition score of 400 candidates)...
  [mesmo] bpt=pentium_m l1da=4 l1d=64 l1ia=8 l1i=64 l2a=8 l2=512 l3a=16 l3=2048 robc=8 robd=4 robw=128  ASI= 1.6488  S=1.0607  A=  53.40  P= 22.41  [Strongly Sust.]

  Pareto front after iteration 35 (18 points, HV=3.2056):
  Params                                  ASI  Speedup     Area  PeakPow  Region
  ──────────────────────────────────────────────────────────────────────────────
  bpt=pentium_m l1da=8 l1d=64 l1ia=8 l1i=16 l2a=4 l2=512 l3a=8 l3=4096 robc=10 robd=2 robw=1024   0.8626   1.0609    70.94    37.26  Unsustainable
  bpt=pentium_m l1da=8 l1d=64 l1ia=8 l1i=16 l2a=8 l2=512 l3a=16 l3=1024 robc=10 robd=2 robw=512   1.5034   1.0608    50.78    25.06  Strongly Sust.
  bpt=pentium_m l1da=4 l1d=64 l1ia=8 l1i=64 l2a=8 l2=512 l3a=16 l3=2048 robc=10 robd=4 robw=128   1.6488   1.0608    53.40    22.41  Strongly Sust.
  bpt=pentium_m l1da=4 l1d=64 l1ia=8 l1i=64 l2a=8 l2=512 l3a=16 l3=2048 robc=8 robd=4 robw=128   1.6488   1.0607    53.40    22.41  Strongly Sust.
  bp=512 bpt=a53 l1da=8 l1d=64 l1ia=8 l1i=16 l2a=8 l2=512 l3a=16 l3=1024 nhist=2 robc=10 robd=2 robw=256   2.2291   1.0606    49.29    17.09  Strongly Sust.
  bpt=pentium_m l1da=8 l1d=64 l1ia=8 l1i=16 l2a=8 l2=512 l3a=16 l3=1024 robc=10 robd=2 robw=256   2.2292   1.0605    49.29    17.08  Strongly Sust.
  bpt=nn l1da=8 l1d=64 l1ia=8 l1i=16 l2a=8 l2=512 l3a=16 l3=1024 nnbl=16 nnlr=0.005 robc=10 robd=2 robw=256   2.2293   1.0602    49.29    17.08  Strongly Sust.
  bp=512 bpt=a53 l1da=4 l1d=64 l1ia=4 l1i=16 l2a=4 l2=256 l3a=4 l3=2048 nhist=4 robc=2 robd=2 robw=256   2.6064   1.0018    41.36    15.45  Strongly Sust.
  bpt=nn l1da=4 l1d=64 l1ia=4 l1i=16 l2a=4 l2=256 l3a=4 l3=2048 nnbl=16 nnlr=0.0005 robc=2 robd=2 robw=256   2.6071   1.0001    41.36    15.44  Strongly Sust.
  bpt=pentium_m l1da=4 l1d=16 l1ia=4 l1i=16 l2a=4 l2=256 l3a=4 l3=2048 robc=2 robd=2 robw=256   2.6273   0.9999    40.99    15.36  Strongly Sust.
  bp=512 bpt=a53 l1da=4 l1d=16 l1ia=4 l1i=16 l2a=4 l2=256 l3a=4 l3=2048 nhist=4 robc=2 robd=2 robw=256   2.6273   0.9997    40.99    15.36  Strongly Sust.
  bpt=nn l1da=4 l1d=64 l1ia=4 l1i=32 l2a=8 l2=128 l3a=4 l3=1024 nnbl=64 nnlr=0.0005 robc=8 robd=2 robw=32   3.0414   0.9746    33.46    13.95  Strongly Sust.
  bp=512 bpt=a53 l1da=4 l1d=16 l1ia=4 l1i=32 l2a=8 l2=128 l3a=4 l3=1024 nhist=4 robc=10 robd=2 robw=32   3.0671   0.9724    33.09    13.87  Strongly Sust.
  bp=512 bpt=a53 l1da=4 l1d=16 l1ia=4 l1i=32 l2a=8 l2=128 l3a=4 l3=1024 nhist=4 robc=4 robd=2 robw=32   3.0672   0.9723    33.09    13.87  Strongly Sust.
  bp=512 bpt=a53 l1da=4 l1d=16 l1ia=4 l1i=32 l2a=8 l2=128 l3a=4 l3=1024 nhist=4 robc=2 robd=2 robw=32   3.0672   0.9723    33.09    13.87  Strongly Sust.
  bp=512 bpt=a53 l1da=4 l1d=16 l1ia=4 l1i=32 l2a=8 l2=128 l3a=4 l3=1024 nhist=4 robc=8 robd=2 robw=32   3.0672   0.9723    33.09    13.87  Strongly Sust.
  bpt=nn l1da=4 l1d=16 l1ia=4 l1i=32 l2a=8 l2=128 l3a=4 l3=1024 nnbl=32 nnlr=0.0005 robc=8 robd=2 robw=32   3.0688   0.9692    33.09    13.86  Strongly Sust.
  bpt=nn l1da=4 l1d=16 l1ia=4 l1i=32 l2a=8 l2=128 l3a=4 l3=1024 nnbl=64 nnlr=0.0005 robc=8 robd=2 robw=32   3.0814   0.9447    33.09    13.80  Strongly Sust.
  Ran sniper 1 time this iteration (41 total).

=== Iteration 36 ===
  Evaluating 1 configuration(s) (top acquisition score of 400 candidates)...
  [mesmo] bpt=pentium_m l1da=4 l1d=64 l1ia=8 l1i=16 l2a=8 l2=512 l3a=4 l3=4096 robc=8 robd=10 robw=128  ASI= 0.0564  S=1.0606  A=  92.43  P=465.04  [Unsustainable]
  Deleted 1 non-Pareto output directory.

  Pareto front after iteration 36 (18 points, HV=3.2056):
  Params                                  ASI  Speedup     Area  PeakPow  Region
  ──────────────────────────────────────────────────────────────────────────────
  bpt=pentium_m l1da=8 l1d=64 l1ia=8 l1i=16 l2a=4 l2=512 l3a=8 l3=4096 robc=10 robd=2 robw=1024   0.8626   1.0609    70.94    37.26  Unsustainable
  bpt=pentium_m l1da=8 l1d=64 l1ia=8 l1i=16 l2a=8 l2=512 l3a=16 l3=1024 robc=10 robd=2 robw=512   1.5034   1.0608    50.78    25.06  Strongly Sust.
  bpt=pentium_m l1da=4 l1d=64 l1ia=8 l1i=64 l2a=8 l2=512 l3a=16 l3=2048 robc=10 robd=4 robw=128   1.6488   1.0608    53.40    22.41  Strongly Sust.
  bpt=pentium_m l1da=4 l1d=64 l1ia=8 l1i=64 l2a=8 l2=512 l3a=16 l3=2048 robc=8 robd=4 robw=128   1.6488   1.0607    53.40    22.41  Strongly Sust.
  bp=512 bpt=a53 l1da=8 l1d=64 l1ia=8 l1i=16 l2a=8 l2=512 l3a=16 l3=1024 nhist=2 robc=10 robd=2 robw=256   2.2291   1.0606    49.29    17.09  Strongly Sust.
  bpt=pentium_m l1da=8 l1d=64 l1ia=8 l1i=16 l2a=8 l2=512 l3a=16 l3=1024 robc=10 robd=2 robw=256   2.2292   1.0605    49.29    17.08  Strongly Sust.
  bpt=nn l1da=8 l1d=64 l1ia=8 l1i=16 l2a=8 l2=512 l3a=16 l3=1024 nnbl=16 nnlr=0.005 robc=10 robd=2 robw=256   2.2293   1.0602    49.29    17.08  Strongly Sust.
  bp=512 bpt=a53 l1da=4 l1d=64 l1ia=4 l1i=16 l2a=4 l2=256 l3a=4 l3=2048 nhist=4 robc=2 robd=2 robw=256   2.6064   1.0018    41.36    15.45  Strongly Sust.
  bpt=nn l1da=4 l1d=64 l1ia=4 l1i=16 l2a=4 l2=256 l3a=4 l3=2048 nnbl=16 nnlr=0.0005 robc=2 robd=2 robw=256   2.6071   1.0001    41.36    15.44  Strongly Sust.
  bpt=pentium_m l1da=4 l1d=16 l1ia=4 l1i=16 l2a=4 l2=256 l3a=4 l3=2048 robc=2 robd=2 robw=256   2.6273   0.9999    40.99    15.36  Strongly Sust.
  bp=512 bpt=a53 l1da=4 l1d=16 l1ia=4 l1i=16 l2a=4 l2=256 l3a=4 l3=2048 nhist=4 robc=2 robd=2 robw=256   2.6273   0.9997    40.99    15.36  Strongly Sust.
  bpt=nn l1da=4 l1d=64 l1ia=4 l1i=32 l2a=8 l2=128 l3a=4 l3=1024 nnbl=64 nnlr=0.0005 robc=8 robd=2 robw=32   3.0414   0.9746    33.46    13.95  Strongly Sust.
  bp=512 bpt=a53 l1da=4 l1d=16 l1ia=4 l1i=32 l2a=8 l2=128 l3a=4 l3=1024 nhist=4 robc=10 robd=2 robw=32   3.0671   0.9724    33.09    13.87  Strongly Sust.
  bp=512 bpt=a53 l1da=4 l1d=16 l1ia=4 l1i=32 l2a=8 l2=128 l3a=4 l3=1024 nhist=4 robc=4 robd=2 robw=32   3.0672   0.9723    33.09    13.87  Strongly Sust.
  bp=512 bpt=a53 l1da=4 l1d=16 l1ia=4 l1i=32 l2a=8 l2=128 l3a=4 l3=1024 nhist=4 robc=2 robd=2 robw=32   3.0672   0.9723    33.09    13.87  Strongly Sust.
  bp=512 bpt=a53 l1da=4 l1d=16 l1ia=4 l1i=32 l2a=8 l2=128 l3a=4 l3=1024 nhist=4 robc=8 robd=2 robw=32   3.0672   0.9723    33.09    13.87  Strongly Sust.
  bpt=nn l1da=4 l1d=16 l1ia=4 l1i=32 l2a=8 l2=128 l3a=4 l3=1024 nnbl=32 nnlr=0.0005 robc=8 robd=2 robw=32   3.0688   0.9692    33.09    13.86  Strongly Sust.
  bpt=nn l1da=4 l1d=16 l1ia=4 l1i=32 l2a=8 l2=128 l3a=4 l3=1024 nnbl=64 nnlr=0.0005 robc=8 robd=2 robw=32   3.0814   0.9447    33.09    13.80  Strongly Sust.
  Ran sniper 1 time this iteration (42 total).

=== Iteration 37 ===
  Evaluating 1 configuration(s) (top acquisition score of 400 candidates)...
  [mesmo] bpt=nn l1da=4 l1d=16 l1ia=4 l1i=32 l2a=8 l2=128 l3a=4 l3=1024 nnbl=32 nnlr=0.0005 robc=10 robd=2 robw=32  ASI= 3.0684  S=0.9700  A=  33.09  P= 13.86  [Strongly Sust.]

  Pareto front after iteration 37 (19 points, HV=3.2056):
  Params                                  ASI  Speedup     Area  PeakPow  Region
  ──────────────────────────────────────────────────────────────────────────────
  bpt=pentium_m l1da=8 l1d=64 l1ia=8 l1i=16 l2a=4 l2=512 l3a=8 l3=4096 robc=10 robd=2 robw=1024   0.8626   1.0609    70.94    37.26  Unsustainable
  bpt=pentium_m l1da=8 l1d=64 l1ia=8 l1i=16 l2a=8 l2=512 l3a=16 l3=1024 robc=10 robd=2 robw=512   1.5034   1.0608    50.78    25.06  Strongly Sust.
  bpt=pentium_m l1da=4 l1d=64 l1ia=8 l1i=64 l2a=8 l2=512 l3a=16 l3=2048 robc=10 robd=4 robw=128   1.6488   1.0608    53.40    22.41  Strongly Sust.
  bpt=pentium_m l1da=4 l1d=64 l1ia=8 l1i=64 l2a=8 l2=512 l3a=16 l3=2048 robc=8 robd=4 robw=128   1.6488   1.0607    53.40    22.41  Strongly Sust.
  bp=512 bpt=a53 l1da=8 l1d=64 l1ia=8 l1i=16 l2a=8 l2=512 l3a=16 l3=1024 nhist=2 robc=10 robd=2 robw=256   2.2291   1.0606    49.29    17.09  Strongly Sust.
  bpt=pentium_m l1da=8 l1d=64 l1ia=8 l1i=16 l2a=8 l2=512 l3a=16 l3=1024 robc=10 robd=2 robw=256   2.2292   1.0605    49.29    17.08  Strongly Sust.
  bpt=nn l1da=8 l1d=64 l1ia=8 l1i=16 l2a=8 l2=512 l3a=16 l3=1024 nnbl=16 nnlr=0.005 robc=10 robd=2 robw=256   2.2293   1.0602    49.29    17.08  Strongly Sust.
  bp=512 bpt=a53 l1da=4 l1d=64 l1ia=4 l1i=16 l2a=4 l2=256 l3a=4 l3=2048 nhist=4 robc=2 robd=2 robw=256   2.6064   1.0018    41.36    15.45  Strongly Sust.
  bpt=nn l1da=4 l1d=64 l1ia=4 l1i=16 l2a=4 l2=256 l3a=4 l3=2048 nnbl=16 nnlr=0.0005 robc=2 robd=2 robw=256   2.6071   1.0001    41.36    15.44  Strongly Sust.
  bpt=pentium_m l1da=4 l1d=16 l1ia=4 l1i=16 l2a=4 l2=256 l3a=4 l3=2048 robc=2 robd=2 robw=256   2.6273   0.9999    40.99    15.36  Strongly Sust.
  bp=512 bpt=a53 l1da=4 l1d=16 l1ia=4 l1i=16 l2a=4 l2=256 l3a=4 l3=2048 nhist=4 robc=2 robd=2 robw=256   2.6273   0.9997    40.99    15.36  Strongly Sust.
  bpt=nn l1da=4 l1d=64 l1ia=4 l1i=32 l2a=8 l2=128 l3a=4 l3=1024 nnbl=64 nnlr=0.0005 robc=8 robd=2 robw=32   3.0414   0.9746    33.46    13.95  Strongly Sust.
  bp=512 bpt=a53 l1da=4 l1d=16 l1ia=4 l1i=32 l2a=8 l2=128 l3a=4 l3=1024 nhist=4 robc=10 robd=2 robw=32   3.0671   0.9724    33.09    13.87  Strongly Sust.
  bp=512 bpt=a53 l1da=4 l1d=16 l1ia=4 l1i=32 l2a=8 l2=128 l3a=4 l3=1024 nhist=4 robc=4 robd=2 robw=32   3.0672   0.9723    33.09    13.87  Strongly Sust.
  bp=512 bpt=a53 l1da=4 l1d=16 l1ia=4 l1i=32 l2a=8 l2=128 l3a=4 l3=1024 nhist=4 robc=2 robd=2 robw=32   3.0672   0.9723    33.09    13.87  Strongly Sust.
  bp=512 bpt=a53 l1da=4 l1d=16 l1ia=4 l1i=32 l2a=8 l2=128 l3a=4 l3=1024 nhist=4 robc=8 robd=2 robw=32   3.0672   0.9723    33.09    13.87  Strongly Sust.
  bpt=nn l1da=4 l1d=16 l1ia=4 l1i=32 l2a=8 l2=128 l3a=4 l3=1024 nnbl=32 nnlr=0.0005 robc=10 robd=2 robw=32   3.0684   0.9700    33.09    13.86  Strongly Sust.
  bpt=nn l1da=4 l1d=16 l1ia=4 l1i=32 l2a=8 l2=128 l3a=4 l3=1024 nnbl=32 nnlr=0.0005 robc=8 robd=2 robw=32   3.0688   0.9692    33.09    13.86  Strongly Sust.
  bpt=nn l1da=4 l1d=16 l1ia=4 l1i=32 l2a=8 l2=128 l3a=4 l3=1024 nnbl=64 nnlr=0.0005 robc=8 robd=2 robw=32   3.0814   0.9447    33.09    13.80  Strongly Sust.
  Ran sniper 1 time this iteration (43 total).

=== Iteration 38 ===
  Evaluating 1 configuration(s) (top acquisition score of 400 candidates)...
  [mesmo] bp=512 bpt=a53 l1da=8 l1d=64 l1ia=8 l1i=16 l2a=8 l2=512 l3a=16 l3=4096 nhist=2 robc=10 robd=2 robw=256  ASI= 1.7280  S=1.0606  A=  66.19  P= 19.35  [Strongly Sust.]

  Pareto front after iteration 38 (20 points, HV=3.2056):
  Params                                  ASI  Speedup     Area  PeakPow  Region
  ──────────────────────────────────────────────────────────────────────────────
  bpt=pentium_m l1da=8 l1d=64 l1ia=8 l1i=16 l2a=4 l2=512 l3a=8 l3=4096 robc=10 robd=2 robw=1024   0.8626   1.0609    70.94    37.26  Unsustainable
  bpt=pentium_m l1da=8 l1d=64 l1ia=8 l1i=16 l2a=8 l2=512 l3a=16 l3=1024 robc=10 robd=2 robw=512   1.5034   1.0608    50.78    25.06  Strongly Sust.
  bpt=pentium_m l1da=4 l1d=64 l1ia=8 l1i=64 l2a=8 l2=512 l3a=16 l3=2048 robc=10 robd=4 robw=128   1.6488   1.0608    53.40    22.41  Strongly Sust.
  bpt=pentium_m l1da=4 l1d=64 l1ia=8 l1i=64 l2a=8 l2=512 l3a=16 l3=2048 robc=8 robd=4 robw=128   1.6488   1.0607    53.40    22.41  Strongly Sust.
  bp=512 bpt=a53 l1da=8 l1d=64 l1ia=8 l1i=16 l2a=8 l2=512 l3a=16 l3=4096 nhist=2 robc=10 robd=2 robw=256   1.7280   1.0606    66.19    19.35  Strongly Sust.
  bp=512 bpt=a53 l1da=8 l1d=64 l1ia=8 l1i=16 l2a=8 l2=512 l3a=16 l3=1024 nhist=2 robc=10 robd=2 robw=256   2.2291   1.0606    49.29    17.09  Strongly Sust.
  bpt=pentium_m l1da=8 l1d=64 l1ia=8 l1i=16 l2a=8 l2=512 l3a=16 l3=1024 robc=10 robd=2 robw=256   2.2292   1.0605    49.29    17.08  Strongly Sust.
  bpt=nn l1da=8 l1d=64 l1ia=8 l1i=16 l2a=8 l2=512 l3a=16 l3=1024 nnbl=16 nnlr=0.005 robc=10 robd=2 robw=256   2.2293   1.0602    49.29    17.08  Strongly Sust.
  bp=512 bpt=a53 l1da=4 l1d=64 l1ia=4 l1i=16 l2a=4 l2=256 l3a=4 l3=2048 nhist=4 robc=2 robd=2 robw=256   2.6064   1.0018    41.36    15.45  Strongly Sust.
  bpt=nn l1da=4 l1d=64 l1ia=4 l1i=16 l2a=4 l2=256 l3a=4 l3=2048 nnbl=16 nnlr=0.0005 robc=2 robd=2 robw=256   2.6071   1.0001    41.36    15.44  Strongly Sust.
  bpt=pentium_m l1da=4 l1d=16 l1ia=4 l1i=16 l2a=4 l2=256 l3a=4 l3=2048 robc=2 robd=2 robw=256   2.6273   0.9999    40.99    15.36  Strongly Sust.
  bp=512 bpt=a53 l1da=4 l1d=16 l1ia=4 l1i=16 l2a=4 l2=256 l3a=4 l3=2048 nhist=4 robc=2 robd=2 robw=256   2.6273   0.9997    40.99    15.36  Strongly Sust.
  bpt=nn l1da=4 l1d=64 l1ia=4 l1i=32 l2a=8 l2=128 l3a=4 l3=1024 nnbl=64 nnlr=0.0005 robc=8 robd=2 robw=32   3.0414   0.9746    33.46    13.95  Strongly Sust.
  bp=512 bpt=a53 l1da=4 l1d=16 l1ia=4 l1i=32 l2a=8 l2=128 l3a=4 l3=1024 nhist=4 robc=10 robd=2 robw=32   3.0671   0.9724    33.09    13.87  Strongly Sust.
  bp=512 bpt=a53 l1da=4 l1d=16 l1ia=4 l1i=32 l2a=8 l2=128 l3a=4 l3=1024 nhist=4 robc=4 robd=2 robw=32   3.0672   0.9723    33.09    13.87  Strongly Sust.
  bp=512 bpt=a53 l1da=4 l1d=16 l1ia=4 l1i=32 l2a=8 l2=128 l3a=4 l3=1024 nhist=4 robc=2 robd=2 robw=32   3.0672   0.9723    33.09    13.87  Strongly Sust.
  bp=512 bpt=a53 l1da=4 l1d=16 l1ia=4 l1i=32 l2a=8 l2=128 l3a=4 l3=1024 nhist=4 robc=8 robd=2 robw=32   3.0672   0.9723    33.09    13.87  Strongly Sust.
  bpt=nn l1da=4 l1d=16 l1ia=4 l1i=32 l2a=8 l2=128 l3a=4 l3=1024 nnbl=32 nnlr=0.0005 robc=10 robd=2 robw=32   3.0684   0.9700    33.09    13.86  Strongly Sust.
  bpt=nn l1da=4 l1d=16 l1ia=4 l1i=32 l2a=8 l2=128 l3a=4 l3=1024 nnbl=32 nnlr=0.0005 robc=8 robd=2 robw=32   3.0688   0.9692    33.09    13.86  Strongly Sust.
  bpt=nn l1da=4 l1d=16 l1ia=4 l1i=32 l2a=8 l2=128 l3a=4 l3=1024 nnbl=64 nnlr=0.0005 robc=8 robd=2 robw=32   3.0814   0.9447    33.09    13.80  Strongly Sust.
  Ran sniper 1 time this iteration (44 total).

=== Iteration 39 ===
  Evaluating 1 configuration(s) (top acquisition score of 400 candidates)...
  [mesmo] bp=512 bpt=a53 l1da=4 l1d=64 l1ia=8 l1i=64 l2a=8 l2=128 l3a=16 l3=1024 nhist=2 robc=8 robd=2 robw=16  ASI= 2.8577  S=0.9743  A=  37.48  P= 14.46  [Strongly Sust.]
  Deleted 1 non-Pareto output directory.

  Pareto front after iteration 39 (20 points, HV=3.2056):
  Params                                  ASI  Speedup     Area  PeakPow  Region
  ──────────────────────────────────────────────────────────────────────────────
  bpt=pentium_m l1da=8 l1d=64 l1ia=8 l1i=16 l2a=4 l2=512 l3a=8 l3=4096 robc=10 robd=2 robw=1024   0.8626   1.0609    70.94    37.26  Unsustainable
  bpt=pentium_m l1da=8 l1d=64 l1ia=8 l1i=16 l2a=8 l2=512 l3a=16 l3=1024 robc=10 robd=2 robw=512   1.5034   1.0608    50.78    25.06  Strongly Sust.
  bpt=pentium_m l1da=4 l1d=64 l1ia=8 l1i=64 l2a=8 l2=512 l3a=16 l3=2048 robc=10 robd=4 robw=128   1.6488   1.0608    53.40    22.41  Strongly Sust.
  bpt=pentium_m l1da=4 l1d=64 l1ia=8 l1i=64 l2a=8 l2=512 l3a=16 l3=2048 robc=8 robd=4 robw=128   1.6488   1.0607    53.40    22.41  Strongly Sust.
  bp=512 bpt=a53 l1da=8 l1d=64 l1ia=8 l1i=16 l2a=8 l2=512 l3a=16 l3=4096 nhist=2 robc=10 robd=2 robw=256   1.7280   1.0606    66.19    19.35  Strongly Sust.
  bp=512 bpt=a53 l1da=8 l1d=64 l1ia=8 l1i=16 l2a=8 l2=512 l3a=16 l3=1024 nhist=2 robc=10 robd=2 robw=256   2.2291   1.0606    49.29    17.09  Strongly Sust.
  bpt=pentium_m l1da=8 l1d=64 l1ia=8 l1i=16 l2a=8 l2=512 l3a=16 l3=1024 robc=10 robd=2 robw=256   2.2292   1.0605    49.29    17.08  Strongly Sust.
  bpt=nn l1da=8 l1d=64 l1ia=8 l1i=16 l2a=8 l2=512 l3a=16 l3=1024 nnbl=16 nnlr=0.005 robc=10 robd=2 robw=256   2.2293   1.0602    49.29    17.08  Strongly Sust.
  bp=512 bpt=a53 l1da=4 l1d=64 l1ia=4 l1i=16 l2a=4 l2=256 l3a=4 l3=2048 nhist=4 robc=2 robd=2 robw=256   2.6064   1.0018    41.36    15.45  Strongly Sust.
  bpt=nn l1da=4 l1d=64 l1ia=4 l1i=16 l2a=4 l2=256 l3a=4 l3=2048 nnbl=16 nnlr=0.0005 robc=2 robd=2 robw=256   2.6071   1.0001    41.36    15.44  Strongly Sust.
  bpt=pentium_m l1da=4 l1d=16 l1ia=4 l1i=16 l2a=4 l2=256 l3a=4 l3=2048 robc=2 robd=2 robw=256   2.6273   0.9999    40.99    15.36  Strongly Sust.
  bp=512 bpt=a53 l1da=4 l1d=16 l1ia=4 l1i=16 l2a=4 l2=256 l3a=4 l3=2048 nhist=4 robc=2 robd=2 robw=256   2.6273   0.9997    40.99    15.36  Strongly Sust.
  bpt=nn l1da=4 l1d=64 l1ia=4 l1i=32 l2a=8 l2=128 l3a=4 l3=1024 nnbl=64 nnlr=0.0005 robc=8 robd=2 robw=32   3.0414   0.9746    33.46    13.95  Strongly Sust.
  bp=512 bpt=a53 l1da=4 l1d=16 l1ia=4 l1i=32 l2a=8 l2=128 l3a=4 l3=1024 nhist=4 robc=10 robd=2 robw=32   3.0671   0.9724    33.09    13.87  Strongly Sust.
  bp=512 bpt=a53 l1da=4 l1d=16 l1ia=4 l1i=32 l2a=8 l2=128 l3a=4 l3=1024 nhist=4 robc=4 robd=2 robw=32   3.0672   0.9723    33.09    13.87  Strongly Sust.
  bp=512 bpt=a53 l1da=4 l1d=16 l1ia=4 l1i=32 l2a=8 l2=128 l3a=4 l3=1024 nhist=4 robc=2 robd=2 robw=32   3.0672   0.9723    33.09    13.87  Strongly Sust.
  bp=512 bpt=a53 l1da=4 l1d=16 l1ia=4 l1i=32 l2a=8 l2=128 l3a=4 l3=1024 nhist=4 robc=8 robd=2 robw=32   3.0672   0.9723    33.09    13.87  Strongly Sust.
  bpt=nn l1da=4 l1d=16 l1ia=4 l1i=32 l2a=8 l2=128 l3a=4 l3=1024 nnbl=32 nnlr=0.0005 robc=10 robd=2 robw=32   3.0684   0.9700    33.09    13.86  Strongly Sust.
  bpt=nn l1da=4 l1d=16 l1ia=4 l1i=32 l2a=8 l2=128 l3a=4 l3=1024 nnbl=32 nnlr=0.0005 robc=8 robd=2 robw=32   3.0688   0.9692    33.09    13.86  Strongly Sust.
  bpt=nn l1da=4 l1d=16 l1ia=4 l1i=32 l2a=8 l2=128 l3a=4 l3=1024 nnbl=64 nnlr=0.0005 robc=8 robd=2 robw=32   3.0814   0.9447    33.09    13.80  Strongly Sust.
  Ran sniper 1 time this iteration (45 total).

=== Iteration 40 ===
  Evaluating 1 configuration(s) (top acquisition score of 400 candidates)...
  [mesmo] bpt=pentium_m l1da=8 l1d=16 l1ia=8 l1i=16 l2a=4 l2=512 l3a=16 l3=4096 robc=8 robd=8 robw=1024  ASI= 0.0025  S=1.0584  A= 177.36  P=1190.56  [Unsustainable]
  Deleted 1 non-Pareto output directory.

  Pareto front after iteration 40 (20 points, HV=3.2056):
  Params                                  ASI  Speedup     Area  PeakPow  Region
  ──────────────────────────────────────────────────────────────────────────────
  bpt=pentium_m l1da=8 l1d=64 l1ia=8 l1i=16 l2a=4 l2=512 l3a=8 l3=4096 robc=10 robd=2 robw=1024   0.8626   1.0609    70.94    37.26  Unsustainable
  bpt=pentium_m l1da=8 l1d=64 l1ia=8 l1i=16 l2a=8 l2=512 l3a=16 l3=1024 robc=10 robd=2 robw=512   1.5034   1.0608    50.78    25.06  Strongly Sust.
  bpt=pentium_m l1da=4 l1d=64 l1ia=8 l1i=64 l2a=8 l2=512 l3a=16 l3=2048 robc=10 robd=4 robw=128   1.6488   1.0608    53.40    22.41  Strongly Sust.
  bpt=pentium_m l1da=4 l1d=64 l1ia=8 l1i=64 l2a=8 l2=512 l3a=16 l3=2048 robc=8 robd=4 robw=128   1.6488   1.0607    53.40    22.41  Strongly Sust.
  bp=512 bpt=a53 l1da=8 l1d=64 l1ia=8 l1i=16 l2a=8 l2=512 l3a=16 l3=4096 nhist=2 robc=10 robd=2 robw=256   1.7280   1.0606    66.19    19.35  Strongly Sust.
  bp=512 bpt=a53 l1da=8 l1d=64 l1ia=8 l1i=16 l2a=8 l2=512 l3a=16 l3=1024 nhist=2 robc=10 robd=2 robw=256   2.2291   1.0606    49.29    17.09  Strongly Sust.
  bpt=pentium_m l1da=8 l1d=64 l1ia=8 l1i=16 l2a=8 l2=512 l3a=16 l3=1024 robc=10 robd=2 robw=256   2.2292   1.0605    49.29    17.08  Strongly Sust.
  bpt=nn l1da=8 l1d=64 l1ia=8 l1i=16 l2a=8 l2=512 l3a=16 l3=1024 nnbl=16 nnlr=0.005 robc=10 robd=2 robw=256   2.2293   1.0602    49.29    17.08  Strongly Sust.
  bp=512 bpt=a53 l1da=4 l1d=64 l1ia=4 l1i=16 l2a=4 l2=256 l3a=4 l3=2048 nhist=4 robc=2 robd=2 robw=256   2.6064   1.0018    41.36    15.45  Strongly Sust.
  bpt=nn l1da=4 l1d=64 l1ia=4 l1i=16 l2a=4 l2=256 l3a=4 l3=2048 nnbl=16 nnlr=0.0005 robc=2 robd=2 robw=256   2.6071   1.0001    41.36    15.44  Strongly Sust.
  bpt=pentium_m l1da=4 l1d=16 l1ia=4 l1i=16 l2a=4 l2=256 l3a=4 l3=2048 robc=2 robd=2 robw=256   2.6273   0.9999    40.99    15.36  Strongly Sust.
  bp=512 bpt=a53 l1da=4 l1d=16 l1ia=4 l1i=16 l2a=4 l2=256 l3a=4 l3=2048 nhist=4 robc=2 robd=2 robw=256   2.6273   0.9997    40.99    15.36  Strongly Sust.
  bpt=nn l1da=4 l1d=64 l1ia=4 l1i=32 l2a=8 l2=128 l3a=4 l3=1024 nnbl=64 nnlr=0.0005 robc=8 robd=2 robw=32   3.0414   0.9746    33.46    13.95  Strongly Sust.
  bp=512 bpt=a53 l1da=4 l1d=16 l1ia=4 l1i=32 l2a=8 l2=128 l3a=4 l3=1024 nhist=4 robc=10 robd=2 robw=32   3.0671   0.9724    33.09    13.87  Strongly Sust.
  bp=512 bpt=a53 l1da=4 l1d=16 l1ia=4 l1i=32 l2a=8 l2=128 l3a=4 l3=1024 nhist=4 robc=4 robd=2 robw=32   3.0672   0.9723    33.09    13.87  Strongly Sust.
  bp=512 bpt=a53 l1da=4 l1d=16 l1ia=4 l1i=32 l2a=8 l2=128 l3a=4 l3=1024 nhist=4 robc=2 robd=2 robw=32   3.0672   0.9723    33.09    13.87  Strongly Sust.
  bp=512 bpt=a53 l1da=4 l1d=16 l1ia=4 l1i=32 l2a=8 l2=128 l3a=4 l3=1024 nhist=4 robc=8 robd=2 robw=32   3.0672   0.9723    33.09    13.87  Strongly Sust.
  bpt=nn l1da=4 l1d=16 l1ia=4 l1i=32 l2a=8 l2=128 l3a=4 l3=1024 nnbl=32 nnlr=0.0005 robc=10 robd=2 robw=32   3.0684   0.9700    33.09    13.86  Strongly Sust.
  bpt=nn l1da=4 l1d=16 l1ia=4 l1i=32 l2a=8 l2=128 l3a=4 l3=1024 nnbl=32 nnlr=0.0005 robc=8 robd=2 robw=32   3.0688   0.9692    33.09    13.86  Strongly Sust.
  bpt=nn l1da=4 l1d=16 l1ia=4 l1i=32 l2a=8 l2=128 l3a=4 l3=1024 nnbl=64 nnlr=0.0005 robc=8 robd=2 robw=32   3.0814   0.9447    33.09    13.80  Strongly Sust.
  Ran sniper 1 time this iteration (46 total).

=== Iteration 41 ===
  Evaluating 1 configuration(s) (top acquisition score of 400 candidates)...
  [mesmo] bpt=pentium_m l1da=8 l1d=32 l1ia=4 l1i=32 l2a=4 l2=128 l3a=16 l3=2048 robc=8 robd=2 robw=16  ASI= 2.6439  S=0.9733  A=  44.38  P= 14.91  [Strongly Sust.]
  Deleted 1 non-Pareto output directory.

  Pareto front after iteration 41 (20 points, HV=3.2056):
  Params                                  ASI  Speedup     Area  PeakPow  Region
  ──────────────────────────────────────────────────────────────────────────────
  bpt=pentium_m l1da=8 l1d=64 l1ia=8 l1i=16 l2a=4 l2=512 l3a=8 l3=4096 robc=10 robd=2 robw=1024   0.8626   1.0609    70.94    37.26  Unsustainable
  bpt=pentium_m l1da=8 l1d=64 l1ia=8 l1i=16 l2a=8 l2=512 l3a=16 l3=1024 robc=10 robd=2 robw=512   1.5034   1.0608    50.78    25.06  Strongly Sust.
  bpt=pentium_m l1da=4 l1d=64 l1ia=8 l1i=64 l2a=8 l2=512 l3a=16 l3=2048 robc=10 robd=4 robw=128   1.6488   1.0608    53.40    22.41  Strongly Sust.
  bpt=pentium_m l1da=4 l1d=64 l1ia=8 l1i=64 l2a=8 l2=512 l3a=16 l3=2048 robc=8 robd=4 robw=128   1.6488   1.0607    53.40    22.41  Strongly Sust.
  bp=512 bpt=a53 l1da=8 l1d=64 l1ia=8 l1i=16 l2a=8 l2=512 l3a=16 l3=4096 nhist=2 robc=10 robd=2 robw=256   1.7280   1.0606    66.19    19.35  Strongly Sust.
  bp=512 bpt=a53 l1da=8 l1d=64 l1ia=8 l1i=16 l2a=8 l2=512 l3a=16 l3=1024 nhist=2 robc=10 robd=2 robw=256   2.2291   1.0606    49.29    17.09  Strongly Sust.
  bpt=pentium_m l1da=8 l1d=64 l1ia=8 l1i=16 l2a=8 l2=512 l3a=16 l3=1024 robc=10 robd=2 robw=256   2.2292   1.0605    49.29    17.08  Strongly Sust.
  bpt=nn l1da=8 l1d=64 l1ia=8 l1i=16 l2a=8 l2=512 l3a=16 l3=1024 nnbl=16 nnlr=0.005 robc=10 robd=2 robw=256   2.2293   1.0602    49.29    17.08  Strongly Sust.
  bp=512 bpt=a53 l1da=4 l1d=64 l1ia=4 l1i=16 l2a=4 l2=256 l3a=4 l3=2048 nhist=4 robc=2 robd=2 robw=256   2.6064   1.0018    41.36    15.45  Strongly Sust.
  bpt=nn l1da=4 l1d=64 l1ia=4 l1i=16 l2a=4 l2=256 l3a=4 l3=2048 nnbl=16 nnlr=0.0005 robc=2 robd=2 robw=256   2.6071   1.0001    41.36    15.44  Strongly Sust.
  bpt=pentium_m l1da=4 l1d=16 l1ia=4 l1i=16 l2a=4 l2=256 l3a=4 l3=2048 robc=2 robd=2 robw=256   2.6273   0.9999    40.99    15.36  Strongly Sust.
  bp=512 bpt=a53 l1da=4 l1d=16 l1ia=4 l1i=16 l2a=4 l2=256 l3a=4 l3=2048 nhist=4 robc=2 robd=2 robw=256   2.6273   0.9997    40.99    15.36  Strongly Sust.
  bpt=nn l1da=4 l1d=64 l1ia=4 l1i=32 l2a=8 l2=128 l3a=4 l3=1024 nnbl=64 nnlr=0.0005 robc=8 robd=2 robw=32   3.0414   0.9746    33.46    13.95  Strongly Sust.
  bp=512 bpt=a53 l1da=4 l1d=16 l1ia=4 l1i=32 l2a=8 l2=128 l3a=4 l3=1024 nhist=4 robc=10 robd=2 robw=32   3.0671   0.9724    33.09    13.87  Strongly Sust.
  bp=512 bpt=a53 l1da=4 l1d=16 l1ia=4 l1i=32 l2a=8 l2=128 l3a=4 l3=1024 nhist=4 robc=4 robd=2 robw=32   3.0672   0.9723    33.09    13.87  Strongly Sust.
  bp=512 bpt=a53 l1da=4 l1d=16 l1ia=4 l1i=32 l2a=8 l2=128 l3a=4 l3=1024 nhist=4 robc=2 robd=2 robw=32   3.0672   0.9723    33.09    13.87  Strongly Sust.
  bp=512 bpt=a53 l1da=4 l1d=16 l1ia=4 l1i=32 l2a=8 l2=128 l3a=4 l3=1024 nhist=4 robc=8 robd=2 robw=32   3.0672   0.9723    33.09    13.87  Strongly Sust.
  bpt=nn l1da=4 l1d=16 l1ia=4 l1i=32 l2a=8 l2=128 l3a=4 l3=1024 nnbl=32 nnlr=0.0005 robc=10 robd=2 robw=32   3.0684   0.9700    33.09    13.86  Strongly Sust.
  bpt=nn l1da=4 l1d=16 l1ia=4 l1i=32 l2a=8 l2=128 l3a=4 l3=1024 nnbl=32 nnlr=0.0005 robc=8 robd=2 robw=32   3.0688   0.9692    33.09    13.86  Strongly Sust.
  bpt=nn l1da=4 l1d=16 l1ia=4 l1i=32 l2a=8 l2=128 l3a=4 l3=1024 nnbl=64 nnlr=0.0005 robc=8 robd=2 robw=32   3.0814   0.9447    33.09    13.80  Strongly Sust.
  Ran sniper 1 time this iteration (47 total).

=== Iteration 42 ===
  Evaluating 1 configuration(s) (top acquisition score of 400 candidates)...
  [mesmo] bpt=nn l1da=4 l1d=16 l1ia=4 l1i=32 l2a=8 l2=128 l3a=4 l3=1024 nnbl=64 nnlr=0.005 robc=2 robd=2 robw=32  ASI= 3.0681  S=0.9706  A=  33.09  P= 13.86  [Strongly Sust.]

  Pareto front after iteration 42 (21 points, HV=3.2056):
  Params                                  ASI  Speedup     Area  PeakPow  Region
  ──────────────────────────────────────────────────────────────────────────────
  bpt=pentium_m l1da=8 l1d=64 l1ia=8 l1i=16 l2a=4 l2=512 l3a=8 l3=4096 robc=10 robd=2 robw=1024   0.8626   1.0609    70.94    37.26  Unsustainable
  bpt=pentium_m l1da=8 l1d=64 l1ia=8 l1i=16 l2a=8 l2=512 l3a=16 l3=1024 robc=10 robd=2 robw=512   1.5034   1.0608    50.78    25.06  Strongly Sust.
  bpt=pentium_m l1da=4 l1d=64 l1ia=8 l1i=64 l2a=8 l2=512 l3a=16 l3=2048 robc=10 robd=4 robw=128   1.6488   1.0608    53.40    22.41  Strongly Sust.
  bpt=pentium_m l1da=4 l1d=64 l1ia=8 l1i=64 l2a=8 l2=512 l3a=16 l3=2048 robc=8 robd=4 robw=128   1.6488   1.0607    53.40    22.41  Strongly Sust.
  bp=512 bpt=a53 l1da=8 l1d=64 l1ia=8 l1i=16 l2a=8 l2=512 l3a=16 l3=4096 nhist=2 robc=10 robd=2 robw=256   1.7280   1.0606    66.19    19.35  Strongly Sust.
  bp=512 bpt=a53 l1da=8 l1d=64 l1ia=8 l1i=16 l2a=8 l2=512 l3a=16 l3=1024 nhist=2 robc=10 robd=2 robw=256   2.2291   1.0606    49.29    17.09  Strongly Sust.
  bpt=pentium_m l1da=8 l1d=64 l1ia=8 l1i=16 l2a=8 l2=512 l3a=16 l3=1024 robc=10 robd=2 robw=256   2.2292   1.0605    49.29    17.08  Strongly Sust.
  bpt=nn l1da=8 l1d=64 l1ia=8 l1i=16 l2a=8 l2=512 l3a=16 l3=1024 nnbl=16 nnlr=0.005 robc=10 robd=2 robw=256   2.2293   1.0602    49.29    17.08  Strongly Sust.
  bp=512 bpt=a53 l1da=4 l1d=64 l1ia=4 l1i=16 l2a=4 l2=256 l3a=4 l3=2048 nhist=4 robc=2 robd=2 robw=256   2.6064   1.0018    41.36    15.45  Strongly Sust.
  bpt=nn l1da=4 l1d=64 l1ia=4 l1i=16 l2a=4 l2=256 l3a=4 l3=2048 nnbl=16 nnlr=0.0005 robc=2 robd=2 robw=256   2.6071   1.0001    41.36    15.44  Strongly Sust.
  bpt=pentium_m l1da=4 l1d=16 l1ia=4 l1i=16 l2a=4 l2=256 l3a=4 l3=2048 robc=2 robd=2 robw=256   2.6273   0.9999    40.99    15.36  Strongly Sust.
  bp=512 bpt=a53 l1da=4 l1d=16 l1ia=4 l1i=16 l2a=4 l2=256 l3a=4 l3=2048 nhist=4 robc=2 robd=2 robw=256   2.6273   0.9997    40.99    15.36  Strongly Sust.
  bpt=nn l1da=4 l1d=64 l1ia=4 l1i=32 l2a=8 l2=128 l3a=4 l3=1024 nnbl=64 nnlr=0.0005 robc=8 robd=2 robw=32   3.0414   0.9746    33.46    13.95  Strongly Sust.
  bp=512 bpt=a53 l1da=4 l1d=16 l1ia=4 l1i=32 l2a=8 l2=128 l3a=4 l3=1024 nhist=4 robc=10 robd=2 robw=32   3.0671   0.9724    33.09    13.87  Strongly Sust.
  bp=512 bpt=a53 l1da=4 l1d=16 l1ia=4 l1i=32 l2a=8 l2=128 l3a=4 l3=1024 nhist=4 robc=4 robd=2 robw=32   3.0672   0.9723    33.09    13.87  Strongly Sust.
  bp=512 bpt=a53 l1da=4 l1d=16 l1ia=4 l1i=32 l2a=8 l2=128 l3a=4 l3=1024 nhist=4 robc=2 robd=2 robw=32   3.0672   0.9723    33.09    13.87  Strongly Sust.
  bp=512 bpt=a53 l1da=4 l1d=16 l1ia=4 l1i=32 l2a=8 l2=128 l3a=4 l3=1024 nhist=4 robc=8 robd=2 robw=32   3.0672   0.9723    33.09    13.87  Strongly Sust.
  bpt=nn l1da=4 l1d=16 l1ia=4 l1i=32 l2a=8 l2=128 l3a=4 l3=1024 nnbl=64 nnlr=0.005 robc=2 robd=2 robw=32   3.0681   0.9706    33.09    13.86  Strongly Sust.
  bpt=nn l1da=4 l1d=16 l1ia=4 l1i=32 l2a=8 l2=128 l3a=4 l3=1024 nnbl=32 nnlr=0.0005 robc=10 robd=2 robw=32   3.0684   0.9700    33.09    13.86  Strongly Sust.
  bpt=nn l1da=4 l1d=16 l1ia=4 l1i=32 l2a=8 l2=128 l3a=4 l3=1024 nnbl=32 nnlr=0.0005 robc=8 robd=2 robw=32   3.0688   0.9692    33.09    13.86  Strongly Sust.
  bpt=nn l1da=4 l1d=16 l1ia=4 l1i=32 l2a=8 l2=128 l3a=4 l3=1024 nnbl=64 nnlr=0.0005 robc=8 robd=2 robw=32   3.0814   0.9447    33.09    13.80  Strongly Sust.
  Ran sniper 1 time this iteration (48 total).

=== Iteration 43 ===
  Evaluating 1 configuration(s) (top acquisition score of 400 candidates)...
  [mesmo] bpt=tage l1da=4 l1d=64 l1ia=4 l1i=32 l2a=4 l2=128 l3a=16 l3=2048 robc=4 robd=2 robw=64  ASI= 2.7216  S=0.9747  A=  40.44  P= 14.89  [Strongly Sust.]

  Pareto front after iteration 43 (22 points, HV=3.2056):
  Params                                  ASI  Speedup     Area  PeakPow  Region
  ──────────────────────────────────────────────────────────────────────────────
  bpt=pentium_m l1da=8 l1d=64 l1ia=8 l1i=16 l2a=4 l2=512 l3a=8 l3=4096 robc=10 robd=2 robw=1024   0.8626   1.0609    70.94    37.26  Unsustainable
  bpt=pentium_m l1da=8 l1d=64 l1ia=8 l1i=16 l2a=8 l2=512 l3a=16 l3=1024 robc=10 robd=2 robw=512   1.5034   1.0608    50.78    25.06  Strongly Sust.
  bpt=pentium_m l1da=4 l1d=64 l1ia=8 l1i=64 l2a=8 l2=512 l3a=16 l3=2048 robc=10 robd=4 robw=128   1.6488   1.0608    53.40    22.41  Strongly Sust.
  bpt=pentium_m l1da=4 l1d=64 l1ia=8 l1i=64 l2a=8 l2=512 l3a=16 l3=2048 robc=8 robd=4 robw=128   1.6488   1.0607    53.40    22.41  Strongly Sust.
  bp=512 bpt=a53 l1da=8 l1d=64 l1ia=8 l1i=16 l2a=8 l2=512 l3a=16 l3=4096 nhist=2 robc=10 robd=2 robw=256   1.7280   1.0606    66.19    19.35  Strongly Sust.
  bp=512 bpt=a53 l1da=8 l1d=64 l1ia=8 l1i=16 l2a=8 l2=512 l3a=16 l3=1024 nhist=2 robc=10 robd=2 robw=256   2.2291   1.0606    49.29    17.09  Strongly Sust.
  bpt=pentium_m l1da=8 l1d=64 l1ia=8 l1i=16 l2a=8 l2=512 l3a=16 l3=1024 robc=10 robd=2 robw=256   2.2292   1.0605    49.29    17.08  Strongly Sust.
  bpt=nn l1da=8 l1d=64 l1ia=8 l1i=16 l2a=8 l2=512 l3a=16 l3=1024 nnbl=16 nnlr=0.005 robc=10 robd=2 robw=256   2.2293   1.0602    49.29    17.08  Strongly Sust.
  bp=512 bpt=a53 l1da=4 l1d=64 l1ia=4 l1i=16 l2a=4 l2=256 l3a=4 l3=2048 nhist=4 robc=2 robd=2 robw=256   2.6064   1.0018    41.36    15.45  Strongly Sust.
  bpt=nn l1da=4 l1d=64 l1ia=4 l1i=16 l2a=4 l2=256 l3a=4 l3=2048 nnbl=16 nnlr=0.0005 robc=2 robd=2 robw=256   2.6071   1.0001    41.36    15.44  Strongly Sust.
  bpt=pentium_m l1da=4 l1d=16 l1ia=4 l1i=16 l2a=4 l2=256 l3a=4 l3=2048 robc=2 robd=2 robw=256   2.6273   0.9999    40.99    15.36  Strongly Sust.
  bp=512 bpt=a53 l1da=4 l1d=16 l1ia=4 l1i=16 l2a=4 l2=256 l3a=4 l3=2048 nhist=4 robc=2 robd=2 robw=256   2.6273   0.9997    40.99    15.36  Strongly Sust.
  bpt=tage l1da=4 l1d=64 l1ia=4 l1i=32 l2a=4 l2=128 l3a=16 l3=2048 robc=4 robd=2 robw=64   2.7216   0.9747    40.44    14.89  Strongly Sust.
  bpt=nn l1da=4 l1d=64 l1ia=4 l1i=32 l2a=8 l2=128 l3a=4 l3=1024 nnbl=64 nnlr=0.0005 robc=8 robd=2 robw=32   3.0414   0.9746    33.46    13.95  Strongly Sust.
  bp=512 bpt=a53 l1da=4 l1d=16 l1ia=4 l1i=32 l2a=8 l2=128 l3a=4 l3=1024 nhist=4 robc=10 robd=2 robw=32   3.0671   0.9724    33.09    13.87  Strongly Sust.
  bp=512 bpt=a53 l1da=4 l1d=16 l1ia=4 l1i=32 l2a=8 l2=128 l3a=4 l3=1024 nhist=4 robc=4 robd=2 robw=32   3.0672   0.9723    33.09    13.87  Strongly Sust.
  bp=512 bpt=a53 l1da=4 l1d=16 l1ia=4 l1i=32 l2a=8 l2=128 l3a=4 l3=1024 nhist=4 robc=2 robd=2 robw=32   3.0672   0.9723    33.09    13.87  Strongly Sust.
  bp=512 bpt=a53 l1da=4 l1d=16 l1ia=4 l1i=32 l2a=8 l2=128 l3a=4 l3=1024 nhist=4 robc=8 robd=2 robw=32   3.0672   0.9723    33.09    13.87  Strongly Sust.
  bpt=nn l1da=4 l1d=16 l1ia=4 l1i=32 l2a=8 l2=128 l3a=4 l3=1024 nnbl=64 nnlr=0.005 robc=2 robd=2 robw=32   3.0681   0.9706    33.09    13.86  Strongly Sust.
  bpt=nn l1da=4 l1d=16 l1ia=4 l1i=32 l2a=8 l2=128 l3a=4 l3=1024 nnbl=32 nnlr=0.0005 robc=10 robd=2 robw=32   3.0684   0.9700    33.09    13.86  Strongly Sust.
  bpt=nn l1da=4 l1d=16 l1ia=4 l1i=32 l2a=8 l2=128 l3a=4 l3=1024 nnbl=32 nnlr=0.0005 robc=8 robd=2 robw=32   3.0688   0.9692    33.09    13.86  Strongly Sust.
  bpt=nn l1da=4 l1d=16 l1ia=4 l1i=32 l2a=8 l2=128 l3a=4 l3=1024 nnbl=64 nnlr=0.0005 robc=8 robd=2 robw=32   3.0814   0.9447    33.09    13.80  Strongly Sust.
  Ran sniper 1 time this iteration (49 total).

=== Iteration 44 ===
  Evaluating 1 configuration(s) (top acquisition score of 400 candidates)...
  [mesmo] bpt=nn l1da=4 l1d=64 l1ia=4 l1i=64 l2a=4 l2=128 l3a=4 l3=2048 nnbl=64 nnlr=0.005 robc=8 robd=2 robw=32  ASI= 2.7421  S=0.9730  A=  40.98  P= 14.72  [Strongly Sust.]
  Deleted 1 non-Pareto output directory.

  Pareto front after iteration 44 (22 points, HV=3.2056):
  Params                                  ASI  Speedup     Area  PeakPow  Region
  ──────────────────────────────────────────────────────────────────────────────
  bpt=pentium_m l1da=8 l1d=64 l1ia=8 l1i=16 l2a=4 l2=512 l3a=8 l3=4096 robc=10 robd=2 robw=1024   0.8626   1.0609    70.94    37.26  Unsustainable
  bpt=pentium_m l1da=8 l1d=64 l1ia=8 l1i=16 l2a=8 l2=512 l3a=16 l3=1024 robc=10 robd=2 robw=512   1.5034   1.0608    50.78    25.06  Strongly Sust.
  bpt=pentium_m l1da=4 l1d=64 l1ia=8 l1i=64 l2a=8 l2=512 l3a=16 l3=2048 robc=10 robd=4 robw=128   1.6488   1.0608    53.40    22.41  Strongly Sust.
  bpt=pentium_m l1da=4 l1d=64 l1ia=8 l1i=64 l2a=8 l2=512 l3a=16 l3=2048 robc=8 robd=4 robw=128   1.6488   1.0607    53.40    22.41  Strongly Sust.
  bp=512 bpt=a53 l1da=8 l1d=64 l1ia=8 l1i=16 l2a=8 l2=512 l3a=16 l3=4096 nhist=2 robc=10 robd=2 robw=256   1.7280   1.0606    66.19    19.35  Strongly Sust.
  bp=512 bpt=a53 l1da=8 l1d=64 l1ia=8 l1i=16 l2a=8 l2=512 l3a=16 l3=1024 nhist=2 robc=10 robd=2 robw=256   2.2291   1.0606    49.29    17.09  Strongly Sust.
  bpt=pentium_m l1da=8 l1d=64 l1ia=8 l1i=16 l2a=8 l2=512 l3a=16 l3=1024 robc=10 robd=2 robw=256   2.2292   1.0605    49.29    17.08  Strongly Sust.
  bpt=nn l1da=8 l1d=64 l1ia=8 l1i=16 l2a=8 l2=512 l3a=16 l3=1024 nnbl=16 nnlr=0.005 robc=10 robd=2 robw=256   2.2293   1.0602    49.29    17.08  Strongly Sust.
  bp=512 bpt=a53 l1da=4 l1d=64 l1ia=4 l1i=16 l2a=4 l2=256 l3a=4 l3=2048 nhist=4 robc=2 robd=2 robw=256   2.6064   1.0018    41.36    15.45  Strongly Sust.
  bpt=nn l1da=4 l1d=64 l1ia=4 l1i=16 l2a=4 l2=256 l3a=4 l3=2048 nnbl=16 nnlr=0.0005 robc=2 robd=2 robw=256   2.6071   1.0001    41.36    15.44  Strongly Sust.
  bpt=pentium_m l1da=4 l1d=16 l1ia=4 l1i=16 l2a=4 l2=256 l3a=4 l3=2048 robc=2 robd=2 robw=256   2.6273   0.9999    40.99    15.36  Strongly Sust.
  bp=512 bpt=a53 l1da=4 l1d=16 l1ia=4 l1i=16 l2a=4 l2=256 l3a=4 l3=2048 nhist=4 robc=2 robd=2 robw=256   2.6273   0.9997    40.99    15.36  Strongly Sust.
  bpt=tage l1da=4 l1d=64 l1ia=4 l1i=32 l2a=4 l2=128 l3a=16 l3=2048 robc=4 robd=2 robw=64   2.7216   0.9747    40.44    14.89  Strongly Sust.
  bpt=nn l1da=4 l1d=64 l1ia=4 l1i=32 l2a=8 l2=128 l3a=4 l3=1024 nnbl=64 nnlr=0.0005 robc=8 robd=2 robw=32   3.0414   0.9746    33.46    13.95  Strongly Sust.
  bp=512 bpt=a53 l1da=4 l1d=16 l1ia=4 l1i=32 l2a=8 l2=128 l3a=4 l3=1024 nhist=4 robc=10 robd=2 robw=32   3.0671   0.9724    33.09    13.87  Strongly Sust.
  bp=512 bpt=a53 l1da=4 l1d=16 l1ia=4 l1i=32 l2a=8 l2=128 l3a=4 l3=1024 nhist=4 robc=4 robd=2 robw=32   3.0672   0.9723    33.09    13.87  Strongly Sust.
  bp=512 bpt=a53 l1da=4 l1d=16 l1ia=4 l1i=32 l2a=8 l2=128 l3a=4 l3=1024 nhist=4 robc=2 robd=2 robw=32   3.0672   0.9723    33.09    13.87  Strongly Sust.
  bp=512 bpt=a53 l1da=4 l1d=16 l1ia=4 l1i=32 l2a=8 l2=128 l3a=4 l3=1024 nhist=4 robc=8 robd=2 robw=32   3.0672   0.9723    33.09    13.87  Strongly Sust.
  bpt=nn l1da=4 l1d=16 l1ia=4 l1i=32 l2a=8 l2=128 l3a=4 l3=1024 nnbl=64 nnlr=0.005 robc=2 robd=2 robw=32   3.0681   0.9706    33.09    13.86  Strongly Sust.
  bpt=nn l1da=4 l1d=16 l1ia=4 l1i=32 l2a=8 l2=128 l3a=4 l3=1024 nnbl=32 nnlr=0.0005 robc=10 robd=2 robw=32   3.0684   0.9700    33.09    13.86  Strongly Sust.
  bpt=nn l1da=4 l1d=16 l1ia=4 l1i=32 l2a=8 l2=128 l3a=4 l3=1024 nnbl=32 nnlr=0.0005 robc=8 robd=2 robw=32   3.0688   0.9692    33.09    13.86  Strongly Sust.
  bpt=nn l1da=4 l1d=16 l1ia=4 l1i=32 l2a=8 l2=128 l3a=4 l3=1024 nnbl=64 nnlr=0.0005 robc=8 robd=2 robw=32   3.0814   0.9447    33.09    13.80  Strongly Sust.
  Ran sniper 1 time this iteration (50 total).

=== Iteration 45 ===
  Evaluating 1 configuration(s) (top acquisition score of 400 candidates)...
  [mesmo] bpt=tage l1da=4 l1d=16 l1ia=4 l1i=64 l2a=4 l2=128 l3a=8 l3=2048 robc=10 robd=2 robw=64  ASI= 2.7590  S=0.9724  A=  38.92  P= 14.84  [Strongly Sust.]
  Deleted 1 non-Pareto output directory.

  Pareto front after iteration 45 (22 points, HV=3.2056):
  Params                                  ASI  Speedup     Area  PeakPow  Region
  ──────────────────────────────────────────────────────────────────────────────
  bpt=pentium_m l1da=8 l1d=64 l1ia=8 l1i=16 l2a=4 l2=512 l3a=8 l3=4096 robc=10 robd=2 robw=1024   0.8626   1.0609    70.94    37.26  Unsustainable
  bpt=pentium_m l1da=8 l1d=64 l1ia=8 l1i=16 l2a=8 l2=512 l3a=16 l3=1024 robc=10 robd=2 robw=512   1.5034   1.0608    50.78    25.06  Strongly Sust.
  bpt=pentium_m l1da=4 l1d=64 l1ia=8 l1i=64 l2a=8 l2=512 l3a=16 l3=2048 robc=10 robd=4 robw=128   1.6488   1.0608    53.40    22.41  Strongly Sust.
  bpt=pentium_m l1da=4 l1d=64 l1ia=8 l1i=64 l2a=8 l2=512 l3a=16 l3=2048 robc=8 robd=4 robw=128   1.6488   1.0607    53.40    22.41  Strongly Sust.
  bp=512 bpt=a53 l1da=8 l1d=64 l1ia=8 l1i=16 l2a=8 l2=512 l3a=16 l3=4096 nhist=2 robc=10 robd=2 robw=256   1.7280   1.0606    66.19    19.35  Strongly Sust.
  bp=512 bpt=a53 l1da=8 l1d=64 l1ia=8 l1i=16 l2a=8 l2=512 l3a=16 l3=1024 nhist=2 robc=10 robd=2 robw=256   2.2291   1.0606    49.29    17.09  Strongly Sust.
  bpt=pentium_m l1da=8 l1d=64 l1ia=8 l1i=16 l2a=8 l2=512 l3a=16 l3=1024 robc=10 robd=2 robw=256   2.2292   1.0605    49.29    17.08  Strongly Sust.
  bpt=nn l1da=8 l1d=64 l1ia=8 l1i=16 l2a=8 l2=512 l3a=16 l3=1024 nnbl=16 nnlr=0.005 robc=10 robd=2 robw=256   2.2293   1.0602    49.29    17.08  Strongly Sust.
  bp=512 bpt=a53 l1da=4 l1d=64 l1ia=4 l1i=16 l2a=4 l2=256 l3a=4 l3=2048 nhist=4 robc=2 robd=2 robw=256   2.6064   1.0018    41.36    15.45  Strongly Sust.
  bpt=nn l1da=4 l1d=64 l1ia=4 l1i=16 l2a=4 l2=256 l3a=4 l3=2048 nnbl=16 nnlr=0.0005 robc=2 robd=2 robw=256   2.6071   1.0001    41.36    15.44  Strongly Sust.
  bpt=pentium_m l1da=4 l1d=16 l1ia=4 l1i=16 l2a=4 l2=256 l3a=4 l3=2048 robc=2 robd=2 robw=256   2.6273   0.9999    40.99    15.36  Strongly Sust.
  bp=512 bpt=a53 l1da=4 l1d=16 l1ia=4 l1i=16 l2a=4 l2=256 l3a=4 l3=2048 nhist=4 robc=2 robd=2 robw=256   2.6273   0.9997    40.99    15.36  Strongly Sust.
  bpt=tage l1da=4 l1d=64 l1ia=4 l1i=32 l2a=4 l2=128 l3a=16 l3=2048 robc=4 robd=2 robw=64   2.7216   0.9747    40.44    14.89  Strongly Sust.
  bpt=nn l1da=4 l1d=64 l1ia=4 l1i=32 l2a=8 l2=128 l3a=4 l3=1024 nnbl=64 nnlr=0.0005 robc=8 robd=2 robw=32   3.0414   0.9746    33.46    13.95  Strongly Sust.
  bp=512 bpt=a53 l1da=4 l1d=16 l1ia=4 l1i=32 l2a=8 l2=128 l3a=4 l3=1024 nhist=4 robc=10 robd=2 robw=32   3.0671   0.9724    33.09    13.87  Strongly Sust.
  bp=512 bpt=a53 l1da=4 l1d=16 l1ia=4 l1i=32 l2a=8 l2=128 l3a=4 l3=1024 nhist=4 robc=4 robd=2 robw=32   3.0672   0.9723    33.09    13.87  Strongly Sust.
  bp=512 bpt=a53 l1da=4 l1d=16 l1ia=4 l1i=32 l2a=8 l2=128 l3a=4 l3=1024 nhist=4 robc=2 robd=2 robw=32   3.0672   0.9723    33.09    13.87  Strongly Sust.
  bp=512 bpt=a53 l1da=4 l1d=16 l1ia=4 l1i=32 l2a=8 l2=128 l3a=4 l3=1024 nhist=4 robc=8 robd=2 robw=32   3.0672   0.9723    33.09    13.87  Strongly Sust.
  bpt=nn l1da=4 l1d=16 l1ia=4 l1i=32 l2a=8 l2=128 l3a=4 l3=1024 nnbl=64 nnlr=0.005 robc=2 robd=2 robw=32   3.0681   0.9706    33.09    13.86  Strongly Sust.
  bpt=nn l1da=4 l1d=16 l1ia=4 l1i=32 l2a=8 l2=128 l3a=4 l3=1024 nnbl=32 nnlr=0.0005 robc=10 robd=2 robw=32   3.0684   0.9700    33.09    13.86  Strongly Sust.
  bpt=nn l1da=4 l1d=16 l1ia=4 l1i=32 l2a=8 l2=128 l3a=4 l3=1024 nnbl=32 nnlr=0.0005 robc=8 robd=2 robw=32   3.0688   0.9692    33.09    13.86  Strongly Sust.
  bpt=nn l1da=4 l1d=16 l1ia=4 l1i=32 l2a=8 l2=128 l3a=4 l3=1024 nnbl=64 nnlr=0.0005 robc=8 robd=2 robw=32   3.0814   0.9447    33.09    13.80  Strongly Sust.
  Ran sniper 1 time this iteration (51 total).

=== Iteration 46 ===
  Evaluating 1 configuration(s) (top acquisition score of 400 candidates)...
  [mesmo] bpt=tage l1da=4 l1d=64 l1ia=4 l1i=64 l2a=8 l2=128 l3a=16 l3=2048 robc=4 robd=2 robw=256  ASI= 2.6351  S=0.9745  A=  41.23  P= 15.29  [Strongly Sust.]
  Deleted 1 non-Pareto output directory.

  Pareto front after iteration 46 (22 points, HV=3.2056):
  Params                                  ASI  Speedup     Area  PeakPow  Region
  ──────────────────────────────────────────────────────────────────────────────
  bpt=pentium_m l1da=8 l1d=64 l1ia=8 l1i=16 l2a=4 l2=512 l3a=8 l3=4096 robc=10 robd=2 robw=1024   0.8626   1.0609    70.94    37.26  Unsustainable
  bpt=pentium_m l1da=8 l1d=64 l1ia=8 l1i=16 l2a=8 l2=512 l3a=16 l3=1024 robc=10 robd=2 robw=512   1.5034   1.0608    50.78    25.06  Strongly Sust.
  bpt=pentium_m l1da=4 l1d=64 l1ia=8 l1i=64 l2a=8 l2=512 l3a=16 l3=2048 robc=10 robd=4 robw=128   1.6488   1.0608    53.40    22.41  Strongly Sust.
  bpt=pentium_m l1da=4 l1d=64 l1ia=8 l1i=64 l2a=8 l2=512 l3a=16 l3=2048 robc=8 robd=4 robw=128   1.6488   1.0607    53.40    22.41  Strongly Sust.
  bp=512 bpt=a53 l1da=8 l1d=64 l1ia=8 l1i=16 l2a=8 l2=512 l3a=16 l3=4096 nhist=2 robc=10 robd=2 robw=256   1.7280   1.0606    66.19    19.35  Strongly Sust.
  bp=512 bpt=a53 l1da=8 l1d=64 l1ia=8 l1i=16 l2a=8 l2=512 l3a=16 l3=1024 nhist=2 robc=10 robd=2 robw=256   2.2291   1.0606    49.29    17.09  Strongly Sust.
  bpt=pentium_m l1da=8 l1d=64 l1ia=8 l1i=16 l2a=8 l2=512 l3a=16 l3=1024 robc=10 robd=2 robw=256   2.2292   1.0605    49.29    17.08  Strongly Sust.
  bpt=nn l1da=8 l1d=64 l1ia=8 l1i=16 l2a=8 l2=512 l3a=16 l3=1024 nnbl=16 nnlr=0.005 robc=10 robd=2 robw=256   2.2293   1.0602    49.29    17.08  Strongly Sust.
  bp=512 bpt=a53 l1da=4 l1d=64 l1ia=4 l1i=16 l2a=4 l2=256 l3a=4 l3=2048 nhist=4 robc=2 robd=2 robw=256   2.6064   1.0018    41.36    15.45  Strongly Sust.
  bpt=nn l1da=4 l1d=64 l1ia=4 l1i=16 l2a=4 l2=256 l3a=4 l3=2048 nnbl=16 nnlr=0.0005 robc=2 robd=2 robw=256   2.6071   1.0001    41.36    15.44  Strongly Sust.
  bpt=pentium_m l1da=4 l1d=16 l1ia=4 l1i=16 l2a=4 l2=256 l3a=4 l3=2048 robc=2 robd=2 robw=256   2.6273   0.9999    40.99    15.36  Strongly Sust.
  bp=512 bpt=a53 l1da=4 l1d=16 l1ia=4 l1i=16 l2a=4 l2=256 l3a=4 l3=2048 nhist=4 robc=2 robd=2 robw=256   2.6273   0.9997    40.99    15.36  Strongly Sust.
  bpt=tage l1da=4 l1d=64 l1ia=4 l1i=32 l2a=4 l2=128 l3a=16 l3=2048 robc=4 robd=2 robw=64   2.7216   0.9747    40.44    14.89  Strongly Sust.
  bpt=nn l1da=4 l1d=64 l1ia=4 l1i=32 l2a=8 l2=128 l3a=4 l3=1024 nnbl=64 nnlr=0.0005 robc=8 robd=2 robw=32   3.0414   0.9746    33.46    13.95  Strongly Sust.
  bp=512 bpt=a53 l1da=4 l1d=16 l1ia=4 l1i=32 l2a=8 l2=128 l3a=4 l3=1024 nhist=4 robc=10 robd=2 robw=32   3.0671   0.9724    33.09    13.87  Strongly Sust.
  bp=512 bpt=a53 l1da=4 l1d=16 l1ia=4 l1i=32 l2a=8 l2=128 l3a=4 l3=1024 nhist=4 robc=4 robd=2 robw=32   3.0672   0.9723    33.09    13.87  Strongly Sust.
  bp=512 bpt=a53 l1da=4 l1d=16 l1ia=4 l1i=32 l2a=8 l2=128 l3a=4 l3=1024 nhist=4 robc=2 robd=2 robw=32   3.0672   0.9723    33.09    13.87  Strongly Sust.
  bp=512 bpt=a53 l1da=4 l1d=16 l1ia=4 l1i=32 l2a=8 l2=128 l3a=4 l3=1024 nhist=4 robc=8 robd=2 robw=32   3.0672   0.9723    33.09    13.87  Strongly Sust.
  bpt=nn l1da=4 l1d=16 l1ia=4 l1i=32 l2a=8 l2=128 l3a=4 l3=1024 nnbl=64 nnlr=0.005 robc=2 robd=2 robw=32   3.0681   0.9706    33.09    13.86  Strongly Sust.
  bpt=nn l1da=4 l1d=16 l1ia=4 l1i=32 l2a=8 l2=128 l3a=4 l3=1024 nnbl=32 nnlr=0.0005 robc=10 robd=2 robw=32   3.0684   0.9700    33.09    13.86  Strongly Sust.
  bpt=nn l1da=4 l1d=16 l1ia=4 l1i=32 l2a=8 l2=128 l3a=4 l3=1024 nnbl=32 nnlr=0.0005 robc=8 robd=2 robw=32   3.0688   0.9692    33.09    13.86  Strongly Sust.
  bpt=nn l1da=4 l1d=16 l1ia=4 l1i=32 l2a=8 l2=128 l3a=4 l3=1024 nnbl=64 nnlr=0.0005 robc=8 robd=2 robw=32   3.0814   0.9447    33.09    13.80  Strongly Sust.
  Ran sniper 1 time this iteration (52 total).

=== Iteration 47 ===
  Evaluating 1 configuration(s) (top acquisition score of 400 candidates)...
  [mesmo] bpt=pentium_m l1da=4 l1d=32 l1ia=4 l1i=64 l2a=8 l2=128 l3a=16 l3=8192 robc=2 robd=2 robw=64  ASI= 1.4257  S=0.9733  A=  85.67  P= 19.71  [Strongly Sust.]
  Deleted 1 non-Pareto output directory.

  Pareto front after iteration 47 (22 points, HV=3.2056):
  Params                                  ASI  Speedup     Area  PeakPow  Region
  ──────────────────────────────────────────────────────────────────────────────
  bpt=pentium_m l1da=8 l1d=64 l1ia=8 l1i=16 l2a=4 l2=512 l3a=8 l3=4096 robc=10 robd=2 robw=1024   0.8626   1.0609    70.94    37.26  Unsustainable
  bpt=pentium_m l1da=8 l1d=64 l1ia=8 l1i=16 l2a=8 l2=512 l3a=16 l3=1024 robc=10 robd=2 robw=512   1.5034   1.0608    50.78    25.06  Strongly Sust.
  bpt=pentium_m l1da=4 l1d=64 l1ia=8 l1i=64 l2a=8 l2=512 l3a=16 l3=2048 robc=10 robd=4 robw=128   1.6488   1.0608    53.40    22.41  Strongly Sust.
  bpt=pentium_m l1da=4 l1d=64 l1ia=8 l1i=64 l2a=8 l2=512 l3a=16 l3=2048 robc=8 robd=4 robw=128   1.6488   1.0607    53.40    22.41  Strongly Sust.
  bp=512 bpt=a53 l1da=8 l1d=64 l1ia=8 l1i=16 l2a=8 l2=512 l3a=16 l3=4096 nhist=2 robc=10 robd=2 robw=256   1.7280   1.0606    66.19    19.35  Strongly Sust.
  bp=512 bpt=a53 l1da=8 l1d=64 l1ia=8 l1i=16 l2a=8 l2=512 l3a=16 l3=1024 nhist=2 robc=10 robd=2 robw=256   2.2291   1.0606    49.29    17.09  Strongly Sust.
  bpt=pentium_m l1da=8 l1d=64 l1ia=8 l1i=16 l2a=8 l2=512 l3a=16 l3=1024 robc=10 robd=2 robw=256   2.2292   1.0605    49.29    17.08  Strongly Sust.
  bpt=nn l1da=8 l1d=64 l1ia=8 l1i=16 l2a=8 l2=512 l3a=16 l3=1024 nnbl=16 nnlr=0.005 robc=10 robd=2 robw=256   2.2293   1.0602    49.29    17.08  Strongly Sust.
  bp=512 bpt=a53 l1da=4 l1d=64 l1ia=4 l1i=16 l2a=4 l2=256 l3a=4 l3=2048 nhist=4 robc=2 robd=2 robw=256   2.6064   1.0018    41.36    15.45  Strongly Sust.
  bpt=nn l1da=4 l1d=64 l1ia=4 l1i=16 l2a=4 l2=256 l3a=4 l3=2048 nnbl=16 nnlr=0.0005 robc=2 robd=2 robw=256   2.6071   1.0001    41.36    15.44  Strongly Sust.
  bpt=pentium_m l1da=4 l1d=16 l1ia=4 l1i=16 l2a=4 l2=256 l3a=4 l3=2048 robc=2 robd=2 robw=256   2.6273   0.9999    40.99    15.36  Strongly Sust.
  bp=512 bpt=a53 l1da=4 l1d=16 l1ia=4 l1i=16 l2a=4 l2=256 l3a=4 l3=2048 nhist=4 robc=2 robd=2 robw=256   2.6273   0.9997    40.99    15.36  Strongly Sust.
  bpt=tage l1da=4 l1d=64 l1ia=4 l1i=32 l2a=4 l2=128 l3a=16 l3=2048 robc=4 robd=2 robw=64   2.7216   0.9747    40.44    14.89  Strongly Sust.
  bpt=nn l1da=4 l1d=64 l1ia=4 l1i=32 l2a=8 l2=128 l3a=4 l3=1024 nnbl=64 nnlr=0.0005 robc=8 robd=2 robw=32   3.0414   0.9746    33.46    13.95  Strongly Sust.
  bp=512 bpt=a53 l1da=4 l1d=16 l1ia=4 l1i=32 l2a=8 l2=128 l3a=4 l3=1024 nhist=4 robc=10 robd=2 robw=32   3.0671   0.9724    33.09    13.87  Strongly Sust.
  bp=512 bpt=a53 l1da=4 l1d=16 l1ia=4 l1i=32 l2a=8 l2=128 l3a=4 l3=1024 nhist=4 robc=4 robd=2 robw=32   3.0672   0.9723    33.09    13.87  Strongly Sust.
  bp=512 bpt=a53 l1da=4 l1d=16 l1ia=4 l1i=32 l2a=8 l2=128 l3a=4 l3=1024 nhist=4 robc=2 robd=2 robw=32   3.0672   0.9723    33.09    13.87  Strongly Sust.
  bp=512 bpt=a53 l1da=4 l1d=16 l1ia=4 l1i=32 l2a=8 l2=128 l3a=4 l3=1024 nhist=4 robc=8 robd=2 robw=32   3.0672   0.9723    33.09    13.87  Strongly Sust.
  bpt=nn l1da=4 l1d=16 l1ia=4 l1i=32 l2a=8 l2=128 l3a=4 l3=1024 nnbl=64 nnlr=0.005 robc=2 robd=2 robw=32   3.0681   0.9706    33.09    13.86  Strongly Sust.
  bpt=nn l1da=4 l1d=16 l1ia=4 l1i=32 l2a=8 l2=128 l3a=4 l3=1024 nnbl=32 nnlr=0.0005 robc=10 robd=2 robw=32   3.0684   0.9700    33.09    13.86  Strongly Sust.
  bpt=nn l1da=4 l1d=16 l1ia=4 l1i=32 l2a=8 l2=128 l3a=4 l3=1024 nnbl=32 nnlr=0.0005 robc=8 robd=2 robw=32   3.0688   0.9692    33.09    13.86  Strongly Sust.
  bpt=nn l1da=4 l1d=16 l1ia=4 l1i=32 l2a=8 l2=128 l3a=4 l3=1024 nnbl=64 nnlr=0.0005 robc=8 robd=2 robw=32   3.0814   0.9447    33.09    13.80  Strongly Sust.
  Ran sniper 1 time this iteration (53 total).

=== Iteration 48 ===
  Evaluating 1 configuration(s) (top acquisition score of 400 candidates)...
  [mesmo] bp=512 bpt=a53 l1da=4 l1d=16 l1ia=4 l1i=64 l2a=8 l2=512 l3a=4 l3=4096 nhist=3 robc=10 robd=10 robw=1024  ASI=-0.0070  S=1.0584  A= 255.00  P=2632.89  [Unsustainable]
  Deleted 1 non-Pareto output directory.

  Pareto front after iteration 48 (22 points, HV=3.2056):
  Params                                  ASI  Speedup     Area  PeakPow  Region
  ──────────────────────────────────────────────────────────────────────────────
  bpt=pentium_m l1da=8 l1d=64 l1ia=8 l1i=16 l2a=4 l2=512 l3a=8 l3=4096 robc=10 robd=2 robw=1024   0.8626   1.0609    70.94    37.26  Unsustainable
  bpt=pentium_m l1da=8 l1d=64 l1ia=8 l1i=16 l2a=8 l2=512 l3a=16 l3=1024 robc=10 robd=2 robw=512   1.5034   1.0608    50.78    25.06  Strongly Sust.
  bpt=pentium_m l1da=4 l1d=64 l1ia=8 l1i=64 l2a=8 l2=512 l3a=16 l3=2048 robc=10 robd=4 robw=128   1.6488   1.0608    53.40    22.41  Strongly Sust.
  bpt=pentium_m l1da=4 l1d=64 l1ia=8 l1i=64 l2a=8 l2=512 l3a=16 l3=2048 robc=8 robd=4 robw=128   1.6488   1.0607    53.40    22.41  Strongly Sust.
  bp=512 bpt=a53 l1da=8 l1d=64 l1ia=8 l1i=16 l2a=8 l2=512 l3a=16 l3=4096 nhist=2 robc=10 robd=2 robw=256   1.7280   1.0606    66.19    19.35  Strongly Sust.
  bp=512 bpt=a53 l1da=8 l1d=64 l1ia=8 l1i=16 l2a=8 l2=512 l3a=16 l3=1024 nhist=2 robc=10 robd=2 robw=256   2.2291   1.0606    49.29    17.09  Strongly Sust.
  bpt=pentium_m l1da=8 l1d=64 l1ia=8 l1i=16 l2a=8 l2=512 l3a=16 l3=1024 robc=10 robd=2 robw=256   2.2292   1.0605    49.29    17.08  Strongly Sust.
  bpt=nn l1da=8 l1d=64 l1ia=8 l1i=16 l2a=8 l2=512 l3a=16 l3=1024 nnbl=16 nnlr=0.005 robc=10 robd=2 robw=256   2.2293   1.0602    49.29    17.08  Strongly Sust.
  bp=512 bpt=a53 l1da=4 l1d=64 l1ia=4 l1i=16 l2a=4 l2=256 l3a=4 l3=2048 nhist=4 robc=2 robd=2 robw=256   2.6064   1.0018    41.36    15.45  Strongly Sust.
  bpt=nn l1da=4 l1d=64 l1ia=4 l1i=16 l2a=4 l2=256 l3a=4 l3=2048 nnbl=16 nnlr=0.0005 robc=2 robd=2 robw=256   2.6071   1.0001    41.36    15.44  Strongly Sust.
  bpt=pentium_m l1da=4 l1d=16 l1ia=4 l1i=16 l2a=4 l2=256 l3a=4 l3=2048 robc=2 robd=2 robw=256   2.6273   0.9999    40.99    15.36  Strongly Sust.
  bp=512 bpt=a53 l1da=4 l1d=16 l1ia=4 l1i=16 l2a=4 l2=256 l3a=4 l3=2048 nhist=4 robc=2 robd=2 robw=256   2.6273   0.9997    40.99    15.36  Strongly Sust.
  bpt=tage l1da=4 l1d=64 l1ia=4 l1i=32 l2a=4 l2=128 l3a=16 l3=2048 robc=4 robd=2 robw=64   2.7216   0.9747    40.44    14.89  Strongly Sust.
  bpt=nn l1da=4 l1d=64 l1ia=4 l1i=32 l2a=8 l2=128 l3a=4 l3=1024 nnbl=64 nnlr=0.0005 robc=8 robd=2 robw=32   3.0414   0.9746    33.46    13.95  Strongly Sust.
  bp=512 bpt=a53 l1da=4 l1d=16 l1ia=4 l1i=32 l2a=8 l2=128 l3a=4 l3=1024 nhist=4 robc=10 robd=2 robw=32   3.0671   0.9724    33.09    13.87  Strongly Sust.
  bp=512 bpt=a53 l1da=4 l1d=16 l1ia=4 l1i=32 l2a=8 l2=128 l3a=4 l3=1024 nhist=4 robc=4 robd=2 robw=32   3.0672   0.9723    33.09    13.87  Strongly Sust.
  bp=512 bpt=a53 l1da=4 l1d=16 l1ia=4 l1i=32 l2a=8 l2=128 l3a=4 l3=1024 nhist=4 robc=2 robd=2 robw=32   3.0672   0.9723    33.09    13.87  Strongly Sust.
  bp=512 bpt=a53 l1da=4 l1d=16 l1ia=4 l1i=32 l2a=8 l2=128 l3a=4 l3=1024 nhist=4 robc=8 robd=2 robw=32   3.0672   0.9723    33.09    13.87  Strongly Sust.
  bpt=nn l1da=4 l1d=16 l1ia=4 l1i=32 l2a=8 l2=128 l3a=4 l3=1024 nnbl=64 nnlr=0.005 robc=2 robd=2 robw=32   3.0681   0.9706    33.09    13.86  Strongly Sust.
  bpt=nn l1da=4 l1d=16 l1ia=4 l1i=32 l2a=8 l2=128 l3a=4 l3=1024 nnbl=32 nnlr=0.0005 robc=10 robd=2 robw=32   3.0684   0.9700    33.09    13.86  Strongly Sust.
  bpt=nn l1da=4 l1d=16 l1ia=4 l1i=32 l2a=8 l2=128 l3a=4 l3=1024 nnbl=32 nnlr=0.0005 robc=8 robd=2 robw=32   3.0688   0.9692    33.09    13.86  Strongly Sust.
  bpt=nn l1da=4 l1d=16 l1ia=4 l1i=32 l2a=8 l2=128 l3a=4 l3=1024 nnbl=64 nnlr=0.0005 robc=8 robd=2 robw=32   3.0814   0.9447    33.09    13.80  Strongly Sust.
  Ran sniper 1 time this iteration (54 total).

=== Iteration 49 ===
  Evaluating 1 configuration(s) (top acquisition score of 400 candidates)...
  [mesmo] bpt=nn l1da=4 l1d=16 l1ia=4 l1i=32 l2a=8 l2=128 l3a=4 l3=1024 nnbl=16 nnlr=0.0005 robc=10 robd=2 robw=32  ASI= 3.0675  S=0.9717  A=  33.09  P= 13.87  [Strongly Sust.]

  Pareto front after iteration 49 (23 points, HV=3.2056):
  Params                                  ASI  Speedup     Area  PeakPow  Region
  ──────────────────────────────────────────────────────────────────────────────
  bpt=pentium_m l1da=8 l1d=64 l1ia=8 l1i=16 l2a=4 l2=512 l3a=8 l3=4096 robc=10 robd=2 robw=1024   0.8626   1.0609    70.94    37.26  Unsustainable
  bpt=pentium_m l1da=8 l1d=64 l1ia=8 l1i=16 l2a=8 l2=512 l3a=16 l3=1024 robc=10 robd=2 robw=512   1.5034   1.0608    50.78    25.06  Strongly Sust.
  bpt=pentium_m l1da=4 l1d=64 l1ia=8 l1i=64 l2a=8 l2=512 l3a=16 l3=2048 robc=10 robd=4 robw=128   1.6488   1.0608    53.40    22.41  Strongly Sust.
  bpt=pentium_m l1da=4 l1d=64 l1ia=8 l1i=64 l2a=8 l2=512 l3a=16 l3=2048 robc=8 robd=4 robw=128   1.6488   1.0607    53.40    22.41  Strongly Sust.
  bp=512 bpt=a53 l1da=8 l1d=64 l1ia=8 l1i=16 l2a=8 l2=512 l3a=16 l3=4096 nhist=2 robc=10 robd=2 robw=256   1.7280   1.0606    66.19    19.35  Strongly Sust.
  bp=512 bpt=a53 l1da=8 l1d=64 l1ia=8 l1i=16 l2a=8 l2=512 l3a=16 l3=1024 nhist=2 robc=10 robd=2 robw=256   2.2291   1.0606    49.29    17.09  Strongly Sust.
  bpt=pentium_m l1da=8 l1d=64 l1ia=8 l1i=16 l2a=8 l2=512 l3a=16 l3=1024 robc=10 robd=2 robw=256   2.2292   1.0605    49.29    17.08  Strongly Sust.
  bpt=nn l1da=8 l1d=64 l1ia=8 l1i=16 l2a=8 l2=512 l3a=16 l3=1024 nnbl=16 nnlr=0.005 robc=10 robd=2 robw=256   2.2293   1.0602    49.29    17.08  Strongly Sust.
  bp=512 bpt=a53 l1da=4 l1d=64 l1ia=4 l1i=16 l2a=4 l2=256 l3a=4 l3=2048 nhist=4 robc=2 robd=2 robw=256   2.6064   1.0018    41.36    15.45  Strongly Sust.
  bpt=nn l1da=4 l1d=64 l1ia=4 l1i=16 l2a=4 l2=256 l3a=4 l3=2048 nnbl=16 nnlr=0.0005 robc=2 robd=2 robw=256   2.6071   1.0001    41.36    15.44  Strongly Sust.
  bpt=pentium_m l1da=4 l1d=16 l1ia=4 l1i=16 l2a=4 l2=256 l3a=4 l3=2048 robc=2 robd=2 robw=256   2.6273   0.9999    40.99    15.36  Strongly Sust.
  bp=512 bpt=a53 l1da=4 l1d=16 l1ia=4 l1i=16 l2a=4 l2=256 l3a=4 l3=2048 nhist=4 robc=2 robd=2 robw=256   2.6273   0.9997    40.99    15.36  Strongly Sust.
  bpt=tage l1da=4 l1d=64 l1ia=4 l1i=32 l2a=4 l2=128 l3a=16 l3=2048 robc=4 robd=2 robw=64   2.7216   0.9747    40.44    14.89  Strongly Sust.
  bpt=nn l1da=4 l1d=64 l1ia=4 l1i=32 l2a=8 l2=128 l3a=4 l3=1024 nnbl=64 nnlr=0.0005 robc=8 robd=2 robw=32   3.0414   0.9746    33.46    13.95  Strongly Sust.
  bp=512 bpt=a53 l1da=4 l1d=16 l1ia=4 l1i=32 l2a=8 l2=128 l3a=4 l3=1024 nhist=4 robc=10 robd=2 robw=32   3.0671   0.9724    33.09    13.87  Strongly Sust.
  bp=512 bpt=a53 l1da=4 l1d=16 l1ia=4 l1i=32 l2a=8 l2=128 l3a=4 l3=1024 nhist=4 robc=4 robd=2 robw=32   3.0672   0.9723    33.09    13.87  Strongly Sust.
  bp=512 bpt=a53 l1da=4 l1d=16 l1ia=4 l1i=32 l2a=8 l2=128 l3a=4 l3=1024 nhist=4 robc=2 robd=2 robw=32   3.0672   0.9723    33.09    13.87  Strongly Sust.
  bp=512 bpt=a53 l1da=4 l1d=16 l1ia=4 l1i=32 l2a=8 l2=128 l3a=4 l3=1024 nhist=4 robc=8 robd=2 robw=32   3.0672   0.9723    33.09    13.87  Strongly Sust.
  bpt=nn l1da=4 l1d=16 l1ia=4 l1i=32 l2a=8 l2=128 l3a=4 l3=1024 nnbl=16 nnlr=0.0005 robc=10 robd=2 robw=32   3.0675   0.9717    33.09    13.87  Strongly Sust.
  bpt=nn l1da=4 l1d=16 l1ia=4 l1i=32 l2a=8 l2=128 l3a=4 l3=1024 nnbl=64 nnlr=0.005 robc=2 robd=2 robw=32   3.0681   0.9706    33.09    13.86  Strongly Sust.
  bpt=nn l1da=4 l1d=16 l1ia=4 l1i=32 l2a=8 l2=128 l3a=4 l3=1024 nnbl=32 nnlr=0.0005 robc=10 robd=2 robw=32   3.0684   0.9700    33.09    13.86  Strongly Sust.
  bpt=nn l1da=4 l1d=16 l1ia=4 l1i=32 l2a=8 l2=128 l3a=4 l3=1024 nnbl=32 nnlr=0.0005 robc=8 robd=2 robw=32   3.0688   0.9692    33.09    13.86  Strongly Sust.
  bpt=nn l1da=4 l1d=16 l1ia=4 l1i=32 l2a=8 l2=128 l3a=4 l3=1024 nnbl=64 nnlr=0.0005 robc=8 robd=2 robw=32   3.0814   0.9447    33.09    13.80  Strongly Sust.
  Ran sniper 1 time this iteration (55 total).

=== Iteration 50 ===
  Evaluating 1 configuration(s) (top acquisition score of 400 candidates)...
  [mesmo] bpt=tage l1da=4 l1d=16 l1ia=4 l1i=32 l2a=8 l2=128 l3a=4 l3=1024 robc=2 robd=2 robw=32  ASI= 3.0672  S=0.9723  A=  33.09  P= 13.87  [Strongly Sust.]
  Deleted 2 non-Pareto output directories.

  Pareto front after iteration 50 (22 points, HV=3.2056):
  Params                                  ASI  Speedup     Area  PeakPow  Region
  ──────────────────────────────────────────────────────────────────────────────
  bpt=pentium_m l1da=8 l1d=64 l1ia=8 l1i=16 l2a=4 l2=512 l3a=8 l3=4096 robc=10 robd=2 robw=1024   0.8626   1.0609    70.94    37.26  Unsustainable
  bpt=pentium_m l1da=8 l1d=64 l1ia=8 l1i=16 l2a=8 l2=512 l3a=16 l3=1024 robc=10 robd=2 robw=512   1.5034   1.0608    50.78    25.06  Strongly Sust.
  bpt=pentium_m l1da=4 l1d=64 l1ia=8 l1i=64 l2a=8 l2=512 l3a=16 l3=2048 robc=10 robd=4 robw=128   1.6488   1.0608    53.40    22.41  Strongly Sust.
  bpt=pentium_m l1da=4 l1d=64 l1ia=8 l1i=64 l2a=8 l2=512 l3a=16 l3=2048 robc=8 robd=4 robw=128   1.6488   1.0607    53.40    22.41  Strongly Sust.
  bp=512 bpt=a53 l1da=8 l1d=64 l1ia=8 l1i=16 l2a=8 l2=512 l3a=16 l3=4096 nhist=2 robc=10 robd=2 robw=256   1.7280   1.0606    66.19    19.35  Strongly Sust.
  bp=512 bpt=a53 l1da=8 l1d=64 l1ia=8 l1i=16 l2a=8 l2=512 l3a=16 l3=1024 nhist=2 robc=10 robd=2 robw=256   2.2291   1.0606    49.29    17.09  Strongly Sust.
  bpt=pentium_m l1da=8 l1d=64 l1ia=8 l1i=16 l2a=8 l2=512 l3a=16 l3=1024 robc=10 robd=2 robw=256   2.2292   1.0605    49.29    17.08  Strongly Sust.
  bpt=nn l1da=8 l1d=64 l1ia=8 l1i=16 l2a=8 l2=512 l3a=16 l3=1024 nnbl=16 nnlr=0.005 robc=10 robd=2 robw=256   2.2293   1.0602    49.29    17.08  Strongly Sust.
  bp=512 bpt=a53 l1da=4 l1d=64 l1ia=4 l1i=16 l2a=4 l2=256 l3a=4 l3=2048 nhist=4 robc=2 robd=2 robw=256   2.6064   1.0018    41.36    15.45  Strongly Sust.
  bpt=nn l1da=4 l1d=64 l1ia=4 l1i=16 l2a=4 l2=256 l3a=4 l3=2048 nnbl=16 nnlr=0.0005 robc=2 robd=2 robw=256   2.6071   1.0001    41.36    15.44  Strongly Sust.
  bpt=pentium_m l1da=4 l1d=16 l1ia=4 l1i=16 l2a=4 l2=256 l3a=4 l3=2048 robc=2 robd=2 robw=256   2.6273   0.9999    40.99    15.36  Strongly Sust.
  bp=512 bpt=a53 l1da=4 l1d=16 l1ia=4 l1i=16 l2a=4 l2=256 l3a=4 l3=2048 nhist=4 robc=2 robd=2 robw=256   2.6273   0.9997    40.99    15.36  Strongly Sust.
  bpt=tage l1da=4 l1d=64 l1ia=4 l1i=32 l2a=4 l2=128 l3a=16 l3=2048 robc=4 robd=2 robw=64   2.7216   0.9747    40.44    14.89  Strongly Sust.
  bpt=nn l1da=4 l1d=64 l1ia=4 l1i=32 l2a=8 l2=128 l3a=4 l3=1024 nnbl=64 nnlr=0.0005 robc=8 robd=2 robw=32   3.0414   0.9746    33.46    13.95  Strongly Sust.
  bp=512 bpt=a53 l1da=4 l1d=16 l1ia=4 l1i=32 l2a=8 l2=128 l3a=4 l3=1024 nhist=4 robc=10 robd=2 robw=32   3.0671   0.9724    33.09    13.87  Strongly Sust.
  bpt=tage l1da=4 l1d=16 l1ia=4 l1i=32 l2a=8 l2=128 l3a=4 l3=1024 robc=2 robd=2 robw=32   3.0672   0.9723    33.09    13.87  Strongly Sust.
  bp=512 bpt=a53 l1da=4 l1d=16 l1ia=4 l1i=32 l2a=8 l2=128 l3a=4 l3=1024 nhist=4 robc=8 robd=2 robw=32   3.0672   0.9723    33.09    13.87  Strongly Sust.
  bpt=nn l1da=4 l1d=16 l1ia=4 l1i=32 l2a=8 l2=128 l3a=4 l3=1024 nnbl=16 nnlr=0.0005 robc=10 robd=2 robw=32   3.0675   0.9717    33.09    13.87  Strongly Sust.
  bpt=nn l1da=4 l1d=16 l1ia=4 l1i=32 l2a=8 l2=128 l3a=4 l3=1024 nnbl=64 nnlr=0.005 robc=2 robd=2 robw=32   3.0681   0.9706    33.09    13.86  Strongly Sust.
  bpt=nn l1da=4 l1d=16 l1ia=4 l1i=32 l2a=8 l2=128 l3a=4 l3=1024 nnbl=32 nnlr=0.0005 robc=10 robd=2 robw=32   3.0684   0.9700    33.09    13.86  Strongly Sust.
  bpt=nn l1da=4 l1d=16 l1ia=4 l1i=32 l2a=8 l2=128 l3a=4 l3=1024 nnbl=32 nnlr=0.0005 robc=8 robd=2 robw=32   3.0688   0.9692    33.09    13.86  Strongly Sust.
  bpt=nn l1da=4 l1d=16 l1ia=4 l1i=32 l2a=8 l2=128 l3a=4 l3=1024 nnbl=64 nnlr=0.0005 robc=8 robd=2 robw=32   3.0814   0.9447    33.09    13.80  Strongly Sust.
  Ran sniper 1 time this iteration (56 total).

=== Iteration 51 ===
  Evaluating 1 configuration(s) (top acquisition score of 400 candidates)...
  [mesmo] bpt=nn l1da=4 l1d=16 l1ia=4 l1i=32 l2a=8 l2=128 l3a=4 l3=1024 nnbl=64 nnlr=0.005 robc=10 robd=2 robw=32  ASI= 3.0682  S=0.9703  A=  33.09  P= 13.86  [Strongly Sust.]

  Pareto front after iteration 51 (23 points, HV=3.2056):
  Params                                  ASI  Speedup     Area  PeakPow  Region
  ──────────────────────────────────────────────────────────────────────────────
  bpt=pentium_m l1da=8 l1d=64 l1ia=8 l1i=16 l2a=4 l2=512 l3a=8 l3=4096 robc=10 robd=2 robw=1024   0.8626   1.0609    70.94    37.26  Unsustainable
  bpt=pentium_m l1da=8 l1d=64 l1ia=8 l1i=16 l2a=8 l2=512 l3a=16 l3=1024 robc=10 robd=2 robw=512   1.5034   1.0608    50.78    25.06  Strongly Sust.
  bpt=pentium_m l1da=4 l1d=64 l1ia=8 l1i=64 l2a=8 l2=512 l3a=16 l3=2048 robc=10 robd=4 robw=128   1.6488   1.0608    53.40    22.41  Strongly Sust.
  bpt=pentium_m l1da=4 l1d=64 l1ia=8 l1i=64 l2a=8 l2=512 l3a=16 l3=2048 robc=8 robd=4 robw=128   1.6488   1.0607    53.40    22.41  Strongly Sust.
  bp=512 bpt=a53 l1da=8 l1d=64 l1ia=8 l1i=16 l2a=8 l2=512 l3a=16 l3=4096 nhist=2 robc=10 robd=2 robw=256   1.7280   1.0606    66.19    19.35  Strongly Sust.
  bp=512 bpt=a53 l1da=8 l1d=64 l1ia=8 l1i=16 l2a=8 l2=512 l3a=16 l3=1024 nhist=2 robc=10 robd=2 robw=256   2.2291   1.0606    49.29    17.09  Strongly Sust.
  bpt=pentium_m l1da=8 l1d=64 l1ia=8 l1i=16 l2a=8 l2=512 l3a=16 l3=1024 robc=10 robd=2 robw=256   2.2292   1.0605    49.29    17.08  Strongly Sust.
  bpt=nn l1da=8 l1d=64 l1ia=8 l1i=16 l2a=8 l2=512 l3a=16 l3=1024 nnbl=16 nnlr=0.005 robc=10 robd=2 robw=256   2.2293   1.0602    49.29    17.08  Strongly Sust.
  bp=512 bpt=a53 l1da=4 l1d=64 l1ia=4 l1i=16 l2a=4 l2=256 l3a=4 l3=2048 nhist=4 robc=2 robd=2 robw=256   2.6064   1.0018    41.36    15.45  Strongly Sust.
  bpt=nn l1da=4 l1d=64 l1ia=4 l1i=16 l2a=4 l2=256 l3a=4 l3=2048 nnbl=16 nnlr=0.0005 robc=2 robd=2 robw=256   2.6071   1.0001    41.36    15.44  Strongly Sust.
  bpt=pentium_m l1da=4 l1d=16 l1ia=4 l1i=16 l2a=4 l2=256 l3a=4 l3=2048 robc=2 robd=2 robw=256   2.6273   0.9999    40.99    15.36  Strongly Sust.
  bp=512 bpt=a53 l1da=4 l1d=16 l1ia=4 l1i=16 l2a=4 l2=256 l3a=4 l3=2048 nhist=4 robc=2 robd=2 robw=256   2.6273   0.9997    40.99    15.36  Strongly Sust.
  bpt=tage l1da=4 l1d=64 l1ia=4 l1i=32 l2a=4 l2=128 l3a=16 l3=2048 robc=4 robd=2 robw=64   2.7216   0.9747    40.44    14.89  Strongly Sust.
  bpt=nn l1da=4 l1d=64 l1ia=4 l1i=32 l2a=8 l2=128 l3a=4 l3=1024 nnbl=64 nnlr=0.0005 robc=8 robd=2 robw=32   3.0414   0.9746    33.46    13.95  Strongly Sust.
  bp=512 bpt=a53 l1da=4 l1d=16 l1ia=4 l1i=32 l2a=8 l2=128 l3a=4 l3=1024 nhist=4 robc=10 robd=2 robw=32   3.0671   0.9724    33.09    13.87  Strongly Sust.
  bpt=tage l1da=4 l1d=16 l1ia=4 l1i=32 l2a=8 l2=128 l3a=4 l3=1024 robc=2 robd=2 robw=32   3.0672   0.9723    33.09    13.87  Strongly Sust.
  bp=512 bpt=a53 l1da=4 l1d=16 l1ia=4 l1i=32 l2a=8 l2=128 l3a=4 l3=1024 nhist=4 robc=8 robd=2 robw=32   3.0672   0.9723    33.09    13.87  Strongly Sust.
  bpt=nn l1da=4 l1d=16 l1ia=4 l1i=32 l2a=8 l2=128 l3a=4 l3=1024 nnbl=16 nnlr=0.0005 robc=10 robd=2 robw=32   3.0675   0.9717    33.09    13.87  Strongly Sust.
  bpt=nn l1da=4 l1d=16 l1ia=4 l1i=32 l2a=8 l2=128 l3a=4 l3=1024 nnbl=64 nnlr=0.005 robc=2 robd=2 robw=32   3.0681   0.9706    33.09    13.86  Strongly Sust.
  bpt=nn l1da=4 l1d=16 l1ia=4 l1i=32 l2a=8 l2=128 l3a=4 l3=1024 nnbl=64 nnlr=0.005 robc=10 robd=2 robw=32   3.0682   0.9703    33.09    13.86  Strongly Sust.
  bpt=nn l1da=4 l1d=16 l1ia=4 l1i=32 l2a=8 l2=128 l3a=4 l3=1024 nnbl=32 nnlr=0.0005 robc=10 robd=2 robw=32   3.0684   0.9700    33.09    13.86  Strongly Sust.
  bpt=nn l1da=4 l1d=16 l1ia=4 l1i=32 l2a=8 l2=128 l3a=4 l3=1024 nnbl=32 nnlr=0.0005 robc=8 robd=2 robw=32   3.0688   0.9692    33.09    13.86  Strongly Sust.
  bpt=nn l1da=4 l1d=16 l1ia=4 l1i=32 l2a=8 l2=128 l3a=4 l3=1024 nnbl=64 nnlr=0.0005 robc=8 robd=2 robw=32   3.0814   0.9447    33.09    13.80  Strongly Sust.
  Ran sniper 1 time this iteration (57 total).

=== Iteration 52 ===
  Evaluating 1 configuration(s) (top acquisition score of 400 candidates)...
  [mesmo] bpt=nn l1da=4 l1d=64 l1ia=8 l1i=16 l2a=8 l2=512 l3a=4 l3=8192 nnbl=32 nnlr=0.005 robc=10 robd=10 robw=1024  ASI=-0.0103  S=1.0576  A= 287.23  P=2636.68  [Unsustainable]
  Deleted 1 non-Pareto output directory.

  Pareto front after iteration 52 (23 points, HV=3.2056):
  Params                                  ASI  Speedup     Area  PeakPow  Region
  ──────────────────────────────────────────────────────────────────────────────
  bpt=pentium_m l1da=8 l1d=64 l1ia=8 l1i=16 l2a=4 l2=512 l3a=8 l3=4096 robc=10 robd=2 robw=1024   0.8626   1.0609    70.94    37.26  Unsustainable
  bpt=pentium_m l1da=8 l1d=64 l1ia=8 l1i=16 l2a=8 l2=512 l3a=16 l3=1024 robc=10 robd=2 robw=512   1.5034   1.0608    50.78    25.06  Strongly Sust.
  bpt=pentium_m l1da=4 l1d=64 l1ia=8 l1i=64 l2a=8 l2=512 l3a=16 l3=2048 robc=10 robd=4 robw=128   1.6488   1.0608    53.40    22.41  Strongly Sust.
  bpt=pentium_m l1da=4 l1d=64 l1ia=8 l1i=64 l2a=8 l2=512 l3a=16 l3=2048 robc=8 robd=4 robw=128   1.6488   1.0607    53.40    22.41  Strongly Sust.
  bp=512 bpt=a53 l1da=8 l1d=64 l1ia=8 l1i=16 l2a=8 l2=512 l3a=16 l3=4096 nhist=2 robc=10 robd=2 robw=256   1.7280   1.0606    66.19    19.35  Strongly Sust.
  bp=512 bpt=a53 l1da=8 l1d=64 l1ia=8 l1i=16 l2a=8 l2=512 l3a=16 l3=1024 nhist=2 robc=10 robd=2 robw=256   2.2291   1.0606    49.29    17.09  Strongly Sust.
  bpt=pentium_m l1da=8 l1d=64 l1ia=8 l1i=16 l2a=8 l2=512 l3a=16 l3=1024 robc=10 robd=2 robw=256   2.2292   1.0605    49.29    17.08  Strongly Sust.
  bpt=nn l1da=8 l1d=64 l1ia=8 l1i=16 l2a=8 l2=512 l3a=16 l3=1024 nnbl=16 nnlr=0.005 robc=10 robd=2 robw=256   2.2293   1.0602    49.29    17.08  Strongly Sust.
  bp=512 bpt=a53 l1da=4 l1d=64 l1ia=4 l1i=16 l2a=4 l2=256 l3a=4 l3=2048 nhist=4 robc=2 robd=2 robw=256   2.6064   1.0018    41.36    15.45  Strongly Sust.
  bpt=nn l1da=4 l1d=64 l1ia=4 l1i=16 l2a=4 l2=256 l3a=4 l3=2048 nnbl=16 nnlr=0.0005 robc=2 robd=2 robw=256   2.6071   1.0001    41.36    15.44  Strongly Sust.
  bpt=pentium_m l1da=4 l1d=16 l1ia=4 l1i=16 l2a=4 l2=256 l3a=4 l3=2048 robc=2 robd=2 robw=256   2.6273   0.9999    40.99    15.36  Strongly Sust.
  bp=512 bpt=a53 l1da=4 l1d=16 l1ia=4 l1i=16 l2a=4 l2=256 l3a=4 l3=2048 nhist=4 robc=2 robd=2 robw=256   2.6273   0.9997    40.99    15.36  Strongly Sust.
  bpt=tage l1da=4 l1d=64 l1ia=4 l1i=32 l2a=4 l2=128 l3a=16 l3=2048 robc=4 robd=2 robw=64   2.7216   0.9747    40.44    14.89  Strongly Sust.
  bpt=nn l1da=4 l1d=64 l1ia=4 l1i=32 l2a=8 l2=128 l3a=4 l3=1024 nnbl=64 nnlr=0.0005 robc=8 robd=2 robw=32   3.0414   0.9746    33.46    13.95  Strongly Sust.
  bp=512 bpt=a53 l1da=4 l1d=16 l1ia=4 l1i=32 l2a=8 l2=128 l3a=4 l3=1024 nhist=4 robc=10 robd=2 robw=32   3.0671   0.9724    33.09    13.87  Strongly Sust.
  bpt=tage l1da=4 l1d=16 l1ia=4 l1i=32 l2a=8 l2=128 l3a=4 l3=1024 robc=2 robd=2 robw=32   3.0672   0.9723    33.09    13.87  Strongly Sust.
  bp=512 bpt=a53 l1da=4 l1d=16 l1ia=4 l1i=32 l2a=8 l2=128 l3a=4 l3=1024 nhist=4 robc=8 robd=2 robw=32   3.0672   0.9723    33.09    13.87  Strongly Sust.
  bpt=nn l1da=4 l1d=16 l1ia=4 l1i=32 l2a=8 l2=128 l3a=4 l3=1024 nnbl=16 nnlr=0.0005 robc=10 robd=2 robw=32   3.0675   0.9717    33.09    13.87  Strongly Sust.
  bpt=nn l1da=4 l1d=16 l1ia=4 l1i=32 l2a=8 l2=128 l3a=4 l3=1024 nnbl=64 nnlr=0.005 robc=2 robd=2 robw=32   3.0681   0.9706    33.09    13.86  Strongly Sust.
  bpt=nn l1da=4 l1d=16 l1ia=4 l1i=32 l2a=8 l2=128 l3a=4 l3=1024 nnbl=64 nnlr=0.005 robc=10 robd=2 robw=32   3.0682   0.9703    33.09    13.86  Strongly Sust.
  bpt=nn l1da=4 l1d=16 l1ia=4 l1i=32 l2a=8 l2=128 l3a=4 l3=1024 nnbl=32 nnlr=0.0005 robc=10 robd=2 robw=32   3.0684   0.9700    33.09    13.86  Strongly Sust.
  bpt=nn l1da=4 l1d=16 l1ia=4 l1i=32 l2a=8 l2=128 l3a=4 l3=1024 nnbl=32 nnlr=0.0005 robc=8 robd=2 robw=32   3.0688   0.9692    33.09    13.86  Strongly Sust.
  bpt=nn l1da=4 l1d=16 l1ia=4 l1i=32 l2a=8 l2=128 l3a=4 l3=1024 nnbl=64 nnlr=0.0005 robc=8 robd=2 robw=32   3.0814   0.9447    33.09    13.80  Strongly Sust.
  Ran sniper 1 time this iteration (58 total).

=== Iteration 53 ===
  Evaluating 1 configuration(s) (top acquisition score of 400 candidates)...
  [mesmo] bp=512 bpt=a53 l1da=4 l1d=16 l1ia=4 l1i=32 l2a=8 l2=128 l3a=4 l3=1024 nhist=3 robc=8 robd=2 robw=32  ASI= 3.0671  S=0.9725  A=  33.09  P= 13.87  [Strongly Sust.]

  Pareto front after iteration 53 (24 points, HV=3.2056):
  Params                                  ASI  Speedup     Area  PeakPow  Region
  ──────────────────────────────────────────────────────────────────────────────
  bpt=pentium_m l1da=8 l1d=64 l1ia=8 l1i=16 l2a=4 l2=512 l3a=8 l3=4096 robc=10 robd=2 robw=1024   0.8626   1.0609    70.94    37.26  Unsustainable
  bpt=pentium_m l1da=8 l1d=64 l1ia=8 l1i=16 l2a=8 l2=512 l3a=16 l3=1024 robc=10 robd=2 robw=512   1.5034   1.0608    50.78    25.06  Strongly Sust.
  bpt=pentium_m l1da=4 l1d=64 l1ia=8 l1i=64 l2a=8 l2=512 l3a=16 l3=2048 robc=10 robd=4 robw=128   1.6488   1.0608    53.40    22.41  Strongly Sust.
  bpt=pentium_m l1da=4 l1d=64 l1ia=8 l1i=64 l2a=8 l2=512 l3a=16 l3=2048 robc=8 robd=4 robw=128   1.6488   1.0607    53.40    22.41  Strongly Sust.
  bp=512 bpt=a53 l1da=8 l1d=64 l1ia=8 l1i=16 l2a=8 l2=512 l3a=16 l3=4096 nhist=2 robc=10 robd=2 robw=256   1.7280   1.0606    66.19    19.35  Strongly Sust.
  bp=512 bpt=a53 l1da=8 l1d=64 l1ia=8 l1i=16 l2a=8 l2=512 l3a=16 l3=1024 nhist=2 robc=10 robd=2 robw=256   2.2291   1.0606    49.29    17.09  Strongly Sust.
  bpt=pentium_m l1da=8 l1d=64 l1ia=8 l1i=16 l2a=8 l2=512 l3a=16 l3=1024 robc=10 robd=2 robw=256   2.2292   1.0605    49.29    17.08  Strongly Sust.
  bpt=nn l1da=8 l1d=64 l1ia=8 l1i=16 l2a=8 l2=512 l3a=16 l3=1024 nnbl=16 nnlr=0.005 robc=10 robd=2 robw=256   2.2293   1.0602    49.29    17.08  Strongly Sust.
  bp=512 bpt=a53 l1da=4 l1d=64 l1ia=4 l1i=16 l2a=4 l2=256 l3a=4 l3=2048 nhist=4 robc=2 robd=2 robw=256   2.6064   1.0018    41.36    15.45  Strongly Sust.
  bpt=nn l1da=4 l1d=64 l1ia=4 l1i=16 l2a=4 l2=256 l3a=4 l3=2048 nnbl=16 nnlr=0.0005 robc=2 robd=2 robw=256   2.6071   1.0001    41.36    15.44  Strongly Sust.
  bpt=pentium_m l1da=4 l1d=16 l1ia=4 l1i=16 l2a=4 l2=256 l3a=4 l3=2048 robc=2 robd=2 robw=256   2.6273   0.9999    40.99    15.36  Strongly Sust.
  bp=512 bpt=a53 l1da=4 l1d=16 l1ia=4 l1i=16 l2a=4 l2=256 l3a=4 l3=2048 nhist=4 robc=2 robd=2 robw=256   2.6273   0.9997    40.99    15.36  Strongly Sust.
  bpt=tage l1da=4 l1d=64 l1ia=4 l1i=32 l2a=4 l2=128 l3a=16 l3=2048 robc=4 robd=2 robw=64   2.7216   0.9747    40.44    14.89  Strongly Sust.
  bpt=nn l1da=4 l1d=64 l1ia=4 l1i=32 l2a=8 l2=128 l3a=4 l3=1024 nnbl=64 nnlr=0.0005 robc=8 robd=2 robw=32   3.0414   0.9746    33.46    13.95  Strongly Sust.
  bp=512 bpt=a53 l1da=4 l1d=16 l1ia=4 l1i=32 l2a=8 l2=128 l3a=4 l3=1024 nhist=3 robc=8 robd=2 robw=32   3.0671   0.9725    33.09    13.87  Strongly Sust.
  bp=512 bpt=a53 l1da=4 l1d=16 l1ia=4 l1i=32 l2a=8 l2=128 l3a=4 l3=1024 nhist=4 robc=10 robd=2 robw=32   3.0671   0.9724    33.09    13.87  Strongly Sust.
  bpt=tage l1da=4 l1d=16 l1ia=4 l1i=32 l2a=8 l2=128 l3a=4 l3=1024 robc=2 robd=2 robw=32   3.0672   0.9723    33.09    13.87  Strongly Sust.
  bp=512 bpt=a53 l1da=4 l1d=16 l1ia=4 l1i=32 l2a=8 l2=128 l3a=4 l3=1024 nhist=4 robc=8 robd=2 robw=32   3.0672   0.9723    33.09    13.87  Strongly Sust.
  bpt=nn l1da=4 l1d=16 l1ia=4 l1i=32 l2a=8 l2=128 l3a=4 l3=1024 nnbl=16 nnlr=0.0005 robc=10 robd=2 robw=32   3.0675   0.9717    33.09    13.87  Strongly Sust.
  bpt=nn l1da=4 l1d=16 l1ia=4 l1i=32 l2a=8 l2=128 l3a=4 l3=1024 nnbl=64 nnlr=0.005 robc=2 robd=2 robw=32   3.0681   0.9706    33.09    13.86  Strongly Sust.
  bpt=nn l1da=4 l1d=16 l1ia=4 l1i=32 l2a=8 l2=128 l3a=4 l3=1024 nnbl=64 nnlr=0.005 robc=10 robd=2 robw=32   3.0682   0.9703    33.09    13.86  Strongly Sust.
  bpt=nn l1da=4 l1d=16 l1ia=4 l1i=32 l2a=8 l2=128 l3a=4 l3=1024 nnbl=32 nnlr=0.0005 robc=10 robd=2 robw=32   3.0684   0.9700    33.09    13.86  Strongly Sust.
  bpt=nn l1da=4 l1d=16 l1ia=4 l1i=32 l2a=8 l2=128 l3a=4 l3=1024 nnbl=32 nnlr=0.0005 robc=8 robd=2 robw=32   3.0688   0.9692    33.09    13.86  Strongly Sust.
  bpt=nn l1da=4 l1d=16 l1ia=4 l1i=32 l2a=8 l2=128 l3a=4 l3=1024 nnbl=64 nnlr=0.0005 robc=8 robd=2 robw=32   3.0814   0.9447    33.09    13.80  Strongly Sust.
  Ran sniper 1 time this iteration (59 total).

=== Iteration 54 ===
  Evaluating 1 configuration(s) (top acquisition score of 400 candidates)...
  [mesmo] bpt=tage l1da=4 l1d=16 l1ia=4 l1i=32 l2a=8 l2=128 l3a=4 l3=1024 robc=10 robd=2 robw=32  ASI= 3.0671  S=0.9725  A=  33.09  P= 13.87  [Strongly Sust.]
  Deleted 1 non-Pareto output directory.

  Pareto front after iteration 54 (24 points, HV=3.2056):
  Params                                  ASI  Speedup     Area  PeakPow  Region
  ──────────────────────────────────────────────────────────────────────────────
  bpt=pentium_m l1da=8 l1d=64 l1ia=8 l1i=16 l2a=4 l2=512 l3a=8 l3=4096 robc=10 robd=2 robw=1024   0.8626   1.0609    70.94    37.26  Unsustainable
  bpt=pentium_m l1da=8 l1d=64 l1ia=8 l1i=16 l2a=8 l2=512 l3a=16 l3=1024 robc=10 robd=2 robw=512   1.5034   1.0608    50.78    25.06  Strongly Sust.
  bpt=pentium_m l1da=4 l1d=64 l1ia=8 l1i=64 l2a=8 l2=512 l3a=16 l3=2048 robc=10 robd=4 robw=128   1.6488   1.0608    53.40    22.41  Strongly Sust.
  bpt=pentium_m l1da=4 l1d=64 l1ia=8 l1i=64 l2a=8 l2=512 l3a=16 l3=2048 robc=8 robd=4 robw=128   1.6488   1.0607    53.40    22.41  Strongly Sust.
  bp=512 bpt=a53 l1da=8 l1d=64 l1ia=8 l1i=16 l2a=8 l2=512 l3a=16 l3=4096 nhist=2 robc=10 robd=2 robw=256   1.7280   1.0606    66.19    19.35  Strongly Sust.
  bp=512 bpt=a53 l1da=8 l1d=64 l1ia=8 l1i=16 l2a=8 l2=512 l3a=16 l3=1024 nhist=2 robc=10 robd=2 robw=256   2.2291   1.0606    49.29    17.09  Strongly Sust.
  bpt=pentium_m l1da=8 l1d=64 l1ia=8 l1i=16 l2a=8 l2=512 l3a=16 l3=1024 robc=10 robd=2 robw=256   2.2292   1.0605    49.29    17.08  Strongly Sust.
  bpt=nn l1da=8 l1d=64 l1ia=8 l1i=16 l2a=8 l2=512 l3a=16 l3=1024 nnbl=16 nnlr=0.005 robc=10 robd=2 robw=256   2.2293   1.0602    49.29    17.08  Strongly Sust.
  bp=512 bpt=a53 l1da=4 l1d=64 l1ia=4 l1i=16 l2a=4 l2=256 l3a=4 l3=2048 nhist=4 robc=2 robd=2 robw=256   2.6064   1.0018    41.36    15.45  Strongly Sust.
  bpt=nn l1da=4 l1d=64 l1ia=4 l1i=16 l2a=4 l2=256 l3a=4 l3=2048 nnbl=16 nnlr=0.0005 robc=2 robd=2 robw=256   2.6071   1.0001    41.36    15.44  Strongly Sust.
  bpt=pentium_m l1da=4 l1d=16 l1ia=4 l1i=16 l2a=4 l2=256 l3a=4 l3=2048 robc=2 robd=2 robw=256   2.6273   0.9999    40.99    15.36  Strongly Sust.
  bp=512 bpt=a53 l1da=4 l1d=16 l1ia=4 l1i=16 l2a=4 l2=256 l3a=4 l3=2048 nhist=4 robc=2 robd=2 robw=256   2.6273   0.9997    40.99    15.36  Strongly Sust.
  bpt=tage l1da=4 l1d=64 l1ia=4 l1i=32 l2a=4 l2=128 l3a=16 l3=2048 robc=4 robd=2 robw=64   2.7216   0.9747    40.44    14.89  Strongly Sust.
  bpt=nn l1da=4 l1d=64 l1ia=4 l1i=32 l2a=8 l2=128 l3a=4 l3=1024 nnbl=64 nnlr=0.0005 robc=8 robd=2 robw=32   3.0414   0.9746    33.46    13.95  Strongly Sust.
  bp=512 bpt=a53 l1da=4 l1d=16 l1ia=4 l1i=32 l2a=8 l2=128 l3a=4 l3=1024 nhist=3 robc=8 robd=2 robw=32   3.0671   0.9725    33.09    13.87  Strongly Sust.
  bp=512 bpt=a53 l1da=4 l1d=16 l1ia=4 l1i=32 l2a=8 l2=128 l3a=4 l3=1024 nhist=4 robc=10 robd=2 robw=32   3.0671   0.9724    33.09    13.87  Strongly Sust.
  bpt=tage l1da=4 l1d=16 l1ia=4 l1i=32 l2a=8 l2=128 l3a=4 l3=1024 robc=2 robd=2 robw=32   3.0672   0.9723    33.09    13.87  Strongly Sust.
  bp=512 bpt=a53 l1da=4 l1d=16 l1ia=4 l1i=32 l2a=8 l2=128 l3a=4 l3=1024 nhist=4 robc=8 robd=2 robw=32   3.0672   0.9723    33.09    13.87  Strongly Sust.
  bpt=nn l1da=4 l1d=16 l1ia=4 l1i=32 l2a=8 l2=128 l3a=4 l3=1024 nnbl=16 nnlr=0.0005 robc=10 robd=2 robw=32   3.0675   0.9717    33.09    13.87  Strongly Sust.
  bpt=nn l1da=4 l1d=16 l1ia=4 l1i=32 l2a=8 l2=128 l3a=4 l3=1024 nnbl=64 nnlr=0.005 robc=2 robd=2 robw=32   3.0681   0.9706    33.09    13.86  Strongly Sust.
  bpt=nn l1da=4 l1d=16 l1ia=4 l1i=32 l2a=8 l2=128 l3a=4 l3=1024 nnbl=64 nnlr=0.005 robc=10 robd=2 robw=32   3.0682   0.9703    33.09    13.86  Strongly Sust.
  bpt=nn l1da=4 l1d=16 l1ia=4 l1i=32 l2a=8 l2=128 l3a=4 l3=1024 nnbl=32 nnlr=0.0005 robc=10 robd=2 robw=32   3.0684   0.9700    33.09    13.86  Strongly Sust.
  bpt=nn l1da=4 l1d=16 l1ia=4 l1i=32 l2a=8 l2=128 l3a=4 l3=1024 nnbl=32 nnlr=0.0005 robc=8 robd=2 robw=32   3.0688   0.9692    33.09    13.86  Strongly Sust.
  bpt=nn l1da=4 l1d=16 l1ia=4 l1i=32 l2a=8 l2=128 l3a=4 l3=1024 nnbl=64 nnlr=0.0005 robc=8 robd=2 robw=32   3.0814   0.9447    33.09    13.80  Strongly Sust.
  Ran sniper 1 time this iteration (60 total).

=== Iteration 55 ===
  Evaluating 1 configuration(s) (top acquisition score of 400 candidates)...
  [mesmo] bp=1024 bpt=a53 l1da=8 l1d=64 l1ia=4 l1i=64 l2a=8 l2=512 l3a=4 l3=4096 nhist=2 robc=10 robd=10 robw=64  ASI= 0.4682  S=1.0606  A=  83.66  P= 61.18  [Unsustainable]
  Deleted 1 non-Pareto output directory.

  Pareto front after iteration 55 (24 points, HV=3.2056):
  Params                                  ASI  Speedup     Area  PeakPow  Region
  ──────────────────────────────────────────────────────────────────────────────
  bpt=pentium_m l1da=8 l1d=64 l1ia=8 l1i=16 l2a=4 l2=512 l3a=8 l3=4096 robc=10 robd=2 robw=1024   0.8626   1.0609    70.94    37.26  Unsustainable
  bpt=pentium_m l1da=8 l1d=64 l1ia=8 l1i=16 l2a=8 l2=512 l3a=16 l3=1024 robc=10 robd=2 robw=512   1.5034   1.0608    50.78    25.06  Strongly Sust.
  bpt=pentium_m l1da=4 l1d=64 l1ia=8 l1i=64 l2a=8 l2=512 l3a=16 l3=2048 robc=10 robd=4 robw=128   1.6488   1.0608    53.40    22.41  Strongly Sust.
  bpt=pentium_m l1da=4 l1d=64 l1ia=8 l1i=64 l2a=8 l2=512 l3a=16 l3=2048 robc=8 robd=4 robw=128   1.6488   1.0607    53.40    22.41  Strongly Sust.
  bp=512 bpt=a53 l1da=8 l1d=64 l1ia=8 l1i=16 l2a=8 l2=512 l3a=16 l3=4096 nhist=2 robc=10 robd=2 robw=256   1.7280   1.0606    66.19    19.35  Strongly Sust.
  bp=512 bpt=a53 l1da=8 l1d=64 l1ia=8 l1i=16 l2a=8 l2=512 l3a=16 l3=1024 nhist=2 robc=10 robd=2 robw=256   2.2291   1.0606    49.29    17.09  Strongly Sust.
  bpt=pentium_m l1da=8 l1d=64 l1ia=8 l1i=16 l2a=8 l2=512 l3a=16 l3=1024 robc=10 robd=2 robw=256   2.2292   1.0605    49.29    17.08  Strongly Sust.
  bpt=nn l1da=8 l1d=64 l1ia=8 l1i=16 l2a=8 l2=512 l3a=16 l3=1024 nnbl=16 nnlr=0.005 robc=10 robd=2 robw=256   2.2293   1.0602    49.29    17.08  Strongly Sust.
  bp=512 bpt=a53 l1da=4 l1d=64 l1ia=4 l1i=16 l2a=4 l2=256 l3a=4 l3=2048 nhist=4 robc=2 robd=2 robw=256   2.6064   1.0018    41.36    15.45  Strongly Sust.
  bpt=nn l1da=4 l1d=64 l1ia=4 l1i=16 l2a=4 l2=256 l3a=4 l3=2048 nnbl=16 nnlr=0.0005 robc=2 robd=2 robw=256   2.6071   1.0001    41.36    15.44  Strongly Sust.
  bpt=pentium_m l1da=4 l1d=16 l1ia=4 l1i=16 l2a=4 l2=256 l3a=4 l3=2048 robc=2 robd=2 robw=256   2.6273   0.9999    40.99    15.36  Strongly Sust.
  bp=512 bpt=a53 l1da=4 l1d=16 l1ia=4 l1i=16 l2a=4 l2=256 l3a=4 l3=2048 nhist=4 robc=2 robd=2 robw=256   2.6273   0.9997    40.99    15.36  Strongly Sust.
  bpt=tage l1da=4 l1d=64 l1ia=4 l1i=32 l2a=4 l2=128 l3a=16 l3=2048 robc=4 robd=2 robw=64   2.7216   0.9747    40.44    14.89  Strongly Sust.
  bpt=nn l1da=4 l1d=64 l1ia=4 l1i=32 l2a=8 l2=128 l3a=4 l3=1024 nnbl=64 nnlr=0.0005 robc=8 robd=2 robw=32   3.0414   0.9746    33.46    13.95  Strongly Sust.
  bp=512 bpt=a53 l1da=4 l1d=16 l1ia=4 l1i=32 l2a=8 l2=128 l3a=4 l3=1024 nhist=3 robc=8 robd=2 robw=32   3.0671   0.9725    33.09    13.87  Strongly Sust.
  bp=512 bpt=a53 l1da=4 l1d=16 l1ia=4 l1i=32 l2a=8 l2=128 l3a=4 l3=1024 nhist=4 robc=10 robd=2 robw=32   3.0671   0.9724    33.09    13.87  Strongly Sust.
  bpt=tage l1da=4 l1d=16 l1ia=4 l1i=32 l2a=8 l2=128 l3a=4 l3=1024 robc=2 robd=2 robw=32   3.0672   0.9723    33.09    13.87  Strongly Sust.
  bp=512 bpt=a53 l1da=4 l1d=16 l1ia=4 l1i=32 l2a=8 l2=128 l3a=4 l3=1024 nhist=4 robc=8 robd=2 robw=32   3.0672   0.9723    33.09    13.87  Strongly Sust.
  bpt=nn l1da=4 l1d=16 l1ia=4 l1i=32 l2a=8 l2=128 l3a=4 l3=1024 nnbl=16 nnlr=0.0005 robc=10 robd=2 robw=32   3.0675   0.9717    33.09    13.87  Strongly Sust.
  bpt=nn l1da=4 l1d=16 l1ia=4 l1i=32 l2a=8 l2=128 l3a=4 l3=1024 nnbl=64 nnlr=0.005 robc=2 robd=2 robw=32   3.0681   0.9706    33.09    13.86  Strongly Sust.
  bpt=nn l1da=4 l1d=16 l1ia=4 l1i=32 l2a=8 l2=128 l3a=4 l3=1024 nnbl=64 nnlr=0.005 robc=10 robd=2 robw=32   3.0682   0.9703    33.09    13.86  Strongly Sust.
  bpt=nn l1da=4 l1d=16 l1ia=4 l1i=32 l2a=8 l2=128 l3a=4 l3=1024 nnbl=32 nnlr=0.0005 robc=10 robd=2 robw=32   3.0684   0.9700    33.09    13.86  Strongly Sust.
  bpt=nn l1da=4 l1d=16 l1ia=4 l1i=32 l2a=8 l2=128 l3a=4 l3=1024 nnbl=32 nnlr=0.0005 robc=8 robd=2 robw=32   3.0688   0.9692    33.09    13.86  Strongly Sust.
  bpt=nn l1da=4 l1d=16 l1ia=4 l1i=32 l2a=8 l2=128 l3a=4 l3=1024 nnbl=64 nnlr=0.0005 robc=8 robd=2 robw=32   3.0814   0.9447    33.09    13.80  Strongly Sust.
  Ran sniper 1 time this iteration (61 total).

=== Iteration 56 ===
  Evaluating 1 configuration(s) (top acquisition score of 400 candidates)...
  [mesmo] bpt=nn l1da=4 l1d=64 l1ia=4 l1i=32 l2a=8 l2=128 l3a=4 l3=1024 nnbl=64 nnlr=0.0005 robc=10 robd=2 robw=32  ASI= 3.0479  S=0.9619  A=  33.46  P= 13.92  [Strongly Sust.]
  Deleted 1 non-Pareto output directory.

  Pareto front after iteration 56 (24 points, HV=3.2056):
  Params                                  ASI  Speedup     Area  PeakPow  Region
  ──────────────────────────────────────────────────────────────────────────────
  bpt=pentium_m l1da=8 l1d=64 l1ia=8 l1i=16 l2a=4 l2=512 l3a=8 l3=4096 robc=10 robd=2 robw=1024   0.8626   1.0609    70.94    37.26  Unsustainable
  bpt=pentium_m l1da=8 l1d=64 l1ia=8 l1i=16 l2a=8 l2=512 l3a=16 l3=1024 robc=10 robd=2 robw=512   1.5034   1.0608    50.78    25.06  Strongly Sust.
  bpt=pentium_m l1da=4 l1d=64 l1ia=8 l1i=64 l2a=8 l2=512 l3a=16 l3=2048 robc=10 robd=4 robw=128   1.6488   1.0608    53.40    22.41  Strongly Sust.
  bpt=pentium_m l1da=4 l1d=64 l1ia=8 l1i=64 l2a=8 l2=512 l3a=16 l3=2048 robc=8 robd=4 robw=128   1.6488   1.0607    53.40    22.41  Strongly Sust.
  bp=512 bpt=a53 l1da=8 l1d=64 l1ia=8 l1i=16 l2a=8 l2=512 l3a=16 l3=4096 nhist=2 robc=10 robd=2 robw=256   1.7280   1.0606    66.19    19.35  Strongly Sust.
  bp=512 bpt=a53 l1da=8 l1d=64 l1ia=8 l1i=16 l2a=8 l2=512 l3a=16 l3=1024 nhist=2 robc=10 robd=2 robw=256   2.2291   1.0606    49.29    17.09  Strongly Sust.
  bpt=pentium_m l1da=8 l1d=64 l1ia=8 l1i=16 l2a=8 l2=512 l3a=16 l3=1024 robc=10 robd=2 robw=256   2.2292   1.0605    49.29    17.08  Strongly Sust.
  bpt=nn l1da=8 l1d=64 l1ia=8 l1i=16 l2a=8 l2=512 l3a=16 l3=1024 nnbl=16 nnlr=0.005 robc=10 robd=2 robw=256   2.2293   1.0602    49.29    17.08  Strongly Sust.
  bp=512 bpt=a53 l1da=4 l1d=64 l1ia=4 l1i=16 l2a=4 l2=256 l3a=4 l3=2048 nhist=4 robc=2 robd=2 robw=256   2.6064   1.0018    41.36    15.45  Strongly Sust.
  bpt=nn l1da=4 l1d=64 l1ia=4 l1i=16 l2a=4 l2=256 l3a=4 l3=2048 nnbl=16 nnlr=0.0005 robc=2 robd=2 robw=256   2.6071   1.0001    41.36    15.44  Strongly Sust.
  bpt=pentium_m l1da=4 l1d=16 l1ia=4 l1i=16 l2a=4 l2=256 l3a=4 l3=2048 robc=2 robd=2 robw=256   2.6273   0.9999    40.99    15.36  Strongly Sust.
  bp=512 bpt=a53 l1da=4 l1d=16 l1ia=4 l1i=16 l2a=4 l2=256 l3a=4 l3=2048 nhist=4 robc=2 robd=2 robw=256   2.6273   0.9997    40.99    15.36  Strongly Sust.
  bpt=tage l1da=4 l1d=64 l1ia=4 l1i=32 l2a=4 l2=128 l3a=16 l3=2048 robc=4 robd=2 robw=64   2.7216   0.9747    40.44    14.89  Strongly Sust.
  bpt=nn l1da=4 l1d=64 l1ia=4 l1i=32 l2a=8 l2=128 l3a=4 l3=1024 nnbl=64 nnlr=0.0005 robc=8 robd=2 robw=32   3.0414   0.9746    33.46    13.95  Strongly Sust.
  bp=512 bpt=a53 l1da=4 l1d=16 l1ia=4 l1i=32 l2a=8 l2=128 l3a=4 l3=1024 nhist=3 robc=8 robd=2 robw=32   3.0671   0.9725    33.09    13.87  Strongly Sust.
  bp=512 bpt=a53 l1da=4 l1d=16 l1ia=4 l1i=32 l2a=8 l2=128 l3a=4 l3=1024 nhist=4 robc=10 robd=2 robw=32   3.0671   0.9724    33.09    13.87  Strongly Sust.
  bpt=tage l1da=4 l1d=16 l1ia=4 l1i=32 l2a=8 l2=128 l3a=4 l3=1024 robc=2 robd=2 robw=32   3.0672   0.9723    33.09    13.87  Strongly Sust.
  bp=512 bpt=a53 l1da=4 l1d=16 l1ia=4 l1i=32 l2a=8 l2=128 l3a=4 l3=1024 nhist=4 robc=8 robd=2 robw=32   3.0672   0.9723    33.09    13.87  Strongly Sust.
  bpt=nn l1da=4 l1d=16 l1ia=4 l1i=32 l2a=8 l2=128 l3a=4 l3=1024 nnbl=16 nnlr=0.0005 robc=10 robd=2 robw=32   3.0675   0.9717    33.09    13.87  Strongly Sust.
  bpt=nn l1da=4 l1d=16 l1ia=4 l1i=32 l2a=8 l2=128 l3a=4 l3=1024 nnbl=64 nnlr=0.005 robc=2 robd=2 robw=32   3.0681   0.9706    33.09    13.86  Strongly Sust.
  bpt=nn l1da=4 l1d=16 l1ia=4 l1i=32 l2a=8 l2=128 l3a=4 l3=1024 nnbl=64 nnlr=0.005 robc=10 robd=2 robw=32   3.0682   0.9703    33.09    13.86  Strongly Sust.
  bpt=nn l1da=4 l1d=16 l1ia=4 l1i=32 l2a=8 l2=128 l3a=4 l3=1024 nnbl=32 nnlr=0.0005 robc=10 robd=2 robw=32   3.0684   0.9700    33.09    13.86  Strongly Sust.
  bpt=nn l1da=4 l1d=16 l1ia=4 l1i=32 l2a=8 l2=128 l3a=4 l3=1024 nnbl=32 nnlr=0.0005 robc=8 robd=2 robw=32   3.0688   0.9692    33.09    13.86  Strongly Sust.
  bpt=nn l1da=4 l1d=16 l1ia=4 l1i=32 l2a=8 l2=128 l3a=4 l3=1024 nnbl=64 nnlr=0.0005 robc=8 robd=2 robw=32   3.0814   0.9447    33.09    13.80  Strongly Sust.
  Ran sniper 1 time this iteration (62 total).

=== Iteration 57 ===
  Evaluating 1 configuration(s) (top acquisition score of 400 candidates)...
  [mesmo] bp=512 bpt=a53 l1da=8 l1d=64 l1ia=8 l1i=16 l2a=8 l2=512 l3a=16 l3=4096 nhist=2 robc=10 robd=2 robw=1024  ASI= 0.8634  S=1.0606  A=  70.65  P= 37.32  [Unsustainable]
  Deleted 1 non-Pareto output directory.

  Pareto front after iteration 57 (24 points, HV=3.2056):
  Params                                  ASI  Speedup     Area  PeakPow  Region
  ──────────────────────────────────────────────────────────────────────────────
  bpt=pentium_m l1da=8 l1d=64 l1ia=8 l1i=16 l2a=4 l2=512 l3a=8 l3=4096 robc=10 robd=2 robw=1024   0.8626   1.0609    70.94    37.26  Unsustainable
  bpt=pentium_m l1da=8 l1d=64 l1ia=8 l1i=16 l2a=8 l2=512 l3a=16 l3=1024 robc=10 robd=2 robw=512   1.5034   1.0608    50.78    25.06  Strongly Sust.
  bpt=pentium_m l1da=4 l1d=64 l1ia=8 l1i=64 l2a=8 l2=512 l3a=16 l3=2048 robc=10 robd=4 robw=128   1.6488   1.0608    53.40    22.41  Strongly Sust.
  bpt=pentium_m l1da=4 l1d=64 l1ia=8 l1i=64 l2a=8 l2=512 l3a=16 l3=2048 robc=8 robd=4 robw=128   1.6488   1.0607    53.40    22.41  Strongly Sust.
  bp=512 bpt=a53 l1da=8 l1d=64 l1ia=8 l1i=16 l2a=8 l2=512 l3a=16 l3=4096 nhist=2 robc=10 robd=2 robw=256   1.7280   1.0606    66.19    19.35  Strongly Sust.
  bp=512 bpt=a53 l1da=8 l1d=64 l1ia=8 l1i=16 l2a=8 l2=512 l3a=16 l3=1024 nhist=2 robc=10 robd=2 robw=256   2.2291   1.0606    49.29    17.09  Strongly Sust.
  bpt=pentium_m l1da=8 l1d=64 l1ia=8 l1i=16 l2a=8 l2=512 l3a=16 l3=1024 robc=10 robd=2 robw=256   2.2292   1.0605    49.29    17.08  Strongly Sust.
  bpt=nn l1da=8 l1d=64 l1ia=8 l1i=16 l2a=8 l2=512 l3a=16 l3=1024 nnbl=16 nnlr=0.005 robc=10 robd=2 robw=256   2.2293   1.0602    49.29    17.08  Strongly Sust.
  bp=512 bpt=a53 l1da=4 l1d=64 l1ia=4 l1i=16 l2a=4 l2=256 l3a=4 l3=2048 nhist=4 robc=2 robd=2 robw=256   2.6064   1.0018    41.36    15.45  Strongly Sust.
  bpt=nn l1da=4 l1d=64 l1ia=4 l1i=16 l2a=4 l2=256 l3a=4 l3=2048 nnbl=16 nnlr=0.0005 robc=2 robd=2 robw=256   2.6071   1.0001    41.36    15.44  Strongly Sust.
  bpt=pentium_m l1da=4 l1d=16 l1ia=4 l1i=16 l2a=4 l2=256 l3a=4 l3=2048 robc=2 robd=2 robw=256   2.6273   0.9999    40.99    15.36  Strongly Sust.
  bp=512 bpt=a53 l1da=4 l1d=16 l1ia=4 l1i=16 l2a=4 l2=256 l3a=4 l3=2048 nhist=4 robc=2 robd=2 robw=256   2.6273   0.9997    40.99    15.36  Strongly Sust.
  bpt=tage l1da=4 l1d=64 l1ia=4 l1i=32 l2a=4 l2=128 l3a=16 l3=2048 robc=4 robd=2 robw=64   2.7216   0.9747    40.44    14.89  Strongly Sust.
  bpt=nn l1da=4 l1d=64 l1ia=4 l1i=32 l2a=8 l2=128 l3a=4 l3=1024 nnbl=64 nnlr=0.0005 robc=8 robd=2 robw=32   3.0414   0.9746    33.46    13.95  Strongly Sust.
  bp=512 bpt=a53 l1da=4 l1d=16 l1ia=4 l1i=32 l2a=8 l2=128 l3a=4 l3=1024 nhist=3 robc=8 robd=2 robw=32   3.0671   0.9725    33.09    13.87  Strongly Sust.
  bp=512 bpt=a53 l1da=4 l1d=16 l1ia=4 l1i=32 l2a=8 l2=128 l3a=4 l3=1024 nhist=4 robc=10 robd=2 robw=32   3.0671   0.9724    33.09    13.87  Strongly Sust.
  bpt=tage l1da=4 l1d=16 l1ia=4 l1i=32 l2a=8 l2=128 l3a=4 l3=1024 robc=2 robd=2 robw=32   3.0672   0.9723    33.09    13.87  Strongly Sust.
  bp=512 bpt=a53 l1da=4 l1d=16 l1ia=4 l1i=32 l2a=8 l2=128 l3a=4 l3=1024 nhist=4 robc=8 robd=2 robw=32   3.0672   0.9723    33.09    13.87  Strongly Sust.
  bpt=nn l1da=4 l1d=16 l1ia=4 l1i=32 l2a=8 l2=128 l3a=4 l3=1024 nnbl=16 nnlr=0.0005 robc=10 robd=2 robw=32   3.0675   0.9717    33.09    13.87  Strongly Sust.
  bpt=nn l1da=4 l1d=16 l1ia=4 l1i=32 l2a=8 l2=128 l3a=4 l3=1024 nnbl=64 nnlr=0.005 robc=2 robd=2 robw=32   3.0681   0.9706    33.09    13.86  Strongly Sust.
  bpt=nn l1da=4 l1d=16 l1ia=4 l1i=32 l2a=8 l2=128 l3a=4 l3=1024 nnbl=64 nnlr=0.005 robc=10 robd=2 robw=32   3.0682   0.9703    33.09    13.86  Strongly Sust.
  bpt=nn l1da=4 l1d=16 l1ia=4 l1i=32 l2a=8 l2=128 l3a=4 l3=1024 nnbl=32 nnlr=0.0005 robc=10 robd=2 robw=32   3.0684   0.9700    33.09    13.86  Strongly Sust.
  bpt=nn l1da=4 l1d=16 l1ia=4 l1i=32 l2a=8 l2=128 l3a=4 l3=1024 nnbl=32 nnlr=0.0005 robc=8 robd=2 robw=32   3.0688   0.9692    33.09    13.86  Strongly Sust.
  bpt=nn l1da=4 l1d=16 l1ia=4 l1i=32 l2a=8 l2=128 l3a=4 l3=1024 nnbl=64 nnlr=0.0005 robc=8 robd=2 robw=32   3.0814   0.9447    33.09    13.80  Strongly Sust.
  Ran sniper 1 time this iteration (63 total).

=== Iteration 58 ===
  Evaluating 1 configuration(s) (top acquisition score of 400 candidates)...
  [mesmo] bpt=nn l1da=4 l1d=16 l1ia=4 l1i=32 l2a=8 l2=128 l3a=4 l3=2048 nnbl=16 nnlr=0.0005 robc=10 robd=2 robw=32  ASI= 2.7853  S=0.9725  A=  40.04  P= 14.58  [Strongly Sust.]
  Deleted 1 non-Pareto output directory.

  Pareto front after iteration 58 (24 points, HV=3.2056):
  Params                                  ASI  Speedup     Area  PeakPow  Region
  ──────────────────────────────────────────────────────────────────────────────
  bpt=pentium_m l1da=8 l1d=64 l1ia=8 l1i=16 l2a=4 l2=512 l3a=8 l3=4096 robc=10 robd=2 robw=1024   0.8626   1.0609    70.94    37.26  Unsustainable
  bpt=pentium_m l1da=8 l1d=64 l1ia=8 l1i=16 l2a=8 l2=512 l3a=16 l3=1024 robc=10 robd=2 robw=512   1.5034   1.0608    50.78    25.06  Strongly Sust.
  bpt=pentium_m l1da=4 l1d=64 l1ia=8 l1i=64 l2a=8 l2=512 l3a=16 l3=2048 robc=10 robd=4 robw=128   1.6488   1.0608    53.40    22.41  Strongly Sust.
  bpt=pentium_m l1da=4 l1d=64 l1ia=8 l1i=64 l2a=8 l2=512 l3a=16 l3=2048 robc=8 robd=4 robw=128   1.6488   1.0607    53.40    22.41  Strongly Sust.
  bp=512 bpt=a53 l1da=8 l1d=64 l1ia=8 l1i=16 l2a=8 l2=512 l3a=16 l3=4096 nhist=2 robc=10 robd=2 robw=256   1.7280   1.0606    66.19    19.35  Strongly Sust.
  bp=512 bpt=a53 l1da=8 l1d=64 l1ia=8 l1i=16 l2a=8 l2=512 l3a=16 l3=1024 nhist=2 robc=10 robd=2 robw=256   2.2291   1.0606    49.29    17.09  Strongly Sust.
  bpt=pentium_m l1da=8 l1d=64 l1ia=8 l1i=16 l2a=8 l2=512 l3a=16 l3=1024 robc=10 robd=2 robw=256   2.2292   1.0605    49.29    17.08  Strongly Sust.
  bpt=nn l1da=8 l1d=64 l1ia=8 l1i=16 l2a=8 l2=512 l3a=16 l3=1024 nnbl=16 nnlr=0.005 robc=10 robd=2 robw=256   2.2293   1.0602    49.29    17.08  Strongly Sust.
  bp=512 bpt=a53 l1da=4 l1d=64 l1ia=4 l1i=16 l2a=4 l2=256 l3a=4 l3=2048 nhist=4 robc=2 robd=2 robw=256   2.6064   1.0018    41.36    15.45  Strongly Sust.
  bpt=nn l1da=4 l1d=64 l1ia=4 l1i=16 l2a=4 l2=256 l3a=4 l3=2048 nnbl=16 nnlr=0.0005 robc=2 robd=2 robw=256   2.6071   1.0001    41.36    15.44  Strongly Sust.
  bpt=pentium_m l1da=4 l1d=16 l1ia=4 l1i=16 l2a=4 l2=256 l3a=4 l3=2048 robc=2 robd=2 robw=256   2.6273   0.9999    40.99    15.36  Strongly Sust.
  bp=512 bpt=a53 l1da=4 l1d=16 l1ia=4 l1i=16 l2a=4 l2=256 l3a=4 l3=2048 nhist=4 robc=2 robd=2 robw=256   2.6273   0.9997    40.99    15.36  Strongly Sust.
  bpt=tage l1da=4 l1d=64 l1ia=4 l1i=32 l2a=4 l2=128 l3a=16 l3=2048 robc=4 robd=2 robw=64   2.7216   0.9747    40.44    14.89  Strongly Sust.
  bpt=nn l1da=4 l1d=64 l1ia=4 l1i=32 l2a=8 l2=128 l3a=4 l3=1024 nnbl=64 nnlr=0.0005 robc=8 robd=2 robw=32   3.0414   0.9746    33.46    13.95  Strongly Sust.
  bp=512 bpt=a53 l1da=4 l1d=16 l1ia=4 l1i=32 l2a=8 l2=128 l3a=4 l3=1024 nhist=3 robc=8 robd=2 robw=32   3.0671   0.9725    33.09    13.87  Strongly Sust.
  bp=512 bpt=a53 l1da=4 l1d=16 l1ia=4 l1i=32 l2a=8 l2=128 l3a=4 l3=1024 nhist=4 robc=10 robd=2 robw=32   3.0671   0.9724    33.09    13.87  Strongly Sust.
  bpt=tage l1da=4 l1d=16 l1ia=4 l1i=32 l2a=8 l2=128 l3a=4 l3=1024 robc=2 robd=2 robw=32   3.0672   0.9723    33.09    13.87  Strongly Sust.
  bp=512 bpt=a53 l1da=4 l1d=16 l1ia=4 l1i=32 l2a=8 l2=128 l3a=4 l3=1024 nhist=4 robc=8 robd=2 robw=32   3.0672   0.9723    33.09    13.87  Strongly Sust.
  bpt=nn l1da=4 l1d=16 l1ia=4 l1i=32 l2a=8 l2=128 l3a=4 l3=1024 nnbl=16 nnlr=0.0005 robc=10 robd=2 robw=32   3.0675   0.9717    33.09    13.87  Strongly Sust.
  bpt=nn l1da=4 l1d=16 l1ia=4 l1i=32 l2a=8 l2=128 l3a=4 l3=1024 nnbl=64 nnlr=0.005 robc=2 robd=2 robw=32   3.0681   0.9706    33.09    13.86  Strongly Sust.
  bpt=nn l1da=4 l1d=16 l1ia=4 l1i=32 l2a=8 l2=128 l3a=4 l3=1024 nnbl=64 nnlr=0.005 robc=10 robd=2 robw=32   3.0682   0.9703    33.09    13.86  Strongly Sust.
  bpt=nn l1da=4 l1d=16 l1ia=4 l1i=32 l2a=8 l2=128 l3a=4 l3=1024 nnbl=32 nnlr=0.0005 robc=10 robd=2 robw=32   3.0684   0.9700    33.09    13.86  Strongly Sust.
  bpt=nn l1da=4 l1d=16 l1ia=4 l1i=32 l2a=8 l2=128 l3a=4 l3=1024 nnbl=32 nnlr=0.0005 robc=8 robd=2 robw=32   3.0688   0.9692    33.09    13.86  Strongly Sust.
  bpt=nn l1da=4 l1d=16 l1ia=4 l1i=32 l2a=8 l2=128 l3a=4 l3=1024 nnbl=64 nnlr=0.0005 robc=8 robd=2 robw=32   3.0814   0.9447    33.09    13.80  Strongly Sust.
  Ran sniper 1 time this iteration (64 total).

=== Iteration 59 ===
  Evaluating 1 configuration(s) (top acquisition score of 400 candidates)...
  [mesmo] bpt=nn l1da=4 l1d=64 l1ia=4 l1i=64 l2a=4 l2=256 l3a=4 l3=2048 nnbl=16 nnlr=0.0005 robc=2 robd=2 robw=256  ASI= 2.5772  S=1.0001  A=  42.19  P= 15.53  [Strongly Sust.]
  Deleted 1 non-Pareto output directory.

  Pareto front after iteration 59 (24 points, HV=3.2056):
  Params                                  ASI  Speedup     Area  PeakPow  Region
  ──────────────────────────────────────────────────────────────────────────────
  bpt=pentium_m l1da=8 l1d=64 l1ia=8 l1i=16 l2a=4 l2=512 l3a=8 l3=4096 robc=10 robd=2 robw=1024   0.8626   1.0609    70.94    37.26  Unsustainable
  bpt=pentium_m l1da=8 l1d=64 l1ia=8 l1i=16 l2a=8 l2=512 l3a=16 l3=1024 robc=10 robd=2 robw=512   1.5034   1.0608    50.78    25.06  Strongly Sust.
  bpt=pentium_m l1da=4 l1d=64 l1ia=8 l1i=64 l2a=8 l2=512 l3a=16 l3=2048 robc=10 robd=4 robw=128   1.6488   1.0608    53.40    22.41  Strongly Sust.
  bpt=pentium_m l1da=4 l1d=64 l1ia=8 l1i=64 l2a=8 l2=512 l3a=16 l3=2048 robc=8 robd=4 robw=128   1.6488   1.0607    53.40    22.41  Strongly Sust.
  bp=512 bpt=a53 l1da=8 l1d=64 l1ia=8 l1i=16 l2a=8 l2=512 l3a=16 l3=4096 nhist=2 robc=10 robd=2 robw=256   1.7280   1.0606    66.19    19.35  Strongly Sust.
  bp=512 bpt=a53 l1da=8 l1d=64 l1ia=8 l1i=16 l2a=8 l2=512 l3a=16 l3=1024 nhist=2 robc=10 robd=2 robw=256   2.2291   1.0606    49.29    17.09  Strongly Sust.
  bpt=pentium_m l1da=8 l1d=64 l1ia=8 l1i=16 l2a=8 l2=512 l3a=16 l3=1024 robc=10 robd=2 robw=256   2.2292   1.0605    49.29    17.08  Strongly Sust.
  bpt=nn l1da=8 l1d=64 l1ia=8 l1i=16 l2a=8 l2=512 l3a=16 l3=1024 nnbl=16 nnlr=0.005 robc=10 robd=2 robw=256   2.2293   1.0602    49.29    17.08  Strongly Sust.
  bp=512 bpt=a53 l1da=4 l1d=64 l1ia=4 l1i=16 l2a=4 l2=256 l3a=4 l3=2048 nhist=4 robc=2 robd=2 robw=256   2.6064   1.0018    41.36    15.45  Strongly Sust.
  bpt=nn l1da=4 l1d=64 l1ia=4 l1i=16 l2a=4 l2=256 l3a=4 l3=2048 nnbl=16 nnlr=0.0005 robc=2 robd=2 robw=256   2.6071   1.0001    41.36    15.44  Strongly Sust.
  bpt=pentium_m l1da=4 l1d=16 l1ia=4 l1i=16 l2a=4 l2=256 l3a=4 l3=2048 robc=2 robd=2 robw=256   2.6273   0.9999    40.99    15.36  Strongly Sust.
  bp=512 bpt=a53 l1da=4 l1d=16 l1ia=4 l1i=16 l2a=4 l2=256 l3a=4 l3=2048 nhist=4 robc=2 robd=2 robw=256   2.6273   0.9997    40.99    15.36  Strongly Sust.
  bpt=tage l1da=4 l1d=64 l1ia=4 l1i=32 l2a=4 l2=128 l3a=16 l3=2048 robc=4 robd=2 robw=64   2.7216   0.9747    40.44    14.89  Strongly Sust.
  bpt=nn l1da=4 l1d=64 l1ia=4 l1i=32 l2a=8 l2=128 l3a=4 l3=1024 nnbl=64 nnlr=0.0005 robc=8 robd=2 robw=32   3.0414   0.9746    33.46    13.95  Strongly Sust.
  bp=512 bpt=a53 l1da=4 l1d=16 l1ia=4 l1i=32 l2a=8 l2=128 l3a=4 l3=1024 nhist=3 robc=8 robd=2 robw=32   3.0671   0.9725    33.09    13.87  Strongly Sust.
  bp=512 bpt=a53 l1da=4 l1d=16 l1ia=4 l1i=32 l2a=8 l2=128 l3a=4 l3=1024 nhist=4 robc=10 robd=2 robw=32   3.0671   0.9724    33.09    13.87  Strongly Sust.
  bpt=tage l1da=4 l1d=16 l1ia=4 l1i=32 l2a=8 l2=128 l3a=4 l3=1024 robc=2 robd=2 robw=32   3.0672   0.9723    33.09    13.87  Strongly Sust.
  bp=512 bpt=a53 l1da=4 l1d=16 l1ia=4 l1i=32 l2a=8 l2=128 l3a=4 l3=1024 nhist=4 robc=8 robd=2 robw=32   3.0672   0.9723    33.09    13.87  Strongly Sust.
  bpt=nn l1da=4 l1d=16 l1ia=4 l1i=32 l2a=8 l2=128 l3a=4 l3=1024 nnbl=16 nnlr=0.0005 robc=10 robd=2 robw=32   3.0675   0.9717    33.09    13.87  Strongly Sust.
  bpt=nn l1da=4 l1d=16 l1ia=4 l1i=32 l2a=8 l2=128 l3a=4 l3=1024 nnbl=64 nnlr=0.005 robc=2 robd=2 robw=32   3.0681   0.9706    33.09    13.86  Strongly Sust.
  bpt=nn l1da=4 l1d=16 l1ia=4 l1i=32 l2a=8 l2=128 l3a=4 l3=1024 nnbl=64 nnlr=0.005 robc=10 robd=2 robw=32   3.0682   0.9703    33.09    13.86  Strongly Sust.
  bpt=nn l1da=4 l1d=16 l1ia=4 l1i=32 l2a=8 l2=128 l3a=4 l3=1024 nnbl=32 nnlr=0.0005 robc=10 robd=2 robw=32   3.0684   0.9700    33.09    13.86  Strongly Sust.
  bpt=nn l1da=4 l1d=16 l1ia=4 l1i=32 l2a=8 l2=128 l3a=4 l3=1024 nnbl=32 nnlr=0.0005 robc=8 robd=2 robw=32   3.0688   0.9692    33.09    13.86  Strongly Sust.
  bpt=nn l1da=4 l1d=16 l1ia=4 l1i=32 l2a=8 l2=128 l3a=4 l3=1024 nnbl=64 nnlr=0.0005 robc=8 robd=2 robw=32   3.0814   0.9447    33.09    13.80  Strongly Sust.
  Ran sniper 1 time this iteration (65 total).

=== Iteration 60 ===
  Evaluating 1 configuration(s) (top acquisition score of 400 candidates)...
  [mesmo] bpt=nn l1da=8 l1d=16 l1ia=8 l1i=64 l2a=8 l2=256 l3a=4 l3=2048 nnbl=32 nnlr=0.0005 robc=10 robd=2 robw=64  ASI= 2.3996  S=0.9983  A=  46.98  P= 16.14  [Strongly Sust.]
  Deleted 1 non-Pareto output directory.

  Pareto front after iteration 60 (24 points, HV=3.2056):
  Params                                  ASI  Speedup     Area  PeakPow  Region
  ──────────────────────────────────────────────────────────────────────────────
  bpt=pentium_m l1da=8 l1d=64 l1ia=8 l1i=16 l2a=4 l2=512 l3a=8 l3=4096 robc=10 robd=2 robw=1024   0.8626   1.0609    70.94    37.26  Unsustainable
  bpt=pentium_m l1da=8 l1d=64 l1ia=8 l1i=16 l2a=8 l2=512 l3a=16 l3=1024 robc=10 robd=2 robw=512   1.5034   1.0608    50.78    25.06  Strongly Sust.
  bpt=pentium_m l1da=4 l1d=64 l1ia=8 l1i=64 l2a=8 l2=512 l3a=16 l3=2048 robc=10 robd=4 robw=128   1.6488   1.0608    53.40    22.41  Strongly Sust.
  bpt=pentium_m l1da=4 l1d=64 l1ia=8 l1i=64 l2a=8 l2=512 l3a=16 l3=2048 robc=8 robd=4 robw=128   1.6488   1.0607    53.40    22.41  Strongly Sust.
  bp=512 bpt=a53 l1da=8 l1d=64 l1ia=8 l1i=16 l2a=8 l2=512 l3a=16 l3=4096 nhist=2 robc=10 robd=2 robw=256   1.7280   1.0606    66.19    19.35  Strongly Sust.
  bp=512 bpt=a53 l1da=8 l1d=64 l1ia=8 l1i=16 l2a=8 l2=512 l3a=16 l3=1024 nhist=2 robc=10 robd=2 robw=256   2.2291   1.0606    49.29    17.09  Strongly Sust.
  bpt=pentium_m l1da=8 l1d=64 l1ia=8 l1i=16 l2a=8 l2=512 l3a=16 l3=1024 robc=10 robd=2 robw=256   2.2292   1.0605    49.29    17.08  Strongly Sust.
  bpt=nn l1da=8 l1d=64 l1ia=8 l1i=16 l2a=8 l2=512 l3a=16 l3=1024 nnbl=16 nnlr=0.005 robc=10 robd=2 robw=256   2.2293   1.0602    49.29    17.08  Strongly Sust.
  bp=512 bpt=a53 l1da=4 l1d=64 l1ia=4 l1i=16 l2a=4 l2=256 l3a=4 l3=2048 nhist=4 robc=2 robd=2 robw=256   2.6064   1.0018    41.36    15.45  Strongly Sust.
  bpt=nn l1da=4 l1d=64 l1ia=4 l1i=16 l2a=4 l2=256 l3a=4 l3=2048 nnbl=16 nnlr=0.0005 robc=2 robd=2 robw=256   2.6071   1.0001    41.36    15.44  Strongly Sust.
  bpt=pentium_m l1da=4 l1d=16 l1ia=4 l1i=16 l2a=4 l2=256 l3a=4 l3=2048 robc=2 robd=2 robw=256   2.6273   0.9999    40.99    15.36  Strongly Sust.
  bp=512 bpt=a53 l1da=4 l1d=16 l1ia=4 l1i=16 l2a=4 l2=256 l3a=4 l3=2048 nhist=4 robc=2 robd=2 robw=256   2.6273   0.9997    40.99    15.36  Strongly Sust.
  bpt=tage l1da=4 l1d=64 l1ia=4 l1i=32 l2a=4 l2=128 l3a=16 l3=2048 robc=4 robd=2 robw=64   2.7216   0.9747    40.44    14.89  Strongly Sust.
  bpt=nn l1da=4 l1d=64 l1ia=4 l1i=32 l2a=8 l2=128 l3a=4 l3=1024 nnbl=64 nnlr=0.0005 robc=8 robd=2 robw=32   3.0414   0.9746    33.46    13.95  Strongly Sust.
  bp=512 bpt=a53 l1da=4 l1d=16 l1ia=4 l1i=32 l2a=8 l2=128 l3a=4 l3=1024 nhist=3 robc=8 robd=2 robw=32   3.0671   0.9725    33.09    13.87  Strongly Sust.
  bp=512 bpt=a53 l1da=4 l1d=16 l1ia=4 l1i=32 l2a=8 l2=128 l3a=4 l3=1024 nhist=4 robc=10 robd=2 robw=32   3.0671   0.9724    33.09    13.87  Strongly Sust.
  bpt=tage l1da=4 l1d=16 l1ia=4 l1i=32 l2a=8 l2=128 l3a=4 l3=1024 robc=2 robd=2 robw=32   3.0672   0.9723    33.09    13.87  Strongly Sust.
  bp=512 bpt=a53 l1da=4 l1d=16 l1ia=4 l1i=32 l2a=8 l2=128 l3a=4 l3=1024 nhist=4 robc=8 robd=2 robw=32   3.0672   0.9723    33.09    13.87  Strongly Sust.
  bpt=nn l1da=4 l1d=16 l1ia=4 l1i=32 l2a=8 l2=128 l3a=4 l3=1024 nnbl=16 nnlr=0.0005 robc=10 robd=2 robw=32   3.0675   0.9717    33.09    13.87  Strongly Sust.
  bpt=nn l1da=4 l1d=16 l1ia=4 l1i=32 l2a=8 l2=128 l3a=4 l3=1024 nnbl=64 nnlr=0.005 robc=2 robd=2 robw=32   3.0681   0.9706    33.09    13.86  Strongly Sust.
  bpt=nn l1da=4 l1d=16 l1ia=4 l1i=32 l2a=8 l2=128 l3a=4 l3=1024 nnbl=64 nnlr=0.005 robc=10 robd=2 robw=32   3.0682   0.9703    33.09    13.86  Strongly Sust.
  bpt=nn l1da=4 l1d=16 l1ia=4 l1i=32 l2a=8 l2=128 l3a=4 l3=1024 nnbl=32 nnlr=0.0005 robc=10 robd=2 robw=32   3.0684   0.9700    33.09    13.86  Strongly Sust.
  bpt=nn l1da=4 l1d=16 l1ia=4 l1i=32 l2a=8 l2=128 l3a=4 l3=1024 nnbl=32 nnlr=0.0005 robc=8 robd=2 robw=32   3.0688   0.9692    33.09    13.86  Strongly Sust.
  bpt=nn l1da=4 l1d=16 l1ia=4 l1i=32 l2a=8 l2=128 l3a=4 l3=1024 nnbl=64 nnlr=0.0005 robc=8 robd=2 robw=32   3.0814   0.9447    33.09    13.80  Strongly Sust.
  Ran sniper 1 time this iteration (66 total).

Total sniper runs: 66
Final hypervolume: 3.2056

Plot saved → /home/jaco/school/stage/asi/asi-output/pareto_history.png
Plot saved → /home/jaco/school/stage/asi/asi-output/pareto_final.png
=== Final Pareto Front ===
  Params                                  ASI  Speedup     Area  PeakPow  Region
  ──────────────────────────────────────────────────────────────────────────────
  bpt=pentium_m l1da=8 l1d=64 l1ia=8 l1i=16 l2a=4 l2=512 l3a=8 l3=4096 robc=10 robd=2 robw=1024   0.8626   1.0609    70.94    37.26  Unsustainable
  bpt=pentium_m l1da=8 l1d=64 l1ia=8 l1i=16 l2a=8 l2=512 l3a=16 l3=1024 robc=10 robd=2 robw=512   1.5034   1.0608    50.78    25.06  Strongly Sust.
  bpt=pentium_m l1da=4 l1d=64 l1ia=8 l1i=64 l2a=8 l2=512 l3a=16 l3=2048 robc=10 robd=4 robw=128   1.6488   1.0608    53.40    22.41  Strongly Sust.
  bpt=pentium_m l1da=4 l1d=64 l1ia=8 l1i=64 l2a=8 l2=512 l3a=16 l3=2048 robc=8 robd=4 robw=128   1.6488   1.0607    53.40    22.41  Strongly Sust.
  bp=512 bpt=a53 l1da=8 l1d=64 l1ia=8 l1i=16 l2a=8 l2=512 l3a=16 l3=4096 nhist=2 robc=10 robd=2 robw=256   1.7280   1.0606    66.19    19.35  Strongly Sust.
  bp=512 bpt=a53 l1da=8 l1d=64 l1ia=8 l1i=16 l2a=8 l2=512 l3a=16 l3=1024 nhist=2 robc=10 robd=2 robw=256   2.2291   1.0606    49.29    17.09  Strongly Sust.
  bpt=pentium_m l1da=8 l1d=64 l1ia=8 l1i=16 l2a=8 l2=512 l3a=16 l3=1024 robc=10 robd=2 robw=256   2.2292   1.0605    49.29    17.08  Strongly Sust.
  bpt=nn l1da=8 l1d=64 l1ia=8 l1i=16 l2a=8 l2=512 l3a=16 l3=1024 nnbl=16 nnlr=0.005 robc=10 robd=2 robw=256   2.2293   1.0602    49.29    17.08  Strongly Sust.
  bp=512 bpt=a53 l1da=4 l1d=64 l1ia=4 l1i=16 l2a=4 l2=256 l3a=4 l3=2048 nhist=4 robc=2 robd=2 robw=256   2.6064   1.0018    41.36    15.45  Strongly Sust.
  bpt=nn l1da=4 l1d=64 l1ia=4 l1i=16 l2a=4 l2=256 l3a=4 l3=2048 nnbl=16 nnlr=0.0005 robc=2 robd=2 robw=256   2.6071   1.0001    41.36    15.44  Strongly Sust.
  bpt=pentium_m l1da=4 l1d=16 l1ia=4 l1i=16 l2a=4 l2=256 l3a=4 l3=2048 robc=2 robd=2 robw=256   2.6273   0.9999    40.99    15.36  Strongly Sust.
  bp=512 bpt=a53 l1da=4 l1d=16 l1ia=4 l1i=16 l2a=4 l2=256 l3a=4 l3=2048 nhist=4 robc=2 robd=2 robw=256   2.6273   0.9997    40.99    15.36  Strongly Sust.
  bpt=tage l1da=4 l1d=64 l1ia=4 l1i=32 l2a=4 l2=128 l3a=16 l3=2048 robc=4 robd=2 robw=64   2.7216   0.9747    40.44    14.89  Strongly Sust.
  bpt=nn l1da=4 l1d=64 l1ia=4 l1i=32 l2a=8 l2=128 l3a=4 l3=1024 nnbl=64 nnlr=0.0005 robc=8 robd=2 robw=32   3.0414   0.9746    33.46    13.95  Strongly Sust.
  bp=512 bpt=a53 l1da=4 l1d=16 l1ia=4 l1i=32 l2a=8 l2=128 l3a=4 l3=1024 nhist=3 robc=8 robd=2 robw=32   3.0671   0.9725    33.09    13.87  Strongly Sust.
  bp=512 bpt=a53 l1da=4 l1d=16 l1ia=4 l1i=32 l2a=8 l2=128 l3a=4 l3=1024 nhist=4 robc=10 robd=2 robw=32   3.0671   0.9724    33.09    13.87  Strongly Sust.
  bpt=tage l1da=4 l1d=16 l1ia=4 l1i=32 l2a=8 l2=128 l3a=4 l3=1024 robc=2 robd=2 robw=32   3.0672   0.9723    33.09    13.87  Strongly Sust.
  bp=512 bpt=a53 l1da=4 l1d=16 l1ia=4 l1i=32 l2a=8 l2=128 l3a=4 l3=1024 nhist=4 robc=8 robd=2 robw=32   3.0672   0.9723    33.09    13.87  Strongly Sust.
  bpt=nn l1da=4 l1d=16 l1ia=4 l1i=32 l2a=8 l2=128 l3a=4 l3=1024 nnbl=16 nnlr=0.0005 robc=10 robd=2 robw=32   3.0675   0.9717    33.09    13.87  Strongly Sust.
  bpt=nn l1da=4 l1d=16 l1ia=4 l1i=32 l2a=8 l2=128 l3a=4 l3=1024 nnbl=64 nnlr=0.005 robc=2 robd=2 robw=32   3.0681   0.9706    33.09    13.86  Strongly Sust.
  bpt=nn l1da=4 l1d=16 l1ia=4 l1i=32 l2a=8 l2=128 l3a=4 l3=1024 nnbl=64 nnlr=0.005 robc=10 robd=2 robw=32   3.0682   0.9703    33.09    13.86  Strongly Sust.
  bpt=nn l1da=4 l1d=16 l1ia=4 l1i=32 l2a=8 l2=128 l3a=4 l3=1024 nnbl=32 nnlr=0.0005 robc=10 robd=2 robw=32   3.0684   0.9700    33.09    13.86  Strongly Sust.
  bpt=nn l1da=4 l1d=16 l1ia=4 l1i=32 l2a=8 l2=128 l3a=4 l3=1024 nnbl=32 nnlr=0.0005 robc=8 robd=2 robw=32   3.0688   0.9692    33.09    13.86  Strongly Sust.
  bpt=nn l1da=4 l1d=16 l1ia=4 l1i=32 l2a=8 l2=128 l3a=4 l3=1024 nnbl=64 nnlr=0.0005 robc=8 robd=2 robw=32   3.0814   0.9447    33.09    13.80  Strongly Sust.
